Spotify URI,Voter ID,Created,Points Assigned,Comment,Round ID
spotify:track:0dv1w0npDQliBX9HSVT3hg,c2908202c05c4119b9af99d832f55b9b,2026-06-04T18:04:06Z,-1,"While I certainly like the retro stylings of Iceage the country beat of this one does not suit the lyrics, perhaps a bit too Dylan for me.",3da19f637b3e4d3e93a868b44102e4ae
spotify:track:0k9JIBszlCqCa4SpXI353F,c2908202c05c4119b9af99d832f55b9b,2026-06-04T18:04:06Z,-2,I greatly appreciate the brevity.,3da19f637b3e4d3e93a868b44102e4ae
spotify:track:0R0jrqAOaFtDSDSaUEvpN2,c2908202c05c4119b9af99d832f55b9b,2026-06-04T18:04:06Z,1,thank you for avoiding the 21st century with this selection!,3da19f637b3e4d3e93a868b44102e4ae
spotify:track:0rY4LJe7trV2DaNuD5pwjG,c2908202c05c4119b9af99d832f55b9b,2026-06-04T18:04:06Z,0,This song reminds me that I used to be part of a Mark Eitzel e-mail list and at the end of the year people would vote on their favorite albums and I'd make a mix cassette of songs from the top picks and half of it would be sad stuff like this.  I'll stick with Richard Hawley.,3da19f637b3e4d3e93a868b44102e4ae
spotify:track:0Xv42V70k6KSOxHCaW0QWF,c2908202c05c4119b9af99d832f55b9b,2026-06-04T18:04:06Z,0,"Tanya Donelly does live near the post office, but instead of sifting through her solo stuff I just went one town over.  We saw him once at a restaurant that clears out the tables and puts up a makeshift stage for shows at night and we were the last ones eating so we found ourselves in the middle of a gaggle of patrons waiting for us to finish/the show to begin.  Oh yeah, and I'm a sucker for songs where the lyrics in the chorus change each time around.",3da19f637b3e4d3e93a868b44102e4ae
spotify:track:1Hv1VTm8zeOeybub15mA2R,c2908202c05c4119b9af99d832f55b9b,2026-06-04T18:04:06Z,3,As I continue to age the thought of hearing a great song over and over and over again excites me much more than it used to.,3da19f637b3e4d3e93a868b44102e4ae
spotify:track:1YzNHqhyj7j8A0CL30lUgd,c2908202c05c4119b9af99d832f55b9b,2026-06-04T18:04:06Z,1,I wouldn't have taken the assignment so literally.  It made me think of Suicide.,3da19f637b3e4d3e93a868b44102e4ae
spotify:track:2b3zAIU06DRxvl7PehalzZ,c2908202c05c4119b9af99d832f55b9b,2026-06-04T18:04:06Z,0,At least you're well acquainted with the concept of doing the best with what you got.  (I would have cheated),3da19f637b3e4d3e93a868b44102e4ae
spotify:track:43TN8zLpTz75TIvWSZ6cr3,c2908202c05c4119b9af99d832f55b9b,2026-06-04T18:04:06Z,6,"This exact song was on my Favorites of 2024 backup mix.  Unfortunately they had to cancel their tour date here, would have loved to see them perform this live.  This is my gold medal winner.",3da19f637b3e4d3e93a868b44102e4ae
spotify:track:4vTF6h1NrPvRtrOCZQJzKw,c2908202c05c4119b9af99d832f55b9b,2026-06-04T18:04:06Z,2,"This sparse art-punk sound was a very specific British thing from 78-81, it's very rare to hear it migrate outside the UK.",3da19f637b3e4d3e93a868b44102e4ae
spotify:track:5BAJDNTutBFJL27pKunac1,c2908202c05c4119b9af99d832f55b9b,2026-06-04T18:04:06Z,3,"The Chromatics are the pinnacle of this type of dreamy new wave retro sound, and it gets an extra point for being a remix I've never heard before.",3da19f637b3e4d3e93a868b44102e4ae
spotify:track:5sJiLlgQKBL81QCTOkoLB5,c2908202c05c4119b9af99d832f55b9b,2026-06-04T18:04:06Z,2,(checks notes) I've never played this one on my show.  Well that's about to change!,3da19f637b3e4d3e93a868b44102e4ae
spotify:track:5UIRG5DrJ3bjOo0RpjEZyI,c2908202c05c4119b9af99d832f55b9b,2026-06-04T18:04:06Z,0,Bang On A Can do a festival around here every year and while I do appreciate the effort and execution I also studiously avoid the event.,3da19f637b3e4d3e93a868b44102e4ae
spotify:track:6CGk7ABnnWh2dHlT59R255,c2908202c05c4119b9af99d832f55b9b,2026-06-04T18:04:06Z,0,"I have this on vinyl.  No, I'm not trying to impress you.",3da19f637b3e4d3e93a868b44102e4ae
spotify:track:71b4qdVOOUJoWG5ey7DOsp,c2908202c05c4119b9af99d832f55b9b,2026-06-04T18:04:06Z,-2,I'll take your word for it that they're best experienced live.  I tend to think most of the recent bands who remind me of The Fall are actually much better than The Fall.  This isn't one of them.,3da19f637b3e4d3e93a868b44102e4ae
spotify:track:75GQIYnRaBg7ndHxhfYuQy,c2908202c05c4119b9af99d832f55b9b,2026-06-04T18:04:06Z,5,My favorite thing about the Raspberries is how quickly they dispense with the verse to get to the chorus because they know that's what you're craving.  This is an excellent example of that predilection.  The silver medal winner for me.,3da19f637b3e4d3e93a868b44102e4ae
spotify:track:7F6UQyVvrmYAVyxxUF2MhT,c2908202c05c4119b9af99d832f55b9b,2026-06-04T18:04:06Z,1,"I keep trying to trace that lilt in her vocal execution to an late 80's / early 90's parallel.  Voice of the Beehive?  Man, it's so familiar.  Katydids?  It'll hit me eventually.  Downy Mildew!?  Needs to be at least a minute shorter, regardless.",3da19f637b3e4d3e93a868b44102e4ae
spotify:track:7vJSMyOOtIYC1KpeyRNxgt,c2908202c05c4119b9af99d832f55b9b,2026-06-04T18:04:06Z,4,"(checks notes) Well, I have played this one on my show.  But it's been a goddamn long time.  I feel shame!  The bronze medal winner this week.  Thanks for the reminder.",3da19f637b3e4d3e93a868b44102e4ae
spotify:track:0970yaWdsPnVWn8Ej9qfy2,c2908202c05c4119b9af99d832f55b9b,2026-06-04T18:04:06Z,3,"Well, it's certainly Adrian Crowley.  And the strings are a gorgeous touch, very authentically 1970 and certainly elevate this one.",3da19f637b3e4d3e93a868b44102e4ae
spotify:track:7wbdd3b6ZrJllGZuRJtNGV,c2908202c05c4119b9af99d832f55b9b,2026-06-04T18:04:06Z,4," I do enjoy these early melding of electronics and disco, the Euro stuff rarely made it over here to the US and I'm a sucker for anything that sounds like it comes from a Disco Discharge compilation. There's a Massara track I'm particularly obsessed with, and while this doesn't approach the cheese level of that artist the restrained moans are much appreciated.",3da19f637b3e4d3e93a868b44102e4ae
spotify:track:0970yaWdsPnVWn8Ej9qfy2,d0b05394a4f7482b95d5e0aeecbaa33a,2026-06-04T18:38:03Z,3,Actually no sir I will not be downvoting this! Don’t tell me what to do. ,3da19f637b3e4d3e93a868b44102e4ae
spotify:track:0dv1w0npDQliBX9HSVT3hg,d0b05394a4f7482b95d5e0aeecbaa33a,2026-06-04T18:38:03Z,4,Super catchy! Really enjoyed this.,3da19f637b3e4d3e93a868b44102e4ae
spotify:track:0k9JIBszlCqCa4SpXI353F,d0b05394a4f7482b95d5e0aeecbaa33a,2026-06-04T18:38:03Z,-1,This sounds like Perry Farrell reincarnated. Yes I am aware he’s not deceased. ,3da19f637b3e4d3e93a868b44102e4ae
spotify:track:0R0jrqAOaFtDSDSaUEvpN2,d0b05394a4f7482b95d5e0aeecbaa33a,2026-06-04T18:38:03Z,2,I found this to be a refreshing change of pace for my American ears. ,3da19f637b3e4d3e93a868b44102e4ae
spotify:track:0rY4LJe7trV2DaNuD5pwjG,d0b05394a4f7482b95d5e0aeecbaa33a,2026-06-04T18:38:03Z,2,"This, and the grief in your blurb hit me right in the feels.",3da19f637b3e4d3e93a868b44102e4ae
spotify:track:0Xv42V70k6KSOxHCaW0QWF,d0b05394a4f7482b95d5e0aeecbaa33a,2026-06-04T18:38:03Z,2,"Solid, admittedly, I keep getting the bum bum bum part stuck in my head. ",3da19f637b3e4d3e93a868b44102e4ae
spotify:track:1Hv1VTm8zeOeybub15mA2R,d0b05394a4f7482b95d5e0aeecbaa33a,2026-06-04T18:38:03Z,-2,"No town listed (leaves me wondering if it’s somewhere in Essex or London, though) and it’s a song I’ve heard a million times",3da19f637b3e4d3e93a868b44102e4ae
spotify:track:1YzNHqhyj7j8A0CL30lUgd,d0b05394a4f7482b95d5e0aeecbaa33a,2026-06-04T18:38:03Z,3,"I’m really hit or miss with this scene, but this one is doing something for me.",3da19f637b3e4d3e93a868b44102e4ae
spotify:track:2b3zAIU06DRxvl7PehalzZ,d0b05394a4f7482b95d5e0aeecbaa33a,2026-06-04T18:38:03Z,3,I particularly enjoyed how different this song felt from the rest of the list.,3da19f637b3e4d3e93a868b44102e4ae
spotify:track:43TN8zLpTz75TIvWSZ6cr3,d0b05394a4f7482b95d5e0aeecbaa33a,2026-06-04T18:38:03Z,2,"This is my thing, but it sounds like so much I’ve heard before too. Hmmm. ",3da19f637b3e4d3e93a868b44102e4ae
spotify:track:4vTF6h1NrPvRtrOCZQJzKw,d0b05394a4f7482b95d5e0aeecbaa33a,2026-06-04T18:38:03Z,2,Listening to this feels like postpunk gained a corporeal form and smacked me right in the face. ,3da19f637b3e4d3e93a868b44102e4ae
spotify:track:5BAJDNTutBFJL27pKunac1,d0b05394a4f7482b95d5e0aeecbaa33a,2026-06-04T18:38:03Z,3,I’d hire you to make more Portland sample plates (sonic charcuterie??). I really like this. ,3da19f637b3e4d3e93a868b44102e4ae
spotify:track:5sJiLlgQKBL81QCTOkoLB5,d0b05394a4f7482b95d5e0aeecbaa33a,2026-06-04T18:38:03Z,2,"I like some of the spawn of this, not crazy about early EDM but liked this enough to credit w/a few points due to their historical importance.",3da19f637b3e4d3e93a868b44102e4ae
spotify:track:5UIRG5DrJ3bjOo0RpjEZyI,d0b05394a4f7482b95d5e0aeecbaa33a,2026-06-04T18:38:03Z,2,"Hah! Nice, interesting band name too.",3da19f637b3e4d3e93a868b44102e4ae
spotify:track:6CGk7ABnnWh2dHlT59R255,d0b05394a4f7482b95d5e0aeecbaa33a,2026-06-04T18:38:03Z,-1,"Huh, what’s in the water? ",3da19f637b3e4d3e93a868b44102e4ae
spotify:track:71b4qdVOOUJoWG5ey7DOsp,d0b05394a4f7482b95d5e0aeecbaa33a,2026-06-04T18:38:03Z,-1,"This guy was in Portugal The Man?!? Wow, that feels like a totally different planet of a genre compared to this. I feel like this is a bit too brute force for me. I think I’m softening with age.",3da19f637b3e4d3e93a868b44102e4ae
spotify:track:75GQIYnRaBg7ndHxhfYuQy,d0b05394a4f7482b95d5e0aeecbaa33a,2026-06-04T18:38:03Z,1,"I feel like this is something I heard late at night on Chicago classic rock radio, esp with the Midwest connection. Like if The Who and The Beach Boys had a baby.",3da19f637b3e4d3e93a868b44102e4ae
spotify:track:7vJSMyOOtIYC1KpeyRNxgt,d0b05394a4f7482b95d5e0aeecbaa33a,2026-06-04T18:38:03Z,2,Liking this song is proof that you’ve all been an influence on me and why people keep asking me why I have the taste of a Gen X man.,3da19f637b3e4d3e93a868b44102e4ae
spotify:track:7wbdd3b6ZrJllGZuRJtNGV,d0b05394a4f7482b95d5e0aeecbaa33a,2026-06-04T18:38:03Z,2,"I have no preconceived notions about this man, but I like this in the sense that I am entertained and also amused. Also, that’s a very interesting name for a song. ",3da19f637b3e4d3e93a868b44102e4ae
spotify:track:0970yaWdsPnVWn8Ej9qfy2,2841805d6e4f44b1814aa495dc2150c1,2026-06-05T18:27:05Z,2,"Weirdly, my Spotify brings up Rick Redbeard's No Selfish Heart's album cover instead of the above thumbnail.  It's an omen, but I don't know of what. Anyhoo, lovely song.  Bit of Bill Callahan to my ears, always welcome.  ",3da19f637b3e4d3e93a868b44102e4ae
spotify:track:0dv1w0npDQliBX9HSVT3hg,2841805d6e4f44b1814aa495dc2150c1,2026-06-05T18:27:05Z,2,"I know Iceage, but this is new to me.  Jaunty Father John Misty fun.",3da19f637b3e4d3e93a868b44102e4ae
spotify:track:0k9JIBszlCqCa4SpXI353F,2841805d6e4f44b1814aa495dc2150c1,2026-06-05T18:27:05Z,2,"First heard them here in ML.  The Never Enough album is good.  He has a bit of Perry Ferrell in his voice.  Will they be embraced?  Is this the start of a new era of harder, grittier ML?  I have my doubts. ",3da19f637b3e4d3e93a868b44102e4ae
spotify:track:0R0jrqAOaFtDSDSaUEvpN2,2841805d6e4f44b1814aa495dc2150c1,2026-06-05T18:27:05Z,2,"Appreciate this.  If you branch out in ML and run across world music rounds (i.e. non-U.K./U.S. English bands), there are many treasures to be found.  Music and food are good cultural bridges.",3da19f637b3e4d3e93a868b44102e4ae
spotify:track:0rY4LJe7trV2DaNuD5pwjG,2841805d6e4f44b1814aa495dc2150c1,2026-06-05T18:27:05Z,4,"Clever gameplay of Ben to use this before the 'slow songs' round, which it might have won. I have a song keyed up for that which I worry is too emotionally pandering and obvious.  We shall see.  Maybe I'll rate you all less by then.

This is a brilliant version of an already brilliant song.  My room is suddenly dusty.  When will Paul release a second solo album?  He seems like someone who could ring up any talent he wanted to collaborate.  Weird having Paul McGeechan, Chris Thompson, James Grant, and PJ Moore release all their albums since Mid-Air.",3da19f637b3e4d3e93a868b44102e4ae
spotify:track:0Xv42V70k6KSOxHCaW0QWF,2841805d6e4f44b1814aa495dc2150c1,2026-06-05T18:27:05Z,1,How could Keith not have heard of my Jonathan Richman allergy?  Medical journals have won awards for their studies.  Initial DV spun to a vote for its cheer.,3da19f637b3e4d3e93a868b44102e4ae
spotify:track:1Hv1VTm8zeOeybub15mA2R,2841805d6e4f44b1814aa495dc2150c1,2026-06-05T18:27:05Z,-2,"DVs just for lack of comment, needing to use them up.  Unironic love for her.  Happy to have seen her live and know That Voice is the real thing.  Love this album.  Reminds me of Walla Walla in the summer, when I first heard it.  Would have thought ""Young Lion"" was the precursor to a new album, but see: Paul Buchanan.",3da19f637b3e4d3e93a868b44102e4ae
spotify:track:1YzNHqhyj7j8A0CL30lUgd,2841805d6e4f44b1814aa495dc2150c1,2026-06-05T18:27:05Z,2,"Too easy to aim the DVs at the groupthink outliers.  Sonic Youth is a band I've liked what I've heard, while wanting to own the Steely Dan parody LP t-shirt more than the SY album.  All I need is Kool Thing.  Dear Reader: I played Kool Thing after this song.",3da19f637b3e4d3e93a868b44102e4ae
spotify:track:2b3zAIU06DRxvl7PehalzZ,2841805d6e4f44b1814aa495dc2150c1,2026-06-05T18:27:05Z,0,"Maybe I'll get bonus points for not mentioning Twin Peaks. I do think this is a bit better than it has a right to be, for a band playing in our local coffeeshops and bars. The livelier back half of the song is the payoff.  $5 in the hat would be great, even if you didn't come here to hear the music.  Pony up, pal.",3da19f637b3e4d3e93a868b44102e4ae
spotify:track:43TN8zLpTz75TIvWSZ6cr3,2841805d6e4f44b1814aa495dc2150c1,2026-06-05T18:27:05Z,2,"Spotify's algorithm turned me onto KH many years ago with ""Bill Tench"", and I've Bandcamp'd their albums since.  This was my highlight, too, and in my Speaksinging! folder.",3da19f637b3e4d3e93a868b44102e4ae
spotify:track:4vTF6h1NrPvRtrOCZQJzKw,2841805d6e4f44b1814aa495dc2150c1,2026-06-05T18:27:05Z,-2,"Just browsing the 100s of Melbourne bands on Wiki's list, you had a ton to choose from, for sure.  Guilty DVs for liking other songs on the playlist more.  Nothing in the playlist I dislike, this round.",3da19f637b3e4d3e93a868b44102e4ae
spotify:track:5BAJDNTutBFJL27pKunac1,2841805d6e4f44b1814aa495dc2150c1,2026-06-05T18:27:05Z,2,"I don't know the whole Italians Do It Better story, other than Johnny Jewel seems more than a handful of Artistic Temperament.  Maybe Dear Tommy will be released someday.  Have heard Ruth on a few songs since, so glad her career's continued.  Did not know the band's connections with other bands. https://en.wikipedia.org/wiki/Chromatics_(band)",3da19f637b3e4d3e93a868b44102e4ae
spotify:track:5sJiLlgQKBL81QCTOkoLB5,2841805d6e4f44b1814aa495dc2150c1,2026-06-05T18:27:05Z,3,"Nicely chosen.  I'm sidetracked by the idea of a tedious octopus.  ""Have you seen this tentacle?  How about this one?  This one?  This one? ...""",3da19f637b3e4d3e93a868b44102e4ae
spotify:track:5UIRG5DrJ3bjOo0RpjEZyI,2841805d6e4f44b1814aa495dc2150c1,2026-06-05T18:27:05Z,2,"When I was a kid, my folks were friends with a guy who'd bring his hammer dulcimer over to play.  Good memories.  I was wondering how they'd fill a setlist, and see they've got four albums.  Well done them.",3da19f637b3e4d3e93a868b44102e4ae
spotify:track:6CGk7ABnnWh2dHlT59R255,2841805d6e4f44b1814aa495dc2150c1,2026-06-05T18:27:05Z,-1,"Guilty DV for playlist competition.  Wikipedia says The Bolshoi are from Wiltshire, as are Dave Dee, Dozy, Beaky, Mick & Tich.  Is Wiki wrong?  Say it ain't so!  The ""bands from Wiltshire"" list also includes Jesus Jones, so might be conglomerating.  Is that a verb?  I'm instimigating it if it isn't.",3da19f637b3e4d3e93a868b44102e4ae
spotify:track:71b4qdVOOUJoWG5ey7DOsp,2841805d6e4f44b1814aa495dc2150c1,2026-06-05T18:27:05Z,2,The drumming has the power I wish Matt Tong was wielding in Algiers.  I get this feeling this would be an incredibly different live show than Ex-Easter Island Head.,3da19f637b3e4d3e93a868b44102e4ae
spotify:track:75GQIYnRaBg7ndHxhfYuQy,2841805d6e4f44b1814aa495dc2150c1,2026-06-05T18:27:05Z,1,"James Gunn's musical tastes align with my own, so was un/surprised to hear the difficulty he had with the first Guardians soundtrack, convincing execs that his '70s musical vision wasn't ridiculous.  https://www.yahoo.com/entertainment/music/articles/ridiculous-james-gunn-says-not-230845786.html ",3da19f637b3e4d3e93a868b44102e4ae
spotify:track:7F6UQyVvrmYAVyxxUF2MhT,2841805d6e4f44b1814aa495dc2150c1,2026-06-05T18:27:05Z,2,"Illuminating comment. The Window put them on my radar.  I have this new one waiting for me at the Seattle Library.  I'm old.  Where are my glasses? No more coffee, please.  Keeps me up at night. Also, can I have a to-go container for this sandwich?",3da19f637b3e4d3e93a868b44102e4ae
spotify:track:7vJSMyOOtIYC1KpeyRNxgt,2841805d6e4f44b1814aa495dc2150c1,2026-06-05T18:27:05Z,2,"Thanks to another ML round, I had this song Liked, so someone else out there shares your taste.  Good stuff.  They called themselves The at one time.  AI says no connection to The The, and now I'm feeling guilty for harming the planet.",3da19f637b3e4d3e93a868b44102e4ae
spotify:track:7wbdd3b6ZrJllGZuRJtNGV,2841805d6e4f44b1814aa495dc2150c1,2026-06-05T18:27:05Z,4,"So many associations to mind:  Alex Puddu's Danish p0rn soundtracks, ""FLASH!  Aaaah - ah!"", Ladyhawke and Alan Parsons Project, The Keep and Tangerine Dream, Sylvia and Pillow Talk.  Next to Craig Armstrong, my favorite of the round.  High praise.",3da19f637b3e4d3e93a868b44102e4ae
spotify:track:0970yaWdsPnVWn8Ej9qfy2,f269e66e73e246549e5c314009da035e,2026-06-06T09:10:20Z,4,"Gorgeous. That's the kind of voice I go all dreamy for. Plus swoony strings, come on. No downvotes here. And that unresolved ending is killer.",3da19f637b3e4d3e93a868b44102e4ae
spotify:track:0dv1w0npDQliBX9HSVT3hg,f269e66e73e246549e5c314009da035e,2026-06-06T09:10:20Z,2,"Pleasingly wordy, a tumble of syllables that's a bit Dylanesque. Good title, lyrics, vibes. The help-I'm-down-a-well bits lose me a bit. Weirdly, I just discovered when looking him up that he was supposed to be playing in my city *tonight*, but the tour was cancelled.",3da19f637b3e4d3e93a868b44102e4ae
spotify:track:0k9JIBszlCqCa4SpXI353F,f269e66e73e246549e5c314009da035e,2026-06-06T09:10:20Z,1,"Had me doing the bouncy-feet dance, but it feels pretty generic, and not in my comfort zone genres.",3da19f637b3e4d3e93a868b44102e4ae
spotify:track:0R0jrqAOaFtDSDSaUEvpN2,f269e66e73e246549e5c314009da035e,2026-06-06T09:10:20Z,4,"This pick is my kinda sore-thumb-sticking-out. I have no real knowledge of Arabic music, and am going to crudely lump it all together to say that I invariably enjoy it, and here I love the drama of the vocals, the drums and swirling strings which have a bit of a Bollywood feel. Is this style Khaliji? Weird cross-cultural thought, but... is Ahlam the Emirati Kylie (born only a few months apart, even)? A refreshing blast. ",3da19f637b3e4d3e93a868b44102e4ae
spotify:track:0rY4LJe7trV2DaNuD5pwjG,f269e66e73e246549e5c314009da035e,2026-06-06T09:10:20Z,3,"I haven’t loved TBN as much as a lot of you, but oddly, this version’s working better for me, especially in the context of the heartfelt notes. Friends like that are golden, I’m sorry. ",3da19f637b3e4d3e93a868b44102e4ae
spotify:track:0Xv42V70k6KSOxHCaW0QWF,f269e66e73e246549e5c314009da035e,2026-06-06T09:10:20Z,3,"I was going to complain about this being our third Don song, but then I started to smile, so fuck it, this is delightful, especially the bum-bums. This would be a strong contender for the ""funny round"" later on, but here it is. Our best Don yet.",3da19f637b3e4d3e93a868b44102e4ae
spotify:track:1Hv1VTm8zeOeybub15mA2R,f269e66e73e246549e5c314009da035e,2026-06-06T09:10:20Z,-2,"Obligatory DV for blank entry, non-obligatory DV for all the other reasons. Sorry, this song has nothing left for me!",3da19f637b3e4d3e93a868b44102e4ae
spotify:track:1YzNHqhyj7j8A0CL30lUgd,f269e66e73e246549e5c314009da035e,2026-06-06T09:10:20Z,2,"Quite a pleasant racket! And by the by, I’ve just seen that the latest iteration of Shelley/Orcutt/Miller has added David Yow on a Beefheart cover! It's as scungy as you'd hope for.",3da19f637b3e4d3e93a868b44102e4ae
spotify:track:2b3zAIU06DRxvl7PehalzZ,f269e66e73e246549e5c314009da035e,2026-06-06T09:10:20Z,0,"Ooh, I think I'd rather have heard Mother Root, though that's probably a minority opinion. This is sort of sliding on by.",3da19f637b3e4d3e93a868b44102e4ae
spotify:track:43TN8zLpTz75TIvWSZ6cr3,f269e66e73e246549e5c314009da035e,2026-06-06T09:10:20Z,3,"That start is very like if Wet Leg's Rhian guested on Dry Cleaning's vocals, a fantasy I'm perfectly happy with, but it's more than that. ",3da19f637b3e4d3e93a868b44102e4ae
spotify:track:4vTF6h1NrPvRtrOCZQJzKw,f269e66e73e246549e5c314009da035e,2026-06-06T09:10:20Z,0,"""His head was ugly"" is very 70s Strine, by the way. I love how the drummer just lets go of any rhythm in the later cymbal attack.",3da19f637b3e4d3e93a868b44102e4ae
spotify:track:5BAJDNTutBFJL27pKunac1,f269e66e73e246549e5c314009da035e,2026-06-06T09:10:20Z,0,"I’m not that bothered about where every band member hails from, but appreciate your diligence! On the other hand, I remembered the original of this from Twin Peaks: The Return, and although Chromatics are promised a place in Valhalla for playing at the Bang Bang Bar, I have to say that this is an unwelcome remix of a song I like.",3da19f637b3e4d3e93a868b44102e4ae
spotify:track:5sJiLlgQKBL81QCTOkoLB5,f269e66e73e246549e5c314009da035e,2026-06-06T09:10:20Z,-1,"Nice notes, and my head knows that an Atkins/May/Saunderson show is a big deal, but this one, my heart says no. And my booty's deflated these days. ",3da19f637b3e4d3e93a868b44102e4ae
spotify:track:5UIRG5DrJ3bjOo0RpjEZyI,f269e66e73e246549e5c314009da035e,2026-06-06T09:10:20Z,4,"Mid-80s Sonic Youth playing gamelan at Steve Reich's house party, I love this! It’s so up my alley, can’t believe I haven’t heard them before. ",3da19f637b3e4d3e93a868b44102e4ae
spotify:track:6CGk7ABnnWh2dHlT59R255,f269e66e73e246549e5c314009da035e,2026-06-06T09:10:20Z,-2,"I said it for Right Here Right Now and I'm saying it again, Jesus Jones never quite worked for me, and I'm no closer to liking this now, sorry.",3da19f637b3e4d3e93a868b44102e4ae
spotify:track:71b4qdVOOUJoWG5ey7DOsp,f269e66e73e246549e5c314009da035e,2026-06-06T09:10:20Z,2,"Felt kind of weird trying to mosh on my own in the kitchen, but nothing got broken, so all good. ",3da19f637b3e4d3e93a868b44102e4ae
spotify:track:75GQIYnRaBg7ndHxhfYuQy,f269e66e73e246549e5c314009da035e,2026-06-06T09:10:20Z,2,"A nice lesson in active consent, boys, I thought this was going to be one of those ""please baby give it up"" songs then realised it's her doing the asking. It really is several songs in one, the mash-up of influences here is a bit dizzying, but fun.",3da19f637b3e4d3e93a868b44102e4ae
spotify:track:7F6UQyVvrmYAVyxxUF2MhT,f269e66e73e246549e5c314009da035e,2026-06-06T09:10:20Z,2,"Oh but that's modern life to a tee, isn't it? Everybody trying to get each other's attention while also staring into their own personal voids of devices and anxiety? Or is that just me. Enjoyed this, could be a little tighter though at 6 minutes.",3da19f637b3e4d3e93a868b44102e4ae
spotify:track:7vJSMyOOtIYC1KpeyRNxgt,f269e66e73e246549e5c314009da035e,2026-06-06T09:10:20Z,1,"Sort of enjoyed this, but I kept getting through it with nothing much to say about it. ",3da19f637b3e4d3e93a868b44102e4ae
spotify:track:7wbdd3b6ZrJllGZuRJtNGV,f269e66e73e246549e5c314009da035e,2026-06-06T09:10:20Z,2,"When I was a kid and first heard the term “brainwashing”, I thought it was literally the washing of the brain, and was horrified imagining how that might be done - but now, that’s exactly what I need to do to purge the mental images evoked by the squelchy bits here, which seem to be adding bathtub flatulence to the porn menu. It’s perfectly decent electro-disco otherwise. Also, Tommy's hair is extraordinary. ",3da19f637b3e4d3e93a868b44102e4ae
spotify:track:0970yaWdsPnVWn8Ej9qfy2,de4eea8c425949deaa2c55f0c21ccd7d,2026-06-06T15:45:46Z,3,Very pleasant.,3da19f637b3e4d3e93a868b44102e4ae
spotify:track:0dv1w0npDQliBX9HSVT3hg,de4eea8c425949deaa2c55f0c21ccd7d,2026-06-06T15:45:46Z,1,Rambling Dylanesque lyrics. Musically basic.,3da19f637b3e4d3e93a868b44102e4ae
spotify:track:0k9JIBszlCqCa4SpXI353F,de4eea8c425949deaa2c55f0c21ccd7d,2026-06-06T15:45:46Z,2,"I like more than my fair share of 80's hardcore punk, so I enjoyed the first half of the song.  The 2nd half is more in the style of Rage Against the Machine, which is less my thing.",3da19f637b3e4d3e93a868b44102e4ae
spotify:track:0R0jrqAOaFtDSDSaUEvpN2,de4eea8c425949deaa2c55f0c21ccd7d,2026-06-06T15:45:46Z,1,"Oh wow.  Not having much exposure to the music of the Arab world, I am not sure how this piece fits into the whole history of it and how to judge it.  It sounds much like the little I have heard; I don't know that it's a genre that values expansion and experimentation much?  So, just on an immediate aesthetic basis, I can say that I like the percussion, and the singer has a good voice.",3da19f637b3e4d3e93a868b44102e4ae
spotify:track:0rY4LJe7trV2DaNuD5pwjG,de4eea8c425949deaa2c55f0c21ccd7d,2026-06-06T15:45:46Z,2,"I'm sorry for the loss of your valued friend, Ben.  Props to you for being publicly emotional regarding male friendship, a rare thing.
Gorgeous version of an already-gorgeous song, but not really very different from the original.  Would have gotten more points if the same album by Craig A hadn't already been used.",3da19f637b3e4d3e93a868b44102e4ae
spotify:track:0Xv42V70k6KSOxHCaW0QWF,de4eea8c425949deaa2c55f0c21ccd7d,2026-06-06T15:45:46Z,-1,"Smiths cosplay mixed with Them's ""Gloria"" or The Velvet Undergrounds' ""Rock & Roll"".
He has already been used twice, which is not acceptable.  Check the spreadsheet, noob.",3da19f637b3e4d3e93a868b44102e4ae
spotify:track:1Hv1VTm8zeOeybub15mA2R,de4eea8c425949deaa2c55f0c21ccd7d,2026-06-06T15:45:46Z,-2,"If you had to choose her, you should have used a song that wasn't so overexposed.  Try to amaze and surprise us instead, noob.",3da19f637b3e4d3e93a868b44102e4ae
spotify:track:1YzNHqhyj7j8A0CL30lUgd,de4eea8c425949deaa2c55f0c21ccd7d,2026-06-06T15:45:46Z,2,"Neat story.  A tasty little appetizer of a song.  Not a whole meal, though.  Reminds me a bit of King Crimson and/or Hawkwind.",3da19f637b3e4d3e93a868b44102e4ae
spotify:track:2b3zAIU06DRxvl7PehalzZ,de4eea8c425949deaa2c55f0c21ccd7d,2026-06-06T15:45:46Z,2,"Pretty good, for hippies.",3da19f637b3e4d3e93a868b44102e4ae
spotify:track:43TN8zLpTz75TIvWSZ6cr3,de4eea8c425949deaa2c55f0c21ccd7d,2026-06-06T15:45:46Z,2,"Good guitar break, but the rest of it lacks something.",3da19f637b3e4d3e93a868b44102e4ae
spotify:track:4vTF6h1NrPvRtrOCZQJzKw,de4eea8c425949deaa2c55f0c21ccd7d,2026-06-06T15:45:46Z,4,I like it.  Similar to a few other No Wave-y female-fronted bands of its time.  And I appreciate the obscurity of your selection.,3da19f637b3e4d3e93a868b44102e4ae
spotify:track:5BAJDNTutBFJL27pKunac1,de4eea8c425949deaa2c55f0c21ccd7d,2026-06-06T15:45:46Z,1,It's alright.  Definitely perkier than the original.,3da19f637b3e4d3e93a868b44102e4ae
spotify:track:5UIRG5DrJ3bjOo0RpjEZyI,de4eea8c425949deaa2c55f0c21ccd7d,2026-06-06T15:45:46Z,2,Interesting stuff.  Thanks for being weird.,3da19f637b3e4d3e93a868b44102e4ae
spotify:track:6CGk7ABnnWh2dHlT59R255,de4eea8c425949deaa2c55f0c21ccd7d,2026-06-06T15:45:46Z,-1,"Kinda fun, but they were used too recently in season 7.",3da19f637b3e4d3e93a868b44102e4ae
spotify:track:71b4qdVOOUJoWG5ey7DOsp,de4eea8c425949deaa2c55f0c21ccd7d,2026-06-06T15:45:46Z,2,They do create a fine rumble.,3da19f637b3e4d3e93a868b44102e4ae
spotify:track:75GQIYnRaBg7ndHxhfYuQy,de4eea8c425949deaa2c55f0c21ccd7d,2026-06-06T15:45:46Z,-1,"They were used (in a delightfully surprising way) in season 7, and this song (which is admittedly good) has been overplayed on classic rock radio.  But thank you for not using Eric Carmen's awful solo work, which would be even worse.",3da19f637b3e4d3e93a868b44102e4ae
spotify:track:7F6UQyVvrmYAVyxxUF2MhT,de4eea8c425949deaa2c55f0c21ccd7d,2026-06-06T15:45:46Z,4,"I liked the intensity of this, though the last 2 minutes could have been profitably excised.",3da19f637b3e4d3e93a868b44102e4ae
spotify:track:7vJSMyOOtIYC1KpeyRNxgt,de4eea8c425949deaa2c55f0c21ccd7d,2026-06-06T15:45:46Z,4,Excellent stuff.  Great deep dive.,3da19f637b3e4d3e93a868b44102e4ae
spotify:track:7wbdd3b6ZrJllGZuRJtNGV,de4eea8c425949deaa2c55f0c21ccd7d,2026-06-06T15:45:46Z,3,Brilliantly cheesy Euro-disco.,3da19f637b3e4d3e93a868b44102e4ae
spotify:track:0970yaWdsPnVWn8Ej9qfy2,23e53d1a01404849826a9ac7d1d28b27,2026-06-07T14:23:03Z,3,"Lovely song, the perfect way to kick off the firefly music league!",3da19f637b3e4d3e93a868b44102e4ae
spotify:track:0dv1w0npDQliBX9HSVT3hg,23e53d1a01404849826a9ac7d1d28b27,2026-06-07T14:23:03Z,1,Nice groovy little number.,3da19f637b3e4d3e93a868b44102e4ae
spotify:track:0k9JIBszlCqCa4SpXI353F,23e53d1a01404849826a9ac7d1d28b27,2026-06-07T14:23:03Z,3,"Rage against the machine vibes, I like it a lot and will explore more!",3da19f637b3e4d3e93a868b44102e4ae
spotify:track:0rY4LJe7trV2DaNuD5pwjG,23e53d1a01404849826a9ac7d1d28b27,2026-06-07T14:23:03Z,3,"I don't get it, this sounds exactly like Paul Buchanan. Love this version of this song.",3da19f637b3e4d3e93a868b44102e4ae
spotify:track:0Xv42V70k6KSOxHCaW0QWF,23e53d1a01404849826a9ac7d1d28b27,2026-06-07T14:23:03Z,2,"Don Lennon is someone I need to explore more, heard him in a previous music league I believe, and that song was equally catchy / interesting.",3da19f637b3e4d3e93a868b44102e4ae
spotify:track:1Hv1VTm8zeOeybub15mA2R,23e53d1a01404849826a9ac7d1d28b27,2026-06-07T14:23:03Z,0,"I love Sade, but have heard this so many times now, and though this was her big hit, she has way better songs IMHO. ",3da19f637b3e4d3e93a868b44102e4ae
spotify:track:1YzNHqhyj7j8A0CL30lUgd,23e53d1a01404849826a9ac7d1d28b27,2026-06-07T14:23:03Z,-2,"Love Sonic Youth, but I didn't really click with this song..",3da19f637b3e4d3e93a868b44102e4ae
spotify:track:2b3zAIU06DRxvl7PehalzZ,23e53d1a01404849826a9ac7d1d28b27,2026-06-07T14:23:03Z,2,"Pleasant and interesting, love hearing about places like this.",3da19f637b3e4d3e93a868b44102e4ae
spotify:track:43TN8zLpTz75TIvWSZ6cr3,23e53d1a01404849826a9ac7d1d28b27,2026-06-07T14:23:03Z,4,"Yeah, this is so so cool!",3da19f637b3e4d3e93a868b44102e4ae
spotify:track:4vTF6h1NrPvRtrOCZQJzKw,23e53d1a01404849826a9ac7d1d28b27,2026-06-07T14:23:03Z,-1,"I love the Melbourne music scene, so many great bands, but I just didn't click with this song.",3da19f637b3e4d3e93a868b44102e4ae
spotify:track:5BAJDNTutBFJL27pKunac1,23e53d1a01404849826a9ac7d1d28b27,2026-06-07T14:23:03Z,3,"Great tune, love it when the synth comes in. Going straight on to my work out mix",3da19f637b3e4d3e93a868b44102e4ae
spotify:track:5sJiLlgQKBL81QCTOkoLB5,23e53d1a01404849826a9ac7d1d28b27,2026-06-07T14:23:03Z,2,A classic. takes me straight back to my young clubbing days,3da19f637b3e4d3e93a868b44102e4ae
spotify:track:5UIRG5DrJ3bjOo0RpjEZyI,23e53d1a01404849826a9ac7d1d28b27,2026-06-07T14:23:03Z,-1,"Sorry, might just be me, but I don't like this type a stuff",3da19f637b3e4d3e93a868b44102e4ae
spotify:track:6CGk7ABnnWh2dHlT59R255,23e53d1a01404849826a9ac7d1d28b27,2026-06-07T14:23:03Z,-1,Not my cup of tea I'm afraid. ,3da19f637b3e4d3e93a868b44102e4ae
spotify:track:71b4qdVOOUJoWG5ey7DOsp,23e53d1a01404849826a9ac7d1d28b27,2026-06-07T14:23:03Z,2,Very cool song,3da19f637b3e4d3e93a868b44102e4ae
spotify:track:75GQIYnRaBg7ndHxhfYuQy,23e53d1a01404849826a9ac7d1d28b27,2026-06-07T14:23:03Z,1,Nice,3da19f637b3e4d3e93a868b44102e4ae
spotify:track:7F6UQyVvrmYAVyxxUF2MhT,23e53d1a01404849826a9ac7d1d28b27,2026-06-07T14:23:03Z,6,"I love this kind of music so much, what a great discovery, thank you Poster! Cool female vocalist, energy, lyrics, music, guitar / reverb outro, perfect! This has gone straight into my ""top music league songs"" list.",3da19f637b3e4d3e93a868b44102e4ae
spotify:track:7vJSMyOOtIYC1KpeyRNxgt,23e53d1a01404849826a9ac7d1d28b27,2026-06-07T14:23:03Z,2,"Haha, Sheffield, love it! No seriously, I've visited once and it was delightful. Nice song.",3da19f637b3e4d3e93a868b44102e4ae
spotify:track:7wbdd3b6ZrJllGZuRJtNGV,23e53d1a01404849826a9ac7d1d28b27,2026-06-07T14:23:03Z,1,"Interesting, meant to be ironic & funny I guess. Enjoyable listen, though I doubt I'll ever listen to it again.",3da19f637b3e4d3e93a868b44102e4ae
spotify:track:0970yaWdsPnVWn8Ej9qfy2,fb5929c39fbe403dbcebeb3329942390,2026-06-07T15:33:41Z,2,"This very nice, espc. the string arrangement, but perhaps a little too indie MOR. You don't write the saddest song in the world by setting out to write the saddest song in the world.",3da19f637b3e4d3e93a868b44102e4ae
spotify:track:0dv1w0npDQliBX9HSVT3hg,fb5929c39fbe403dbcebeb3329942390,2026-06-07T15:33:41Z,3,Didn't even know this compatriot. This is good. There is an article about him in this week's Weekendavisen.,3da19f637b3e4d3e93a868b44102e4ae
spotify:track:0k9JIBszlCqCa4SpXI353F,fb5929c39fbe403dbcebeb3329942390,2026-06-07T15:33:41Z,2,This is good punky stuff.,3da19f637b3e4d3e93a868b44102e4ae
spotify:track:0R0jrqAOaFtDSDSaUEvpN2,fb5929c39fbe403dbcebeb3329942390,2026-06-07T15:33:41Z,3,"I like this, and am giving an extra point for stepping outside our indie comfort zone.",3da19f637b3e4d3e93a868b44102e4ae
spotify:track:0rY4LJe7trV2DaNuD5pwjG,fb5929c39fbe403dbcebeb3329942390,2026-06-07T15:33:41Z,2,"It's good, but I'm not bowled over.",3da19f637b3e4d3e93a868b44102e4ae
spotify:track:0Xv42V70k6KSOxHCaW0QWF,fb5929c39fbe403dbcebeb3329942390,2026-06-07T15:33:41Z,2,Jingly jangly indie pop is a surefire way to win me over.,3da19f637b3e4d3e93a868b44102e4ae
spotify:track:1Hv1VTm8zeOeybub15mA2R,fb5929c39fbe403dbcebeb3329942390,2026-06-07T15:33:41Z,1,"On one hand the familiarity tax beckons, on the other hand this is a classic pop song. What to do ... ? A single point will do.",3da19f637b3e4d3e93a868b44102e4ae
spotify:track:1YzNHqhyj7j8A0CL30lUgd,fb5929c39fbe403dbcebeb3329942390,2026-06-07T15:33:41Z,-1,"It's not bad as such, just not quite up there with some of the others.",3da19f637b3e4d3e93a868b44102e4ae
spotify:track:2b3zAIU06DRxvl7PehalzZ,fb5929c39fbe403dbcebeb3329942390,2026-06-07T15:33:41Z,-1,"Not bad, but doesn't quite make the cut.",3da19f637b3e4d3e93a868b44102e4ae
spotify:track:43TN8zLpTz75TIvWSZ6cr3,fb5929c39fbe403dbcebeb3329942390,2026-06-07T15:33:41Z,2,"I'm no fan of the speakysinging, but this song elevates itself enough for me to like it.",3da19f637b3e4d3e93a868b44102e4ae
spotify:track:4vTF6h1NrPvRtrOCZQJzKw,fb5929c39fbe403dbcebeb3329942390,2026-06-07T15:33:41Z,-1,Noise rock is always a difficult proposition. And in this instance it doesn't quite land for me.,3da19f637b3e4d3e93a868b44102e4ae
spotify:track:5BAJDNTutBFJL27pKunac1,fb5929c39fbe403dbcebeb3329942390,2026-06-07T15:33:41Z,3,I'm surprised The Chromatics haven't turned up until now! What's wrong with us?! I obviously like this.,3da19f637b3e4d3e93a868b44102e4ae
spotify:track:5sJiLlgQKBL81QCTOkoLB5,fb5929c39fbe403dbcebeb3329942390,2026-06-07T15:33:41Z,4,"You get an extra point for the audacity of submitting outright dance music, and such a classic one to boot.",3da19f637b3e4d3e93a868b44102e4ae
spotify:track:5UIRG5DrJ3bjOo0RpjEZyI,fb5929c39fbe403dbcebeb3329942390,2026-06-07T15:33:41Z,5,"There are a lot of better bands from Liverpool, but I'll take this! Gamelan gongish modernist compositions mixed with indie music. ",3da19f637b3e4d3e93a868b44102e4ae
spotify:track:6CGk7ABnnWh2dHlT59R255,fb5929c39fbe403dbcebeb3329942390,2026-06-07T15:33:41Z,2,This was glorious for a brief moment in time.,3da19f637b3e4d3e93a868b44102e4ae
spotify:track:71b4qdVOOUJoWG5ey7DOsp,fb5929c39fbe403dbcebeb3329942390,2026-06-07T15:33:41Z,-1,"This is the kind of shouty singing I dislike. The song itself is kinda OK, but the shouting ...",3da19f637b3e4d3e93a868b44102e4ae
spotify:track:75GQIYnRaBg7ndHxhfYuQy,fb5929c39fbe403dbcebeb3329942390,2026-06-07T15:33:41Z,-1,"I'm normally not big on downvoting repeats, but used in the last league is a bit to close. ",3da19f637b3e4d3e93a868b44102e4ae
spotify:track:7F6UQyVvrmYAVyxxUF2MhT,fb5929c39fbe403dbcebeb3329942390,2026-06-07T15:33:41Z,3,Good indie rock with pop tendencies. Thumbs up!,3da19f637b3e4d3e93a868b44102e4ae
spotify:track:7vJSMyOOtIYC1KpeyRNxgt,fb5929c39fbe403dbcebeb3329942390,2026-06-07T15:33:41Z,1,"It has got its moments, but I'm a little undecided on the final vote.",3da19f637b3e4d3e93a868b44102e4ae
spotify:track:0970yaWdsPnVWn8Ej9qfy2,6decab82ff3a437a886aa3d9a5999e5d,2026-06-07T22:23:34Z,-1,Sorry?,3da19f637b3e4d3e93a868b44102e4ae
spotify:track:0dv1w0npDQliBX9HSVT3hg,6decab82ff3a437a886aa3d9a5999e5d,2026-06-07T22:23:34Z,3,"Quite a departure from his primary band, I love it.",3da19f637b3e4d3e93a868b44102e4ae
spotify:track:0k9JIBszlCqCa4SpXI353F,6decab82ff3a437a886aa3d9a5999e5d,2026-06-07T22:23:34Z,3,"I think they're perhaps a little overrated but it's still pretty cool that music this loud is garnering such widespread attention. I've seen them live at a festival early in the day a few years back, and will see them again at a festival later this year as the headliner. Those stories about the ex-guitarist and attempted murder are wild ",3da19f637b3e4d3e93a868b44102e4ae
spotify:track:0R0jrqAOaFtDSDSaUEvpN2,6decab82ff3a437a886aa3d9a5999e5d,2026-06-07T22:23:34Z,2,"Nothing wrong a with a little world music, welcome to Firefly ML !",3da19f637b3e4d3e93a868b44102e4ae
spotify:track:0rY4LJe7trV2DaNuD5pwjG,6decab82ff3a437a886aa3d9a5999e5d,2026-06-07T22:23:34Z,3,"Aw Ben, so sorry to hear about your friend Gordon. This song stands its own as well, I like the yearning here ",3da19f637b3e4d3e93a868b44102e4ae
spotify:track:0Xv42V70k6KSOxHCaW0QWF,6decab82ff3a437a886aa3d9a5999e5d,2026-06-07T22:23:34Z,2,"So close to Saving without comments but then saw that many new folks didn't know the importance of the intro. 

This song is is pretty funny and charming, reminds me of Jens, and Pelle Carlberg especially ",3da19f637b3e4d3e93a868b44102e4ae
spotify:track:1Hv1VTm8zeOeybub15mA2R,6decab82ff3a437a886aa3d9a5999e5d,2026-06-07T22:23:34Z,-1,"Where? When? How?? 
I don't know what to do, and the familiairty tax is prob going to be applied here  ",3da19f637b3e4d3e93a868b44102e4ae
spotify:track:1YzNHqhyj7j8A0CL30lUgd,6decab82ff3a437a886aa3d9a5999e5d,2026-06-07T22:23:34Z,3,I love my summer job stories from the college years. How did so many obvisouly amazing things that nobody would want to hear about today actually happen in 3 year period? ,3da19f637b3e4d3e93a868b44102e4ae
spotify:track:43TN8zLpTz75TIvWSZ6cr3,6decab82ff3a437a886aa3d9a5999e5d,2026-06-07T22:23:34Z,4,"Sounds like a lot of bands with female half spoken/half sung vocals, and yep, still a total sucker for it. ",3da19f637b3e4d3e93a868b44102e4ae
spotify:track:4vTF6h1NrPvRtrOCZQJzKw,6decab82ff3a437a886aa3d9a5999e5d,2026-06-07T22:23:34Z,5,I actually loved this track when it started  but my dog thought the repetitive guitar notes were too much like the UPS truck alert so we had to stop listening quickly. Hopefully it didn't suck in the middle and end?,3da19f637b3e4d3e93a868b44102e4ae
spotify:track:5BAJDNTutBFJL27pKunac1,6decab82ff3a437a886aa3d9a5999e5d,2026-06-07T22:23:34Z,3,"Nice deep pull, fellow Portlander!!",3da19f637b3e4d3e93a868b44102e4ae
spotify:track:5sJiLlgQKBL81QCTOkoLB5,6decab82ff3a437a886aa3d9a5999e5d,2026-06-07T22:23:34Z,1,,3da19f637b3e4d3e93a868b44102e4ae
spotify:track:5UIRG5DrJ3bjOo0RpjEZyI,6decab82ff3a437a886aa3d9a5999e5d,2026-06-07T22:23:34Z,-1,,3da19f637b3e4d3e93a868b44102e4ae
spotify:track:6CGk7ABnnWh2dHlT59R255,6decab82ff3a437a886aa3d9a5999e5d,2026-06-07T22:23:34Z,-2,"It's not you, it's Jesus Jones.",3da19f637b3e4d3e93a868b44102e4ae
spotify:track:75GQIYnRaBg7ndHxhfYuQy,6decab82ff3a437a886aa3d9a5999e5d,2026-06-07T22:23:34Z,2,Straight 🔥 ,3da19f637b3e4d3e93a868b44102e4ae
spotify:track:7F6UQyVvrmYAVyxxUF2MhT,6decab82ff3a437a886aa3d9a5999e5d,2026-06-07T22:23:34Z,3,,3da19f637b3e4d3e93a868b44102e4ae
spotify:track:7wbdd3b6ZrJllGZuRJtNGV,6decab82ff3a437a886aa3d9a5999e5d,2026-06-07T22:23:34Z,1,"Dane on Dane controversy!! 

Fear not, I am available for peace talks June 22-26.",3da19f637b3e4d3e93a868b44102e4ae
spotify:track:7vJSMyOOtIYC1KpeyRNxgt,8e90755452724b16bc0423f737beaccd,2026-06-08T02:22:52Z,1,"More of that post-punk goodness that I crave, but slightly diminished by my wish that I liked Mark Gouldthorpe's vocals better than I actually do.",3da19f637b3e4d3e93a868b44102e4ae
spotify:track:0970yaWdsPnVWn8Ej9qfy2,8e90755452724b16bc0423f737beaccd,2026-06-08T02:22:52Z,2,"I really like how Crowley structures the instrumentation... the song is like waves coming onto the shore. And Caroline is right, what an apt way to start the new league.",3da19f637b3e4d3e93a868b44102e4ae
spotify:track:0dv1w0npDQliBX9HSVT3hg,8e90755452724b16bc0423f737beaccd,2026-06-08T02:22:52Z,1,"Not a big fan of when the vocals get all processed, but overall it's clever enough to sustain interest.",3da19f637b3e4d3e93a868b44102e4ae
spotify:track:0k9JIBszlCqCa4SpXI353F,8e90755452724b16bc0423f737beaccd,2026-06-08T02:22:52Z,4,"Having already voiced my enthusiasm in the chat, I am thrilled to see Turnstile here -- this was easily my favorite album from 2025, but I could never find the right opportunity to submit them in the league. I don't know that ""Birds"" is the most representative song, though, or maybe it's just that that I gravitate more to poppier tracks like ""Never Enough"" or ""Seein' Stars"".",3da19f637b3e4d3e93a868b44102e4ae
spotify:track:0R0jrqAOaFtDSDSaUEvpN2,8e90755452724b16bc0423f737beaccd,2026-06-08T02:22:52Z,-1,"Admittedly not something I would normally listen to, but I think it's fine as a representation. I'd like to hear more about your personal history with the song/artist, though. It also doesn't deserve a downvote, but I don't get to make the rules.",3da19f637b3e4d3e93a868b44102e4ae
spotify:track:0rY4LJe7trV2DaNuD5pwjG,8e90755452724b16bc0423f737beaccd,2026-06-08T02:22:52Z,2,"I haven't played Armstrong in years... as I recall, I was a bigger fan of As If To Nothing than this album. And in truth, I think I prefer the original Blue Nile version of this song, too. It's obviously still highly evocative of time and place, though. Raising a glass to you and Gordon.",3da19f637b3e4d3e93a868b44102e4ae
spotify:track:0Xv42V70k6KSOxHCaW0QWF,8e90755452724b16bc0423f737beaccd,2026-06-08T02:22:52Z,-2,"See also Jonathan Richman and Loudon Wainwright III. I was going to say it doesn't really deserve the full snake eyes, but then I heard that ""bum, bum, bum, bum, bum, bum, bum, bum, bum, bum"" part again. ",3da19f637b3e4d3e93a868b44102e4ae
spotify:track:1Hv1VTm8zeOeybub15mA2R,8e90755452724b16bc0423f737beaccd,2026-06-08T02:22:52Z,4,"Still a classic! Sade's vocals deserve every bit of attention, but over the years I've become a fan of Stuart Matthewman, too, and the Sweetback side project (he was also a big part of helping launch neo-soul singer Maxwell). I'm so used to the album version that the single edit here catches me off guard, LOL!",3da19f637b3e4d3e93a868b44102e4ae
spotify:track:1YzNHqhyj7j8A0CL30lUgd,8e90755452724b16bc0423f737beaccd,2026-06-08T02:22:52Z,0,Found out Ivan passed away in 2008. RIP,3da19f637b3e4d3e93a868b44102e4ae
spotify:track:2b3zAIU06DRxvl7PehalzZ,8e90755452724b16bc0423f737beaccd,2026-06-08T02:22:52Z,3,This has grown on me nicely with repeated listens... reminds me in places of my beloved Rainer Ptacek. Intrigued enough to check out the entire album at some point.,3da19f637b3e4d3e93a868b44102e4ae
spotify:track:43TN8zLpTz75TIvWSZ6cr3,8e90755452724b16bc0423f737beaccd,2026-06-08T02:22:52Z,2,"Some well-placed Velvet Underground vibes for this New York vignette, complete with the mostly deadpan vocals. If you like this, check out the slightly more raucous ""Davey Says"" from the same album.",3da19f637b3e4d3e93a868b44102e4ae
spotify:track:4vTF6h1NrPvRtrOCZQJzKw,8e90755452724b16bc0423f737beaccd,2026-06-08T02:22:52Z,2,"""Strangest and spikiest"" is a good guide into this song. It's amazing how well the blueprint from this era still holds up over 40 years later.",3da19f637b3e4d3e93a868b44102e4ae
spotify:track:5BAJDNTutBFJL27pKunac1,8e90755452724b16bc0423f737beaccd,2026-06-08T02:22:52Z,2,"Many of you probably already know this, but Chromatics were actually featured in the 2017 Twin Peaks revival, playing at The Bang Bang Bar (aka the Roadhouse) like something out of a Wim Wenders film. This remix, which I had not heard before now, is an interesting alternate version with a decidedly different energy.",3da19f637b3e4d3e93a868b44102e4ae
spotify:track:5sJiLlgQKBL81QCTOkoLB5,8e90755452724b16bc0423f737beaccd,2026-06-08T02:22:52Z,2,"In hindsight it's interesting that I was consuming these sounds more from UK artists like Jazzie B (Soul II Soul) and Nellie Hooper rather than the homegrown stuff, but I was at least aware of Kevin Saunderson. I also have fond memories of our friend group passing around cassettes of house music that someone had taped off the radio while visiting Chicago. Heady times.",3da19f637b3e4d3e93a868b44102e4ae
spotify:track:5UIRG5DrJ3bjOo0RpjEZyI,8e90755452724b16bc0423f737beaccd,2026-06-08T02:22:52Z,-1,"As a Blue Man Group fan, I would ordinarily have more time for this kind of thing, but unfortunately the novelty wears off a bit... ",3da19f637b3e4d3e93a868b44102e4ae
spotify:track:6CGk7ABnnWh2dHlT59R255,8e90755452724b16bc0423f737beaccd,2026-06-08T02:22:52Z,3,"Proof that Jesus Jones were so much more interesting than just ""Right Here, Right Now""... there was a time when this would have been described as cyberpunk music. Certainly fit in my listening world alongside the likes of fellow sample-lovers Tackhead and Public Enemy.",3da19f637b3e4d3e93a868b44102e4ae
spotify:track:71b4qdVOOUJoWG5ey7DOsp,8e90755452724b16bc0423f737beaccd,2026-06-08T02:22:52Z,2,"Solid punk effort. Still not sure I can actually wrap my brain around the gap between this and ""Feel It Still"", LOL!",3da19f637b3e4d3e93a868b44102e4ae
spotify:track:75GQIYnRaBg7ndHxhfYuQy,8e90755452724b16bc0423f737beaccd,2026-06-08T02:22:52Z,3,"Such a pastiche of obvious influences (Pete Townshend, The Beatles, etc.), but it all comes together nicely and the guitars sound wonderful. The '70s were a different time, riff on.",3da19f637b3e4d3e93a868b44102e4ae
spotify:track:7F6UQyVvrmYAVyxxUF2MhT,8e90755452724b16bc0423f737beaccd,2026-06-08T02:22:52Z,-1,"Kind of a revved-up take on fellow Chicagoan Liz Phair, isn't it? Co-produced by Chris Walla, who has continued to do all kinds of good work after splitting from Death Cab for Cutie, but just seems a bit generic to my jaded ears.",3da19f637b3e4d3e93a868b44102e4ae
spotify:track:7wbdd3b6ZrJllGZuRJtNGV,8e90755452724b16bc0423f737beaccd,2026-06-08T02:22:52Z,2,"""This song is the best song Giorgio Moroder never wrote."" Can't really add much to that statement, although maybe we didn't really need to hear someone squeezing Seebach's lemon 'til the juice ran down his leg.",3da19f637b3e4d3e93a868b44102e4ae
spotify:track:0dv1w0npDQliBX9HSVT3hg,eda607c11bad4f2087be16a53e4d90b5,2026-06-08T07:41:08Z,3,,3da19f637b3e4d3e93a868b44102e4ae
spotify:track:0k9JIBszlCqCa4SpXI353F,eda607c11bad4f2087be16a53e4d90b5,2026-06-08T07:41:08Z,2,,3da19f637b3e4d3e93a868b44102e4ae
spotify:track:0R0jrqAOaFtDSDSaUEvpN2,eda607c11bad4f2087be16a53e4d90b5,2026-06-08T07:41:08Z,3,,3da19f637b3e4d3e93a868b44102e4ae
spotify:track:0rY4LJe7trV2DaNuD5pwjG,eda607c11bad4f2087be16a53e4d90b5,2026-06-08T07:41:08Z,3,,3da19f637b3e4d3e93a868b44102e4ae
spotify:track:0Xv42V70k6KSOxHCaW0QWF,eda607c11bad4f2087be16a53e4d90b5,2026-06-08T07:41:08Z,-1,,3da19f637b3e4d3e93a868b44102e4ae
spotify:track:1Hv1VTm8zeOeybub15mA2R,eda607c11bad4f2087be16a53e4d90b5,2026-06-08T07:41:08Z,2,,3da19f637b3e4d3e93a868b44102e4ae
spotify:track:1YzNHqhyj7j8A0CL30lUgd,eda607c11bad4f2087be16a53e4d90b5,2026-06-08T07:41:08Z,4,,3da19f637b3e4d3e93a868b44102e4ae
spotify:track:2b3zAIU06DRxvl7PehalzZ,eda607c11bad4f2087be16a53e4d90b5,2026-06-08T07:41:08Z,-1,,3da19f637b3e4d3e93a868b44102e4ae
spotify:track:0970yaWdsPnVWn8Ej9qfy2,eda607c11bad4f2087be16a53e4d90b5,2026-06-08T07:41:08Z,3,,3da19f637b3e4d3e93a868b44102e4ae
spotify:track:43TN8zLpTz75TIvWSZ6cr3,eda607c11bad4f2087be16a53e4d90b5,2026-06-08T07:41:08Z,1,,3da19f637b3e4d3e93a868b44102e4ae
spotify:track:4vTF6h1NrPvRtrOCZQJzKw,eda607c11bad4f2087be16a53e4d90b5,2026-06-08T07:41:08Z,1,,3da19f637b3e4d3e93a868b44102e4ae
spotify:track:5BAJDNTutBFJL27pKunac1,eda607c11bad4f2087be16a53e4d90b5,2026-06-08T07:41:08Z,4,,3da19f637b3e4d3e93a868b44102e4ae
spotify:track:5sJiLlgQKBL81QCTOkoLB5,eda607c11bad4f2087be16a53e4d90b5,2026-06-08T07:41:08Z,4,,3da19f637b3e4d3e93a868b44102e4ae
spotify:track:5UIRG5DrJ3bjOo0RpjEZyI,eda607c11bad4f2087be16a53e4d90b5,2026-06-08T07:41:08Z,-1,,3da19f637b3e4d3e93a868b44102e4ae
spotify:track:71b4qdVOOUJoWG5ey7DOsp,eda607c11bad4f2087be16a53e4d90b5,2026-06-08T07:41:08Z,2,,3da19f637b3e4d3e93a868b44102e4ae
spotify:track:75GQIYnRaBg7ndHxhfYuQy,eda607c11bad4f2087be16a53e4d90b5,2026-06-08T07:41:08Z,-1,,3da19f637b3e4d3e93a868b44102e4ae
spotify:track:7F6UQyVvrmYAVyxxUF2MhT,eda607c11bad4f2087be16a53e4d90b5,2026-06-08T07:41:08Z,2,,3da19f637b3e4d3e93a868b44102e4ae
spotify:track:7vJSMyOOtIYC1KpeyRNxgt,eda607c11bad4f2087be16a53e4d90b5,2026-06-08T07:41:08Z,1,,3da19f637b3e4d3e93a868b44102e4ae
spotify:track:7wbdd3b6ZrJllGZuRJtNGV,eda607c11bad4f2087be16a53e4d90b5,2026-06-08T07:41:08Z,-1,,3da19f637b3e4d3e93a868b44102e4ae
spotify:track:0970yaWdsPnVWn8Ej9qfy2,01544fd12f414dadbc9bce3599e03c0b,2026-06-08T08:24:50Z,0,"I think a strict interpretation of this week's brief renders my submission invalid, or at least dubious, but hopefully the Lee Marvin baritone and swelling strings are enough to pick up a few points. I have discovered this week that I like singing the ""in the world"" bits  in the moments immediately after waking  up when my voice is still somewhat gravelly. ",3da19f637b3e4d3e93a868b44102e4ae
spotify:track:0dv1w0npDQliBX9HSVT3hg,01544fd12f414dadbc9bce3599e03c0b,2026-06-08T08:24:50Z,1,"Welcome Thomas, from a frequent watcher of your YouTube videos. I found this song pleasant if unremarkable. ",3da19f637b3e4d3e93a868b44102e4ae
spotify:track:0k9JIBszlCqCa4SpXI353F,01544fd12f414dadbc9bce3599e03c0b,2026-06-08T08:24:50Z,1,"I am reminded that I must watch Baltimorons, which has been on my list for  a while. I may even watch it today, now that I am retired, the only question is will it be before or after my golf lesson. These kids have Jane's Addiction records in their collection. I definitely hear Perry Farrell in the vocals. It was ok. ",3da19f637b3e4d3e93a868b44102e4ae
spotify:track:0R0jrqAOaFtDSDSaUEvpN2,01544fd12f414dadbc9bce3599e03c0b,2026-06-08T08:24:50Z,-2,Nadeem picked a tough week in which to make his comeback. Not for me. Downvoted with apologies. ,3da19f637b3e4d3e93a868b44102e4ae
spotify:track:0rY4LJe7trV2DaNuD5pwjG,01544fd12f414dadbc9bce3599e03c0b,2026-06-08T08:24:50Z,4,"Sorry to hear about your friend, Ben. As a fellow frequent watcher of live football in a country where that's a niche interest, where people don't understand that community and connection are what it's about and only care about quality (this makes me roll my eyes so far back in my head, honestly), I understand and sympathise with your loss completely.  I prefer the original of this but, to coin a cliche, PB could sing the team sheets from the Rangers FC match programme and I would listen.  ",3da19f637b3e4d3e93a868b44102e4ae
spotify:track:0Xv42V70k6KSOxHCaW0QWF,01544fd12f414dadbc9bce3599e03c0b,2026-06-08T08:24:50Z,5,Welcome Keith. We've had Don Lennon before.  You'll find that this annoys some of the awkward types around here. I liked it then and I like this too. ,3da19f637b3e4d3e93a868b44102e4ae
spotify:track:1Hv1VTm8zeOeybub15mA2R,01544fd12f414dadbc9bce3599e03c0b,2026-06-08T08:24:50Z,2,I was surprised that I listened to this all the way through. It's pretty good isn't it?  The sax is really enjoyable. ,3da19f637b3e4d3e93a868b44102e4ae
spotify:track:1YzNHqhyj7j8A0CL30lUgd,01544fd12f414dadbc9bce3599e03c0b,2026-06-08T08:24:50Z,1,What a great story... I enjoyed this even though it didn't really develop into anything. ,3da19f637b3e4d3e93a868b44102e4ae
spotify:track:2b3zAIU06DRxvl7PehalzZ,01544fd12f414dadbc9bce3599e03c0b,2026-06-08T08:24:50Z,2,"Yeah this is pretty good. I'm reminded of Jake Xerxes Fussell in the singing, ",3da19f637b3e4d3e93a868b44102e4ae
spotify:track:43TN8zLpTz75TIvWSZ6cr3,01544fd12f414dadbc9bce3599e03c0b,2026-06-08T08:24:50Z,3,"Wait, what? You mean this isn't Dry Cleaning? It was good though which means I am in the unfortunate position of having to give points to Neil Jones who has almost certainly downvoted me just because with a damning ""shittest song in the world more like"". ",3da19f637b3e4d3e93a868b44102e4ae
spotify:track:4vTF6h1NrPvRtrOCZQJzKw,01544fd12f414dadbc9bce3599e03c0b,2026-06-08T08:24:50Z,-1,I hear you Al! You'd think living in Dublin I'd be spoiled for choice but I found this round surprisingly tricky. Reminded me a bit of Siouxie and the banshees. This was a strong week so this gets a very harsh downvote with apologies. ,3da19f637b3e4d3e93a868b44102e4ae
spotify:track:5BAJDNTutBFJL27pKunac1,01544fd12f414dadbc9bce3599e03c0b,2026-06-08T08:24:50Z,4,This was very good and sounds great on these here swanky earbuds that the fam got me recently to celebrate the milestone birthday which welcomed me to my seventh decade on earth. As my sister said to me and I tend to agree - How can you be 60? I really enjoyed this. ,3da19f637b3e4d3e93a868b44102e4ae
spotify:track:5sJiLlgQKBL81QCTOkoLB5,01544fd12f414dadbc9bce3599e03c0b,2026-06-08T08:24:50Z,3,"Yeah loved this. Thanks for reminding me of it, you resident of a town in a Sufjan Stevens song you. ",3da19f637b3e4d3e93a868b44102e4ae
spotify:track:5UIRG5DrJ3bjOo0RpjEZyI,01544fd12f414dadbc9bce3599e03c0b,2026-06-08T08:24:50Z,-1,"At times I thought I was enjoying this, at others I found it annoying. Downvotes are hard to come by this week but, on balance, I think I have to apply one, apologetically of course, here. Sorry Girvan. ",3da19f637b3e4d3e93a868b44102e4ae
spotify:track:6CGk7ABnnWh2dHlT59R255,01544fd12f414dadbc9bce3599e03c0b,2026-06-08T08:24:50Z,-1,"I didn't care much for these in their, ahem, heyday and either it or my ears hasn't aged well in the meantime. Sorry Tony. Downvoted with apologies. ",3da19f637b3e4d3e93a868b44102e4ae
spotify:track:71b4qdVOOUJoWG5ey7DOsp,01544fd12f414dadbc9bce3599e03c0b,2026-06-08T08:24:50Z,3,"Really good. Mad juxtaposition between them and Portugal The Man. Their lyric, ""I've been feeling it since 1966"" is my mantra. ",3da19f637b3e4d3e93a868b44102e4ae
spotify:track:75GQIYnRaBg7ndHxhfYuQy,01544fd12f414dadbc9bce3599e03c0b,2026-06-08T08:24:50Z,1,"I liked the intro, didn't care much for the singing.  Lots of good stuff this week so the upvotes have to be spread thinly. ",3da19f637b3e4d3e93a868b44102e4ae
spotify:track:7F6UQyVvrmYAVyxxUF2MhT,01544fd12f414dadbc9bce3599e03c0b,2026-06-08T08:24:50Z,2,Pretty Catchy! I enjoyed this...,3da19f637b3e4d3e93a868b44102e4ae
spotify:track:7vJSMyOOtIYC1KpeyRNxgt,01544fd12f414dadbc9bce3599e03c0b,2026-06-08T08:24:50Z,0,I'm not mad about this. Sorry Ant! ,3da19f637b3e4d3e93a868b44102e4ae
spotify:track:7wbdd3b6ZrJllGZuRJtNGV,01544fd12f414dadbc9bce3599e03c0b,2026-06-08T08:24:50Z,3,As soon as the do do do doos came in I was sold. ,3da19f637b3e4d3e93a868b44102e4ae
spotify:track:0970yaWdsPnVWn8Ej9qfy2,920d59fe89434c9a9255c64fa8265e5a,2026-06-08T10:50:57Z,2,do like this although i would recommend adrian sets his sights a little higher and tries to write the best song in the world not just the saddest.,3da19f637b3e4d3e93a868b44102e4ae
spotify:track:0dv1w0npDQliBX9HSVT3hg,920d59fe89434c9a9255c64fa8265e5a,2026-06-08T10:50:57Z,3,nice toe tappy groove.,3da19f637b3e4d3e93a868b44102e4ae
spotify:track:0k9JIBszlCqCa4SpXI353F,920d59fe89434c9a9255c64fa8265e5a,2026-06-08T10:50:57Z,4,had me fooled with the rumbling bass synth intro before exploding. love the energy.,3da19f637b3e4d3e93a868b44102e4ae
spotify:track:0R0jrqAOaFtDSDSaUEvpN2,920d59fe89434c9a9255c64fa8265e5a,2026-06-08T10:50:57Z,2,"this took me a few listens but very much grew on me despite ostensibly not being my ""thing"" at all. thank you for the cultural enrichment.",3da19f637b3e4d3e93a868b44102e4ae
spotify:track:0rY4LJe7trV2DaNuD5pwjG,920d59fe89434c9a9255c64fa8265e5a,2026-06-08T10:50:57Z,2,"lovely back story, let your memories keep him ever present. very well known song and likely to get a lot of votes. i'm not really a blue nile evangelist although i know many are. ",3da19f637b3e4d3e93a868b44102e4ae
spotify:track:0Xv42V70k6KSOxHCaW0QWF,920d59fe89434c9a9255c64fa8265e5a,2026-06-08T10:50:57Z,1,ok. little dry for me. bum bum bum.,3da19f637b3e4d3e93a868b44102e4ae
spotify:track:1Hv1VTm8zeOeybub15mA2R,920d59fe89434c9a9255c64fa8265e5a,2026-06-08T10:50:57Z,-2,too smooth an operation.,3da19f637b3e4d3e93a868b44102e4ae
spotify:track:1YzNHqhyj7j8A0CL30lUgd,920d59fe89434c9a9255c64fa8265e5a,2026-06-08T10:50:57Z,4,fantastic build and loved this even more as it develops.,3da19f637b3e4d3e93a868b44102e4ae
spotify:track:2b3zAIU06DRxvl7PehalzZ,920d59fe89434c9a9255c64fa8265e5a,2026-06-08T10:50:57Z,-1,"not for me, sorry, dvwa.",3da19f637b3e4d3e93a868b44102e4ae
spotify:track:43TN8zLpTz75TIvWSZ6cr3,920d59fe89434c9a9255c64fa8265e5a,2026-06-08T10:50:57Z,3,did photos for them a while ago. like these very much. they don't actually sound like dry cleaning all the time.,3da19f637b3e4d3e93a868b44102e4ae
spotify:track:4vTF6h1NrPvRtrOCZQJzKw,920d59fe89434c9a9255c64fa8265e5a,2026-06-08T10:50:57Z,3,(i guess) very much of it's time but this sparse determinedly independent sound is great.,3da19f637b3e4d3e93a868b44102e4ae
spotify:track:5BAJDNTutBFJL27pKunac1,920d59fe89434c9a9255c64fa8265e5a,2026-06-08T10:50:57Z,3,nice chilled sound.,3da19f637b3e4d3e93a868b44102e4ae
spotify:track:5sJiLlgQKBL81QCTOkoLB5,920d59fe89434c9a9255c64fa8265e5a,2026-06-08T10:50:57Z,-1,"not for me, very well known and gleaming with too much eighties polish ",3da19f637b3e4d3e93a868b44102e4ae
spotify:track:5UIRG5DrJ3bjOo0RpjEZyI,920d59fe89434c9a9255c64fa8265e5a,2026-06-08T10:50:57Z,2,i think i have to give this points for avoiding the obvious. and i like it very much but don't love it.,3da19f637b3e4d3e93a868b44102e4ae
spotify:track:6CGk7ABnnWh2dHlT59R255,920d59fe89434c9a9255c64fa8265e5a,2026-06-08T10:50:57Z,1,"had these recently-ish. this is by far their best song, familiarity tax applies i'm afraid.",3da19f637b3e4d3e93a868b44102e4ae
spotify:track:71b4qdVOOUJoWG5ey7DOsp,920d59fe89434c9a9255c64fa8265e5a,2026-06-08T10:50:57Z,3,great stuff.,3da19f637b3e4d3e93a868b44102e4ae
spotify:track:75GQIYnRaBg7ndHxhfYuQy,920d59fe89434c9a9255c64fa8265e5a,2026-06-08T10:50:57Z,-1,no thanks. sorry.,3da19f637b3e4d3e93a868b44102e4ae
spotify:track:7F6UQyVvrmYAVyxxUF2MhT,920d59fe89434c9a9255c64fa8265e5a,2026-06-08T10:50:57Z,1,gets better as it goes on although does fall (a little - it's better than that) into the female fronted league standard submission trap.,3da19f637b3e4d3e93a868b44102e4ae
spotify:track:7wbdd3b6ZrJllGZuRJtNGV,920d59fe89434c9a9255c64fa8265e5a,2026-06-08T10:50:57Z,1,better than i was expecting tbf and made me smile. is bubble sex a danish thing? please elucidate.,3da19f637b3e4d3e93a868b44102e4ae
spotify:track:0970yaWdsPnVWn8Ej9qfy2,62a98fc6d1b84e52b5f885d92cb59725,2026-06-08T11:45:18Z,2,"Would have preferred something a bit more cultured, but this is alright. ",3da19f637b3e4d3e93a868b44102e4ae
spotify:track:0dv1w0npDQliBX9HSVT3hg,62a98fc6d1b84e52b5f885d92cb59725,2026-06-08T11:45:18Z,3,"Some great lyrics, “the legumes they reek of meat”. Very good. ",3da19f637b3e4d3e93a868b44102e4ae
spotify:track:0k9JIBszlCqCa4SpXI353F,62a98fc6d1b84e52b5f885d92cb59725,2026-06-08T11:45:18Z,2,"Slow start, does its thing, finishes. I like it. ",3da19f637b3e4d3e93a868b44102e4ae
spotify:track:0R0jrqAOaFtDSDSaUEvpN2,62a98fc6d1b84e52b5f885d92cb59725,2026-06-08T11:45:18Z,1,I enjoyed this. Reading her Wikipedia it seems she’s an absolute megastar in the Middle East. ,3da19f637b3e4d3e93a868b44102e4ae
spotify:track:0rY4LJe7trV2DaNuD5pwjG,62a98fc6d1b84e52b5f885d92cb59725,2026-06-08T11:45:18Z,0,"Lovely writeup, sorry about your friend. I still don’t get the Blue Nile though. I don’t think you’ll need my votes to do well. ",3da19f637b3e4d3e93a868b44102e4ae
spotify:track:0Xv42V70k6KSOxHCaW0QWF,62a98fc6d1b84e52b5f885d92cb59725,2026-06-08T11:45:18Z,4,"Third appearance for Don. I’m not going to penalise for this, because I think it’s the only times I’ve heard him and I really like all three. ",3da19f637b3e4d3e93a868b44102e4ae
spotify:track:1Hv1VTm8zeOeybub15mA2R,62a98fc6d1b84e52b5f885d92cb59725,2026-06-08T11:45:18Z,0,"This is a good song, but I’m knocking points off because I’ve heard it a million times and you didn’t specify the town (I’m guessing London as I’m not aware of anybody in the group living in Nigeria). ",3da19f637b3e4d3e93a868b44102e4ae
spotify:track:1YzNHqhyj7j8A0CL30lUgd,62a98fc6d1b84e52b5f885d92cb59725,2026-06-08T11:45:18Z,-1,"Great story, but I’m not particularly enjoying the song. ",3da19f637b3e4d3e93a868b44102e4ae
spotify:track:2b3zAIU06DRxvl7PehalzZ,62a98fc6d1b84e52b5f885d92cb59725,2026-06-08T11:45:18Z,2,"This is nice, although I think you should have gone with Mother Root. ",3da19f637b3e4d3e93a868b44102e4ae
spotify:track:43TN8zLpTz75TIvWSZ6cr3,62a98fc6d1b84e52b5f885d92cb59725,2026-06-08T11:45:18Z,4,They are definitely a standout among the current crop of young Liverpool bands. ,3da19f637b3e4d3e93a868b44102e4ae
spotify:track:4vTF6h1NrPvRtrOCZQJzKw,62a98fc6d1b84e52b5f885d92cb59725,2026-06-08T11:45:18Z,-1,"Alister, you had the whole history of bands from Melbourne to choose from, and this is what we get?  ",3da19f637b3e4d3e93a868b44102e4ae
spotify:track:5BAJDNTutBFJL27pKunac1,62a98fc6d1b84e52b5f885d92cb59725,2026-06-08T11:45:18Z,3,You can always get extra points for a Twin Peaks connection. ,3da19f637b3e4d3e93a868b44102e4ae
spotify:track:5sJiLlgQKBL81QCTOkoLB5,62a98fc6d1b84e52b5f885d92cb59725,2026-06-08T11:45:18Z,1,"Very familiar, although I had no idea it was by Inner City. ",3da19f637b3e4d3e93a868b44102e4ae
spotify:track:6CGk7ABnnWh2dHlT59R255,62a98fc6d1b84e52b5f885d92cb59725,2026-06-08T11:45:18Z,-1,I’ve driven through Bradford on Avon many times on the way to the End of the Road festival. Never knew it was the home of Jesus Jones. Unfortunately I never liked Jesus Jones. ,3da19f637b3e4d3e93a868b44102e4ae
spotify:track:71b4qdVOOUJoWG5ey7DOsp,62a98fc6d1b84e52b5f885d92cb59725,2026-06-08T11:45:18Z,-2,This was not an enjoyable listen. ,3da19f637b3e4d3e93a868b44102e4ae
spotify:track:75GQIYnRaBg7ndHxhfYuQy,62a98fc6d1b84e52b5f885d92cb59725,2026-06-08T11:45:18Z,3,Excellent. ,3da19f637b3e4d3e93a868b44102e4ae
spotify:track:7F6UQyVvrmYAVyxxUF2MhT,62a98fc6d1b84e52b5f885d92cb59725,2026-06-08T11:45:18Z,2,"A friend suggested going to see Ratboys last week in Manchester. I’d never heard of them, had a listen and liked them. We didn’t go in the end. This is good, probably should have gone. ",3da19f637b3e4d3e93a868b44102e4ae
spotify:track:7vJSMyOOtIYC1KpeyRNxgt,62a98fc6d1b84e52b5f885d92cb59725,2026-06-08T11:45:18Z,3,"I can think of other Sheffield artists you could have considered, but this is very good. ",3da19f637b3e4d3e93a868b44102e4ae
spotify:track:7wbdd3b6ZrJllGZuRJtNGV,62a98fc6d1b84e52b5f885d92cb59725,2026-06-08T11:45:18Z,5,"Even without the sex noises, this is fantastic",3da19f637b3e4d3e93a868b44102e4ae
spotify:track:43TN8zLpTz75TIvWSZ6cr3,86c3935108da4e26bfb2081392ed35c5,2026-06-08T14:24:09Z,3,New artist for me. Loved the guitars.  Great pick. ,3da19f637b3e4d3e93a868b44102e4ae
spotify:track:0970yaWdsPnVWn8Ej9qfy2,86c3935108da4e26bfb2081392ed35c5,2026-06-08T14:24:09Z,1,This didn’t seem all that sad ,3da19f637b3e4d3e93a868b44102e4ae
spotify:track:0dv1w0npDQliBX9HSVT3hg,86c3935108da4e26bfb2081392ed35c5,2026-06-08T14:24:09Z,1,This was alright. ,3da19f637b3e4d3e93a868b44102e4ae
spotify:track:0R0jrqAOaFtDSDSaUEvpN2,86c3935108da4e26bfb2081392ed35c5,2026-06-08T14:24:09Z,3,Beautiful voice,3da19f637b3e4d3e93a868b44102e4ae
spotify:track:0rY4LJe7trV2DaNuD5pwjG,86c3935108da4e26bfb2081392ed35c5,2026-06-08T14:24:09Z,1,Very sorry for your loss ,3da19f637b3e4d3e93a868b44102e4ae
spotify:track:0Xv42V70k6KSOxHCaW0QWF,86c3935108da4e26bfb2081392ed35c5,2026-06-08T14:24:09Z,-1,Initially misread this artist as Don Lemmon the former CNN reporter and thought that was a wild choice. But this was less wild. ,3da19f637b3e4d3e93a868b44102e4ae
spotify:track:1Hv1VTm8zeOeybub15mA2R,86c3935108da4e26bfb2081392ed35c5,2026-06-08T14:24:09Z,5,Almost submitted her for the R&B week. I love Sade. Great pick. ,3da19f637b3e4d3e93a868b44102e4ae
spotify:track:1YzNHqhyj7j8A0CL30lUgd,86c3935108da4e26bfb2081392ed35c5,2026-06-08T14:24:09Z,3,"I loved this. Never really got into Sonic Youth, but this was a lot of fun ",3da19f637b3e4d3e93a868b44102e4ae
spotify:track:2b3zAIU06DRxvl7PehalzZ,86c3935108da4e26bfb2081392ed35c5,2026-06-08T14:24:09Z,1,"Liked voices. There’s something about a song with a harmonica, it’s like the song could be improved if one were to just remove the harmonica. ",3da19f637b3e4d3e93a868b44102e4ae
spotify:track:4vTF6h1NrPvRtrOCZQJzKw,86c3935108da4e26bfb2081392ed35c5,2026-06-08T14:24:09Z,2,That guitar was either awesome or awful depending on my state on mind during relistenings. Definitely of its time.  ,3da19f637b3e4d3e93a868b44102e4ae
spotify:track:5BAJDNTutBFJL27pKunac1,86c3935108da4e26bfb2081392ed35c5,2026-06-08T14:24:09Z,2,This one grew on me a bit ,3da19f637b3e4d3e93a868b44102e4ae
spotify:track:5sJiLlgQKBL81QCTOkoLB5,86c3935108da4e26bfb2081392ed35c5,2026-06-08T14:24:09Z,1,This is a blast from the past! Probably have not heard this since the early 90s. ,3da19f637b3e4d3e93a868b44102e4ae
spotify:track:5UIRG5DrJ3bjOo0RpjEZyI,86c3935108da4e26bfb2081392ed35c5,2026-06-08T14:24:09Z,-1,This was a very brave pick and in a less competitive round might have done better. ,3da19f637b3e4d3e93a868b44102e4ae
spotify:track:6CGk7ABnnWh2dHlT59R255,86c3935108da4e26bfb2081392ed35c5,2026-06-08T14:24:09Z,1,I like JJ,3da19f637b3e4d3e93a868b44102e4ae
spotify:track:71b4qdVOOUJoWG5ey7DOsp,86c3935108da4e26bfb2081392ed35c5,2026-06-08T14:24:09Z,5,This is the singer from Portugal The Man?!?!? Wow. Strong pick ,3da19f637b3e4d3e93a868b44102e4ae
spotify:track:75GQIYnRaBg7ndHxhfYuQy,86c3935108da4e26bfb2081392ed35c5,2026-06-08T14:24:09Z,-1,Did not love this one. ,3da19f637b3e4d3e93a868b44102e4ae
spotify:track:7F6UQyVvrmYAVyxxUF2MhT,86c3935108da4e26bfb2081392ed35c5,2026-06-08T14:24:09Z,5,This was great! ,3da19f637b3e4d3e93a868b44102e4ae
spotify:track:7vJSMyOOtIYC1KpeyRNxgt,86c3935108da4e26bfb2081392ed35c5,2026-06-08T14:24:09Z,1,Time capsule for sure. ,3da19f637b3e4d3e93a868b44102e4ae
spotify:track:7wbdd3b6ZrJllGZuRJtNGV,86c3935108da4e26bfb2081392ed35c5,2026-06-08T14:24:09Z,-2,Extra DV for awkward family interaction. ,3da19f637b3e4d3e93a868b44102e4ae
spotify:track:0970yaWdsPnVWn8Ej9qfy2,d0cb0402be7f47c9914e8de02f509f7a,2026-06-08T18:37:18Z,4,Pandering to the right people. Simply lovely.,3da19f637b3e4d3e93a868b44102e4ae
spotify:track:7wbdd3b6ZrJllGZuRJtNGV,d0cb0402be7f47c9914e8de02f509f7a,2026-06-08T18:37:18Z,-2,"I don't know how anyone could moan like that with the insistent piccolo-esque synth melody. If I had heard this as a young child it would've made me hide under my parents' bed with my hands over my ears. It's the same reaction I had to the horrid, early electronic ""Popcorn Song"".",3da19f637b3e4d3e93a868b44102e4ae
spotify:track:7vJSMyOOtIYC1KpeyRNxgt,d0cb0402be7f47c9914e8de02f509f7a,2026-06-08T18:37:18Z,2,"Agree, this is excellent. ",3da19f637b3e4d3e93a868b44102e4ae
spotify:track:7F6UQyVvrmYAVyxxUF2MhT,d0cb0402be7f47c9914e8de02f509f7a,2026-06-08T18:37:18Z,4,Excellent.  Like Victoria Willams crossed with Hammerbox. Love this.,3da19f637b3e4d3e93a868b44102e4ae
spotify:track:75GQIYnRaBg7ndHxhfYuQy,d0cb0402be7f47c9914e8de02f509f7a,2026-06-08T18:37:18Z,-2,"The hook and structure deserve something,  but those lyrics, ick. I remember as a kid singing along to this. Realizing as an adult now what the subject matter, oy. Afternoon Delight gives me that same retro ick.",3da19f637b3e4d3e93a868b44102e4ae
spotify:track:71b4qdVOOUJoWG5ey7DOsp,d0cb0402be7f47c9914e8de02f509f7a,2026-06-08T18:37:18Z,2,"Have not heard Help before, thank you for the introduction!",3da19f637b3e4d3e93a868b44102e4ae
spotify:track:6CGk7ABnnWh2dHlT59R255,d0cb0402be7f47c9914e8de02f509f7a,2026-06-08T18:37:18Z,-1,Not really worth a downvote but its a tough rough. Apologies. ,3da19f637b3e4d3e93a868b44102e4ae
spotify:track:5UIRG5DrJ3bjOo0RpjEZyI,d0cb0402be7f47c9914e8de02f509f7a,2026-06-08T18:37:18Z,1,Very appealing. These are guitars they're banging on??,3da19f637b3e4d3e93a868b44102e4ae
spotify:track:5sJiLlgQKBL81QCTOkoLB5,d0cb0402be7f47c9914e8de02f509f7a,2026-06-08T18:37:18Z,1,I actually remember dancing to this in a dance club in the 80s. ,3da19f637b3e4d3e93a868b44102e4ae
spotify:track:4vTF6h1NrPvRtrOCZQJzKw,d0cb0402be7f47c9914e8de02f509f7a,2026-06-08T18:37:18Z,2,Really enjoying the amount of rocking female lead singers on this list. ,3da19f637b3e4d3e93a868b44102e4ae
spotify:track:43TN8zLpTz75TIvWSZ6cr3,d0cb0402be7f47c9914e8de02f509f7a,2026-06-08T18:37:18Z,2,Appealing. ,3da19f637b3e4d3e93a868b44102e4ae
spotify:track:2b3zAIU06DRxvl7PehalzZ,d0cb0402be7f47c9914e8de02f509f7a,2026-06-08T18:37:18Z,2,"Very nice, very Northwest coffee house.",3da19f637b3e4d3e93a868b44102e4ae
spotify:track:1YzNHqhyj7j8A0CL30lUgd,d0cb0402be7f47c9914e8de02f509f7a,2026-06-08T18:37:18Z,2,Wish it were longer.,3da19f637b3e4d3e93a868b44102e4ae
spotify:track:1Hv1VTm8zeOeybub15mA2R,d0cb0402be7f47c9914e8de02f509f7a,2026-06-08T18:37:18Z,1,No write up? Assuming a newby. You get a point for joining us.,3da19f637b3e4d3e93a868b44102e4ae
spotify:track:0Xv42V70k6KSOxHCaW0QWF,d0cb0402be7f47c9914e8de02f509f7a,2026-06-08T18:37:18Z,4,Sounds like a Rickenbacker to me. Sign me up.,3da19f637b3e4d3e93a868b44102e4ae
spotify:track:0rY4LJe7trV2DaNuD5pwjG,d0cb0402be7f47c9914e8de02f509f7a,2026-06-08T18:37:18Z,3,"Again, I' m a sucker for the strings, but are these synth strings? Lovely song.",3da19f637b3e4d3e93a868b44102e4ae
spotify:track:0R0jrqAOaFtDSDSaUEvpN2,d0cb0402be7f47c9914e8de02f509f7a,2026-06-08T18:37:18Z,2,"Gorgeous. The antithesis of the previous song. Wow, the musicianship is fantastic. Love the addition of strings. ",3da19f637b3e4d3e93a868b44102e4ae
spotify:track:0k9JIBszlCqCa4SpXI353F,d0cb0402be7f47c9914e8de02f509f7a,2026-06-08T18:37:18Z,2,Not the usual sound I go for but appreciate the time signature changes. Found myself nodding my head.,3da19f637b3e4d3e93a868b44102e4ae
spotify:track:0dv1w0npDQliBX9HSVT3hg,d0cb0402be7f47c9914e8de02f509f7a,2026-06-08T18:37:18Z,1,Entertaining enough.,3da19f637b3e4d3e93a868b44102e4ae
spotify:track:7wbdd3b6ZrJllGZuRJtNGV,a28a4930e9644a559d47cb1459c2c0a3,2026-06-08T18:45:59Z,4,"Feels like a porno starring James Bond. I think I might make this my walk up music, which would be the height of false advertising.",3da19f637b3e4d3e93a868b44102e4ae
spotify:track:0970yaWdsPnVWn8Ej9qfy2,a28a4930e9644a559d47cb1459c2c0a3,2026-06-08T18:45:59Z,2,"Although I had a bit of trouble finding the right mood for this one this week, it's a lovely tune.",3da19f637b3e4d3e93a868b44102e4ae
spotify:track:0dv1w0npDQliBX9HSVT3hg,a28a4930e9644a559d47cb1459c2c0a3,2026-06-08T18:45:59Z,3,"The echoey parts were a bit jarring on the first couple listens, but this is cool. It sounds new and old at once.",3da19f637b3e4d3e93a868b44102e4ae
spotify:track:0k9JIBszlCqCa4SpXI353F,a28a4930e9644a559d47cb1459c2c0a3,2026-06-08T18:45:59Z,-1,"I think I would have liked this once upon a time, but these days I need a little more chill. Sorry Mike... I do have fondness for the Baltimore area though!",3da19f637b3e4d3e93a868b44102e4ae
spotify:track:0R0jrqAOaFtDSDSaUEvpN2,a28a4930e9644a559d47cb1459c2c0a3,2026-06-08T18:45:59Z,0,"I'm a little hesitant to call myself out, but It is a bit of stretch to my ears. I could attach that to the instrumentation and rhythms being very different from western music,  but I think it's as much that this music also feels communal and traditional in a very different way than my experience in the U.S. where individualism is unfortunately at the heart of everything. I'd like to connect with this more.",3da19f637b3e4d3e93a868b44102e4ae
spotify:track:0rY4LJe7trV2DaNuD5pwjG,a28a4930e9644a559d47cb1459c2c0a3,2026-06-08T18:45:59Z,3,A lovely song and a lovely remembrance,3da19f637b3e4d3e93a868b44102e4ae
spotify:track:0Xv42V70k6KSOxHCaW0QWF,a28a4930e9644a559d47cb1459c2c0a3,2026-06-08T18:45:59Z,4,This sounds too simple to be as enjoyable as it is. Totally fun on first and subsequent listens.,3da19f637b3e4d3e93a868b44102e4ae
spotify:track:1Hv1VTm8zeOeybub15mA2R,a28a4930e9644a559d47cb1459c2c0a3,2026-06-08T18:45:59Z,2,"Classic, but I am at an age when this was an inescapable fixture on the radio. It still conjures core memories. I'm a hypocrite because my entry will not be new to anyone either, but this would get more points if it wasn't so familiar.",3da19f637b3e4d3e93a868b44102e4ae
spotify:track:1YzNHqhyj7j8A0CL30lUgd,a28a4930e9644a559d47cb1459c2c0a3,2026-06-08T18:45:59Z,-1,"Although I found some elements to enjoy here, this is ultimately too cool, and too noisy for my lame ass.",3da19f637b3e4d3e93a868b44102e4ae
spotify:track:2b3zAIU06DRxvl7PehalzZ,a28a4930e9644a559d47cb1459c2c0a3,2026-06-08T18:45:59Z,2,"A whole album of this might be a tall order for me, but I enjoyed the song.",3da19f637b3e4d3e93a868b44102e4ae
spotify:track:43TN8zLpTz75TIvWSZ6cr3,a28a4930e9644a559d47cb1459c2c0a3,2026-06-08T18:45:59Z,3,Aptly described. This one steps just enough outside of usual radius to feel fresh.,3da19f637b3e4d3e93a868b44102e4ae
spotify:track:4vTF6h1NrPvRtrOCZQJzKw,a28a4930e9644a559d47cb1459c2c0a3,2026-06-08T18:45:59Z,3,"I felt exactly the same about the wide open round, but you did well here. I am a little disappointed to miss out on Thrush and the Cunts though.",3da19f637b3e4d3e93a868b44102e4ae
spotify:track:5BAJDNTutBFJL27pKunac1,a28a4930e9644a559d47cb1459c2c0a3,2026-06-08T18:45:59Z,3,"This is cool, and I agree 100% that this feels like prime soundtrack.",3da19f637b3e4d3e93a868b44102e4ae
spotify:track:5sJiLlgQKBL81QCTOkoLB5,a28a4930e9644a559d47cb1459c2c0a3,2026-06-08T18:45:59Z,-1,"This round makes it feel personal to downvote, but it certainly isn't. I'm afraid there's just nothing here for me.",3da19f637b3e4d3e93a868b44102e4ae
spotify:track:5UIRG5DrJ3bjOo0RpjEZyI,a28a4930e9644a559d47cb1459c2c0a3,2026-06-08T18:45:59Z,0,"Lol, how did you know? Not entirely terrible, but I think one minute of this would have been more than enough. ",3da19f637b3e4d3e93a868b44102e4ae
spotify:track:6CGk7ABnnWh2dHlT59R255,a28a4930e9644a559d47cb1459c2c0a3,2026-06-08T18:45:59Z,-1,"No, this won't do.",3da19f637b3e4d3e93a868b44102e4ae
spotify:track:71b4qdVOOUJoWG5ey7DOsp,a28a4930e9644a559d47cb1459c2c0a3,2026-06-08T18:45:59Z,-1,"Yikes! I don't disagree but yes, probably a good thing he is getting this out on stage.",3da19f637b3e4d3e93a868b44102e4ae
spotify:track:7F6UQyVvrmYAVyxxUF2MhT,a28a4930e9644a559d47cb1459c2c0a3,2026-06-08T18:45:59Z,3,"This is a group the wife and I checked out recently (listening, not a show). Probably won't become a regular rotation for me, but I like it.",3da19f637b3e4d3e93a868b44102e4ae
spotify:track:7vJSMyOOtIYC1KpeyRNxgt,a28a4930e9644a559d47cb1459c2c0a3,2026-06-08T18:45:59Z,3,"I'm not gonna play it before bedtime or anything, but this is how you do a pulsing beat without driving the listener crazy after awhile. Thanks for this one!",3da19f637b3e4d3e93a868b44102e4ae
spotify:track:7vJSMyOOtIYC1KpeyRNxgt,2acd20c2132e44d7bd36b48ea1c0f195,2026-06-08T18:56:32Z,-1,,3da19f637b3e4d3e93a868b44102e4ae
spotify:track:7F6UQyVvrmYAVyxxUF2MhT,2acd20c2132e44d7bd36b48ea1c0f195,2026-06-08T18:56:32Z,4,,3da19f637b3e4d3e93a868b44102e4ae
spotify:track:75GQIYnRaBg7ndHxhfYuQy,2acd20c2132e44d7bd36b48ea1c0f195,2026-06-08T18:56:32Z,1,,3da19f637b3e4d3e93a868b44102e4ae
spotify:track:71b4qdVOOUJoWG5ey7DOsp,2acd20c2132e44d7bd36b48ea1c0f195,2026-06-08T18:56:32Z,3,,3da19f637b3e4d3e93a868b44102e4ae
spotify:track:6CGk7ABnnWh2dHlT59R255,2acd20c2132e44d7bd36b48ea1c0f195,2026-06-08T18:56:32Z,3,,3da19f637b3e4d3e93a868b44102e4ae
spotify:track:5sJiLlgQKBL81QCTOkoLB5,2acd20c2132e44d7bd36b48ea1c0f195,2026-06-08T18:56:32Z,4,,3da19f637b3e4d3e93a868b44102e4ae
spotify:track:5BAJDNTutBFJL27pKunac1,2acd20c2132e44d7bd36b48ea1c0f195,2026-06-08T18:56:32Z,2,,3da19f637b3e4d3e93a868b44102e4ae
spotify:track:4vTF6h1NrPvRtrOCZQJzKw,2acd20c2132e44d7bd36b48ea1c0f195,2026-06-08T18:56:32Z,-1,,3da19f637b3e4d3e93a868b44102e4ae
spotify:track:43TN8zLpTz75TIvWSZ6cr3,2acd20c2132e44d7bd36b48ea1c0f195,2026-06-08T18:56:32Z,2,,3da19f637b3e4d3e93a868b44102e4ae
spotify:track:2b3zAIU06DRxvl7PehalzZ,2acd20c2132e44d7bd36b48ea1c0f195,2026-06-08T18:56:32Z,2,,3da19f637b3e4d3e93a868b44102e4ae
spotify:track:1YzNHqhyj7j8A0CL30lUgd,2acd20c2132e44d7bd36b48ea1c0f195,2026-06-08T18:56:32Z,1,,3da19f637b3e4d3e93a868b44102e4ae
spotify:track:0Xv42V70k6KSOxHCaW0QWF,2acd20c2132e44d7bd36b48ea1c0f195,2026-06-08T18:56:32Z,-2,,3da19f637b3e4d3e93a868b44102e4ae
spotify:track:0R0jrqAOaFtDSDSaUEvpN2,2acd20c2132e44d7bd36b48ea1c0f195,2026-06-08T18:56:32Z,3,,3da19f637b3e4d3e93a868b44102e4ae
spotify:track:0k9JIBszlCqCa4SpXI353F,2acd20c2132e44d7bd36b48ea1c0f195,2026-06-08T18:56:32Z,4,,3da19f637b3e4d3e93a868b44102e4ae
spotify:track:0dv1w0npDQliBX9HSVT3hg,2acd20c2132e44d7bd36b48ea1c0f195,2026-06-08T18:56:32Z,3,,3da19f637b3e4d3e93a868b44102e4ae
spotify:track:0970yaWdsPnVWn8Ej9qfy2,2acd20c2132e44d7bd36b48ea1c0f195,2026-06-08T18:56:32Z,-1,,3da19f637b3e4d3e93a868b44102e4ae
spotify:track:7wbdd3b6ZrJllGZuRJtNGV,2acd20c2132e44d7bd36b48ea1c0f195,2026-06-08T18:56:32Z,3,,3da19f637b3e4d3e93a868b44102e4ae
spotify:track:0k9JIBszlCqCa4SpXI353F,8a006758b7e4400d94f2eb943efee15c,2026-06-08T18:57:23Z,-1,"A not unpleasant racket, but I liked it less than most of the other stuff. The first underserved downvote of the league but probably not the last.",3da19f637b3e4d3e93a868b44102e4ae
spotify:track:0970yaWdsPnVWn8Ej9qfy2,8a006758b7e4400d94f2eb943efee15c,2026-06-08T18:57:23Z,1,"Culchie O'Hara comes bursting out of the tunnel with a mopey effort and a comment worthy of Eitzel himself. The song put me in mind of Bill Callahan more than ME. I note that the narrator doesn't write the saddest song, making it the indie miserables equivalent of that Tenacious D song about writing the greatest song in the world but then forgetting it.",3da19f637b3e4d3e93a868b44102e4ae
spotify:track:0dv1w0npDQliBX9HSVT3hg,8a006758b7e4400d94f2eb943efee15c,2026-06-08T18:57:23Z,1,"'That's nice,' said my daughter sarcastically as she saw the title of this on the car display. However she was failing to appreciate the Dylan-goes-Goth quality of the lyrics. I should listen to more Iceage.",3da19f637b3e4d3e93a868b44102e4ae
spotify:track:0R0jrqAOaFtDSDSaUEvpN2,8a006758b7e4400d94f2eb943efee15c,2026-06-08T18:57:23Z,3,I liked this immediately and then each listen revealed another layer. A warm and welcome respite from indie shenanigans. ,3da19f637b3e4d3e93a868b44102e4ae
spotify:track:0rY4LJe7trV2DaNuD5pwjG,8a006758b7e4400d94f2eb943efee15c,2026-06-08T18:57:23Z,3,"Sorry to hear about Gordon. I'd think this is a pretty wonderful send off for anyone. I've bought at least two Craig Armstrong albums for the Paul Buchanan content, but many other joys to be had within.",3da19f637b3e4d3e93a868b44102e4ae
spotify:track:0Xv42V70k6KSOxHCaW0QWF,8a006758b7e4400d94f2eb943efee15c,2026-06-08T18:57:23Z,4,"Top the heap this week, even if we have had him twice before (or three times, if you ask the search tool, which has him mixed up with some guy called John). It's snarky and yet kind of sympathetic as well - I mean, the debut album guy is annoying but I sort of admire his enthusiasm and would indeed buy his debut album. ",3da19f637b3e4d3e93a868b44102e4ae
spotify:track:1Hv1VTm8zeOeybub15mA2R,8a006758b7e4400d94f2eb943efee15c,2026-06-08T18:57:23Z,-2,"Enjoyable enough to hear again, and I can possibly appreciate this a bit more than I did at the time when it was far too wine bar sophisticate for me, but it's also immensely familiar.",3da19f637b3e4d3e93a868b44102e4ae
spotify:track:1YzNHqhyj7j8A0CL30lUgd,8a006758b7e4400d94f2eb943efee15c,2026-06-08T18:57:23Z,3,Love the Steve Shelley's dad story. I think the only dad of a rock star I've ever worked with is the father of James Cox from the very good Crows. Who actually don't sound that different to this very enjoyable ear-pounding.,3da19f637b3e4d3e93a868b44102e4ae
spotify:track:2b3zAIU06DRxvl7PehalzZ,8a006758b7e4400d94f2eb943efee15c,2026-06-08T18:57:23Z,2,I'm glad you went with the obscure (18 listeners) alternative to Modest Mouse. This one worked its way into my skull on repeat listens. I liked the chemistry between the two vocalists. Did not like their name sounding so much like Sun Kil Moon.,3da19f637b3e4d3e93a868b44102e4ae
spotify:track:4vTF6h1NrPvRtrOCZQJzKw,8a006758b7e4400d94f2eb943efee15c,2026-06-08T18:57:23Z,1,"Thrush and the Cunts would have got all the points, obviously. This sounds like the worst summer ever. It's very good.",3da19f637b3e4d3e93a868b44102e4ae
spotify:track:5BAJDNTutBFJL27pKunac1,8a006758b7e4400d94f2eb943efee15c,2026-06-08T18:57:23Z,2,"Fond memories of the original version appearing at the end of the first episode of The Return. I went on a bit of a Chromatics bender after that, but I don't remember hearing this version and I loved the little nods to the show in it (backwards sound effects and all).",3da19f637b3e4d3e93a868b44102e4ae
spotify:track:5sJiLlgQKBL81QCTOkoLB5,8a006758b7e4400d94f2eb943efee15c,2026-06-08T18:57:23Z,0,"My god, I've somehow got through life thinking Inner City were Londoners. I didn't;think even know this had been a hit internationally. Evokes big sixth-form nostalgia, but the points are going to have to go to stuff I don't know as well.",3da19f637b3e4d3e93a868b44102e4ae
spotify:track:5UIRG5DrJ3bjOo0RpjEZyI,8a006758b7e4400d94f2eb943efee15c,2026-06-08T18:57:23Z,4,"They actually were one of the first bands that came to mind when I was choosing. They're not just about hitting guitars with mallets, they also put aeolian hairs on the top of Bidston Observatory. One of them apparently has a day job as a receptionist at the University of Liverpool, which makes me wonder if he's ever given security access (or more likely refused it) to the submitter of this song.",3da19f637b3e4d3e93a868b44102e4ae
spotify:track:6CGk7ABnnWh2dHlT59R255,8a006758b7e4400d94f2eb943efee15c,2026-06-08T18:57:23Z,-1,"I wonder how this sounds now if you're 15. Possibly like those records from the 50s about rocket travel. Anyway I was well into this at the time, though they sound a bit cringe now.",3da19f637b3e4d3e93a868b44102e4ae
spotify:track:71b4qdVOOUJoWG5ey7DOsp,8a006758b7e4400d94f2eb943efee15c,2026-06-08T18:57:23Z,-1,"...unless of course you are Michael O'Hara doing a double bluff????

I wouldn't have guessed this was a 2024 record.  Admirably obscure, but ultimately not that interesting. ",3da19f637b3e4d3e93a868b44102e4ae
spotify:track:75GQIYnRaBg7ndHxhfYuQy,8a006758b7e4400d94f2eb943efee15c,2026-06-08T18:57:23Z,2,"Should we be worried that this song about the virginal singer discovering the joy of sex opens with him sweatily grunting 'MAMA'? Different times, etc",3da19f637b3e4d3e93a868b44102e4ae
spotify:track:7F6UQyVvrmYAVyxxUF2MhT,8a006758b7e4400d94f2eb943efee15c,2026-06-08T18:57:23Z,3,"Good stuff. Sounds like it's constantly about to fall apart any second for the first half, then sort of does, then isn't quite as interesting when it puts itself back together.",3da19f637b3e4d3e93a868b44102e4ae
spotify:track:7vJSMyOOtIYC1KpeyRNxgt,8a006758b7e4400d94f2eb943efee15c,2026-06-08T18:57:23Z,2,"Is this really 1977? Sounds at least a couple of years ahead of the game if so. I've encountered these before in a different league, promised myself to investigate further, and then forgotten. I'll try to remember this time.",3da19f637b3e4d3e93a868b44102e4ae
spotify:track:7wbdd3b6ZrJllGZuRJtNGV,8a006758b7e4400d94f2eb943efee15c,2026-06-08T18:57:23Z,4,I want more bubble sex.,3da19f637b3e4d3e93a868b44102e4ae
spotify:track:00IOLiCulnCCAvRxTfLlfi,c2908202c05c4119b9af99d832f55b9b,2026-06-11T14:48:25Z,-1,So I have to take it on faith that the song contains all the elements you claim it does?  I'm no fool!  The reggae section just about broke me.,af98a1e59bc94dadab7babd9a990bddc
spotify:track:0dYE4e25k2F8l7VLmTW9KD,c2908202c05c4119b9af99d832f55b9b,2026-06-11T14:48:25Z,-2,I always thought The Whitlams sounded like a neutered Little River Band.,af98a1e59bc94dadab7babd9a990bddc
spotify:track:2fEhqGeXcGiJs3WmqysJ8X,c2908202c05c4119b9af99d832f55b9b,2026-06-11T14:48:25Z,3,"Sounds like it was recorded in a public bathroom.  Yes, I am pedantic about production.  The 60's style vocal does save it a bit.",af98a1e59bc94dadab7babd9a990bddc
spotify:track:2hWQJ4Knog5SqDpq01s8hU,c2908202c05c4119b9af99d832f55b9b,2026-06-11T14:48:25Z,3,Another one where the vocal performance saves it.  Not sure what soundwriting is but I assume it has something do to with bells.,af98a1e59bc94dadab7babd9a990bddc
spotify:track:2yKZBTt2VUDooMaVZAgtEU,c2908202c05c4119b9af99d832f55b9b,2026-06-11T14:48:25Z,2,"My predeliction for downvoting oughts 'punk' bands does not transfer to these guys, this is quite an excellent album.  Given I couldn't hear the submission did you pick the acoustic version?  If so ... why?",af98a1e59bc94dadab7babd9a990bddc
spotify:track:2zrs8tiXiqTC3Bd92TgjYI,c2908202c05c4119b9af99d832f55b9b,2026-06-11T14:48:25Z,3,"Authentically 90's, somewhere between Britpop and the Breeders.  I do appreciate the reminder that they existed.  And I do appreciate those who dug a bit deeper and didn't default to a song with a female title.",af98a1e59bc94dadab7babd9a990bddc
spotify:track:3aA5fk4c6a7e5HM4rJqkSF,c2908202c05c4119b9af99d832f55b9b,2026-06-11T14:48:25Z,0,Really needs some sort of reference to waltzing in the lyrics.  The deft drumming helps distract from the affected yowling.,af98a1e59bc94dadab7babd9a990bddc
spotify:track:3pf96IFggfQuT6Gafqx2rt,c2908202c05c4119b9af99d832f55b9b,2026-06-11T14:48:25Z,3,During each Boston Bruins game they let one of the players pick a song to be played in the arena and for the most part they are execrable but one Euro has a thing for Boney M which redeems the whole exercise when his pick comes around.,af98a1e59bc94dadab7babd9a990bddc
spotify:track:4DWFSrNnZXow1aB96gByho,c2908202c05c4119b9af99d832f55b9b,2026-06-11T14:48:25Z,2,"Some early bubblegum, not my favorite by them but the extra production touches make it a bit more special and the use of ""etc"" in the chorus is quite clever.",af98a1e59bc94dadab7babd9a990bddc
spotify:track:59rSjZAHfFktNxjtx7oM4H,c2908202c05c4119b9af99d832f55b9b,2026-06-11T14:48:25Z,2,"The only thing worse than going through the 80's with the name ""Caroline"" could be the mixtapes received by girls named ""Sara(h)"" ... anyone who segues this with the Starship song deserves the rejection they soundly received.  Using the single edit would have gotten you extra points.",af98a1e59bc94dadab7babd9a990bddc
spotify:track:5c2I3Ad1uAhUyxsdDshLL9,c2908202c05c4119b9af99d832f55b9b,2026-06-11T14:48:25Z,0,This is the melding of a band I really dislike with a band I really like.  At least they don't totally cancel each other out here.  Needs a Brady Bunch reference in the lyrics.,af98a1e59bc94dadab7babd9a990bddc
spotify:track:5KDNFlHAdDJ84fhK27c35X,c2908202c05c4119b9af99d832f55b9b,2026-06-11T14:48:25Z,-2,I am immune to the charms of Tool and that transfers to A Perfect Circle.  His vocal style is remarkably similar to a strangled moose.  Don't ask how I know what that sounds like.,af98a1e59bc94dadab7babd9a990bddc
spotify:track:62zFcDLa1CjCY9yp6VO4ga,c2908202c05c4119b9af99d832f55b9b,2026-06-11T14:48:25Z,2,They cancelled at the festival I went to a few years ago but at least Caroline Rose took their place.  Very retro bass line which is always a plus.  The unintentional segue into Aaron Neville really works as well.,af98a1e59bc94dadab7babd9a990bddc
spotify:track:62Zhg5wQl9Dp80EhiYGhvd,c2908202c05c4119b9af99d832f55b9b,2026-06-11T14:48:25Z,2,Tough to take exception to anything Aaron Neville touches but the song is a bit thin and unfocused ... makes sense it's part of an odds and sods so we won't penalize it for that.,af98a1e59bc94dadab7babd9a990bddc
spotify:track:6slYEgeezVhJyqSA9UwOAl,c2908202c05c4119b9af99d832f55b9b,2026-06-11T14:48:25Z,6,"I had a really tough time handing out points this round, so the good stuff was disproportionately rewarded.  The gold medal winner this round.  The remix is very punchy and is a welcome clean-up of the somewhat thin vocal on the original.",af98a1e59bc94dadab7babd9a990bddc
spotify:track:6xTp4nC8NBRSYMxGqIikSh,c2908202c05c4119b9af99d832f55b9b,2026-06-11T14:48:25Z,6,"Her new LP is an AOY contender, her best yet.  That's no insult to prior efforts like this, which deserves the Zero 7 reference in the notes.  The silver medal winner this week.",af98a1e59bc94dadab7babd9a990bddc
spotify:track:7aaDI1nm37aGLjjoQo34RY,c2908202c05c4119b9af99d832f55b9b,2026-06-11T14:48:25Z,1,"Danish bands always have such a crisp production sound, which I definitely prefer.",af98a1e59bc94dadab7babd9a990bddc
spotify:track:00IOLiCulnCCAvRxTfLlfi,2acd20c2132e44d7bd36b48ea1c0f195,2026-06-11T18:48:28Z,3,,af98a1e59bc94dadab7babd9a990bddc
spotify:track:0dYE4e25k2F8l7VLmTW9KD,2acd20c2132e44d7bd36b48ea1c0f195,2026-06-11T18:48:28Z,1,,af98a1e59bc94dadab7babd9a990bddc
spotify:track:0FBddPZCCiRYp3XcVHZZ56,2acd20c2132e44d7bd36b48ea1c0f195,2026-06-11T18:48:28Z,5,,af98a1e59bc94dadab7babd9a990bddc
spotify:track:2hWQJ4Knog5SqDpq01s8hU,2acd20c2132e44d7bd36b48ea1c0f195,2026-06-11T18:48:28Z,5,,af98a1e59bc94dadab7babd9a990bddc
spotify:track:2yKZBTt2VUDooMaVZAgtEU,2acd20c2132e44d7bd36b48ea1c0f195,2026-06-11T18:48:28Z,4,,af98a1e59bc94dadab7babd9a990bddc
spotify:track:3aA5fk4c6a7e5HM4rJqkSF,2acd20c2132e44d7bd36b48ea1c0f195,2026-06-11T18:48:28Z,-2,,af98a1e59bc94dadab7babd9a990bddc
spotify:track:3pf96IFggfQuT6Gafqx2rt,2acd20c2132e44d7bd36b48ea1c0f195,2026-06-11T18:48:28Z,3,,af98a1e59bc94dadab7babd9a990bddc
spotify:track:59rSjZAHfFktNxjtx7oM4H,2acd20c2132e44d7bd36b48ea1c0f195,2026-06-11T18:48:28Z,1,,af98a1e59bc94dadab7babd9a990bddc
spotify:track:5KDNFlHAdDJ84fhK27c35X,2acd20c2132e44d7bd36b48ea1c0f195,2026-06-11T18:48:28Z,4,,af98a1e59bc94dadab7babd9a990bddc
spotify:track:62zFcDLa1CjCY9yp6VO4ga,2acd20c2132e44d7bd36b48ea1c0f195,2026-06-11T18:48:28Z,-2,,af98a1e59bc94dadab7babd9a990bddc
spotify:track:62Zhg5wQl9Dp80EhiYGhvd,2acd20c2132e44d7bd36b48ea1c0f195,2026-06-11T18:48:28Z,6,,af98a1e59bc94dadab7babd9a990bddc
spotify:track:6slYEgeezVhJyqSA9UwOAl,2acd20c2132e44d7bd36b48ea1c0f195,2026-06-11T18:48:28Z,1,,af98a1e59bc94dadab7babd9a990bddc
spotify:track:6xTp4nC8NBRSYMxGqIikSh,2acd20c2132e44d7bd36b48ea1c0f195,2026-06-11T18:48:28Z,2,,af98a1e59bc94dadab7babd9a990bddc
spotify:track:7aaDI1nm37aGLjjoQo34RY,2acd20c2132e44d7bd36b48ea1c0f195,2026-06-11T18:48:28Z,-1,,af98a1e59bc94dadab7babd9a990bddc
spotify:track:00IOLiCulnCCAvRxTfLlfi,d0b05394a4f7482b95d5e0aeecbaa33a,2026-06-11T23:38:44Z,3,Kooky French lyrics and sharing the same name as my song? But what is going on? Eurochaotic novelty points.,af98a1e59bc94dadab7babd9a990bddc
spotify:track:0dYE4e25k2F8l7VLmTW9KD,d0b05394a4f7482b95d5e0aeecbaa33a,2026-06-11T23:38:44Z,-1,"Rollicking, yes, this is the word to describe some music that grates on me. Not my thing. Could very easily be an opening song to an 80s or 90s sitcom.",af98a1e59bc94dadab7babd9a990bddc
spotify:track:0FBddPZCCiRYp3XcVHZZ56,d0b05394a4f7482b95d5e0aeecbaa33a,2026-06-11T23:38:44Z,3,"It’s hot and summer humid in my neck of the woods this week, and it pairs nice with a glass of Motown. ",af98a1e59bc94dadab7babd9a990bddc
spotify:track:2fEhqGeXcGiJs3WmqysJ8X,d0b05394a4f7482b95d5e0aeecbaa33a,2026-06-11T23:38:44Z,3,Nice and proper angsty.,af98a1e59bc94dadab7babd9a990bddc
spotify:track:2hWQJ4Knog5SqDpq01s8hU,d0b05394a4f7482b95d5e0aeecbaa33a,2026-06-11T23:38:44Z,3,"Ethereal, pretty. ",af98a1e59bc94dadab7babd9a990bddc
spotify:track:2yKZBTt2VUDooMaVZAgtEU,d0b05394a4f7482b95d5e0aeecbaa33a,2026-06-11T23:38:44Z,-1,"I keep trying. I tried. I should like this, by all accounts. I guess the tar is still sticky. Someday. ",af98a1e59bc94dadab7babd9a990bddc
spotify:track:2zrs8tiXiqTC3Bd92TgjYI,d0b05394a4f7482b95d5e0aeecbaa33a,2026-06-11T23:38:44Z,4,Bam! Right in the 90s! It looks like you linked the garden of earthly delights—which I completed as a 2000 piece puzzle—and my cat would not stop sitting on it. Had to leave it on the kitchen table for a month. It is quite fun to look at. You could always find something new.,af98a1e59bc94dadab7babd9a990bddc
spotify:track:3aA5fk4c6a7e5HM4rJqkSF,d0b05394a4f7482b95d5e0aeecbaa33a,2026-06-11T23:38:44Z,3,"I see what you mean about flip-flopping on this song’s sound. It’s tender, but it’s a bit weird. On each successive listen, I felt that the weirdness started to work.",af98a1e59bc94dadab7babd9a990bddc
spotify:track:3pf96IFggfQuT6Gafqx2rt,d0b05394a4f7482b95d5e0aeecbaa33a,2026-06-11T23:38:44Z,-1,"I don’t know how such a bright and shiny song is overly familiar to someone like me. Truly apologetic downvote.

But Rasputin is an absolute masterpiece. I’m so fun at parties I often like to point out that Rasputin’s grandchildren were still alive when the song came out, effectively meaning that they had to hear about how sexy grandpa was on the radio. ",af98a1e59bc94dadab7babd9a990bddc
spotify:track:4DWFSrNnZXow1aB96gByho,d0b05394a4f7482b95d5e0aeecbaa33a,2026-06-11T23:38:44Z,-1,"My brother was obsessed with the Turtles one summer. Nonstop Turtles. I used to like them. A bit tragic, really.",af98a1e59bc94dadab7babd9a990bddc
spotify:track:59rSjZAHfFktNxjtx7oM4H,d0b05394a4f7482b95d5e0aeecbaa33a,2026-06-11T23:38:44Z,-1,"They were a family staple growing up, so overfamiliar to me. And even tho Stevie Nicks is a distant cousin, and I do believe the lady is a witch, hopefully this DV won’t give me bad juju. ",af98a1e59bc94dadab7babd9a990bddc
spotify:track:5c2I3Ad1uAhUyxsdDshLL9,d0b05394a4f7482b95d5e0aeecbaa33a,2026-06-11T23:38:44Z,3,I also enjoy his voice.,af98a1e59bc94dadab7babd9a990bddc
spotify:track:5KDNFlHAdDJ84fhK27c35X,d0b05394a4f7482b95d5e0aeecbaa33a,2026-06-11T23:38:44Z,2,"This song and the lore behind it ran deep back when this came out, justifiable tragic peak alt-rock angst. I didn’t expect to hear it in league. Teenage me indulges you today. ",af98a1e59bc94dadab7babd9a990bddc
spotify:track:62zFcDLa1CjCY9yp6VO4ga,d0b05394a4f7482b95d5e0aeecbaa33a,2026-06-11T23:38:44Z,2,"I’d heard good things but hadn’t gotten around to listening yet. Smooth summer hammock listening, I could see this really growing on me. ",af98a1e59bc94dadab7babd9a990bddc
spotify:track:62Zhg5wQl9Dp80EhiYGhvd,d0b05394a4f7482b95d5e0aeecbaa33a,2026-06-11T23:38:44Z,3,"Toussaint was a musical octopus, tentacles in everything. Neville’s voice is as you describe. Clever choice. ",af98a1e59bc94dadab7babd9a990bddc
spotify:track:6slYEgeezVhJyqSA9UwOAl,d0b05394a4f7482b95d5e0aeecbaa33a,2026-06-11T23:38:44Z,4,"Oh man, this is capital ‘C’ Catchy. I wonder how I missed these guys?!",af98a1e59bc94dadab7babd9a990bddc
spotify:track:6xTp4nC8NBRSYMxGqIikSh,d0b05394a4f7482b95d5e0aeecbaa33a,2026-06-11T23:38:44Z,0,Sorry Caroline. I’ve always liked your name.,af98a1e59bc94dadab7babd9a990bddc
spotify:track:7aaDI1nm37aGLjjoQo34RY,d0b05394a4f7482b95d5e0aeecbaa33a,2026-06-11T23:38:44Z,2,"This grew on me, and I did enjoy the lyrics. ",af98a1e59bc94dadab7babd9a990bddc
spotify:track:00IOLiCulnCCAvRxTfLlfi,de4eea8c425949deaa2c55f0c21ccd7d,2026-06-12T02:36:54Z,3,"I like French.  Rap, not so much.  But I will say: It's different and has good beats and smooth wordplay.  And ragamuffins, which always help.,",af98a1e59bc94dadab7babd9a990bddc
spotify:track:0dYE4e25k2F8l7VLmTW9KD,de4eea8c425949deaa2c55f0c21ccd7d,2026-06-12T02:36:54Z,2,"Far too happy-sounding for my tastes, but it slipped thru my cynical defenses a bit.",af98a1e59bc94dadab7babd9a990bddc
spotify:track:0FBddPZCCiRYp3XcVHZZ56,de4eea8c425949deaa2c55f0c21ccd7d,2026-06-12T02:36:54Z,4,New to me.  Lovely stuff.,af98a1e59bc94dadab7babd9a990bddc
spotify:track:2fEhqGeXcGiJs3WmqysJ8X,de4eea8c425949deaa2c55f0c21ccd7d,2026-06-12T02:36:54Z,5,"Reminds me a bit of The Twilight Sad, if they were less clear on how to keep their instruments in tune.  Very good though, honestly!",af98a1e59bc94dadab7babd9a990bddc
spotify:track:2hWQJ4Knog5SqDpq01s8hU,de4eea8c425949deaa2c55f0c21ccd7d,2026-06-12T02:36:54Z,3,Really nice.,af98a1e59bc94dadab7babd9a990bddc
spotify:track:2yKZBTt2VUDooMaVZAgtEU,de4eea8c425949deaa2c55f0c21ccd7d,2026-06-12T02:36:54Z,1,"Sorry, just didn't do much for me.  No idea what he's going on about.",af98a1e59bc94dadab7babd9a990bddc
spotify:track:2zrs8tiXiqTC3Bd92TgjYI,de4eea8c425949deaa2c55f0c21ccd7d,2026-06-12T02:36:54Z,1,Forgettable.,af98a1e59bc94dadab7babd9a990bddc
spotify:track:3aA5fk4c6a7e5HM4rJqkSF,de4eea8c425949deaa2c55f0c21ccd7d,2026-06-12T02:36:54Z,-2,"Sorry, this really rubs me the wrong way.  I wanna punch the singer in the face.",af98a1e59bc94dadab7babd9a990bddc
spotify:track:4DWFSrNnZXow1aB96gByho,de4eea8c425949deaa2c55f0c21ccd7d,2026-06-12T02:36:54Z,-1,Heard this enough already.,af98a1e59bc94dadab7babd9a990bddc
spotify:track:59rSjZAHfFktNxjtx7oM4H,de4eea8c425949deaa2c55f0c21ccd7d,2026-06-12T02:36:54Z,-1,I happen to like this song a lot.  But I am philosophically opposed to seeing Fleetwood Mac here.  Go deeper.,af98a1e59bc94dadab7babd9a990bddc
spotify:track:5c2I3Ad1uAhUyxsdDshLL9,de4eea8c425949deaa2c55f0c21ccd7d,2026-06-12T02:36:54Z,1,Just okay.,af98a1e59bc94dadab7babd9a990bddc
spotify:track:5KDNFlHAdDJ84fhK27c35X,de4eea8c425949deaa2c55f0c21ccd7d,2026-06-12T02:36:54Z,-1,Gah.  Blech.  Hurl.,af98a1e59bc94dadab7babd9a990bddc
spotify:track:62zFcDLa1CjCY9yp6VO4ga,de4eea8c425949deaa2c55f0c21ccd7d,2026-06-12T02:36:54Z,2,"Good groove.  Play that funky music, white boys (and girl).",af98a1e59bc94dadab7babd9a990bddc
spotify:track:62Zhg5wQl9Dp80EhiYGhvd,de4eea8c425949deaa2c55f0c21ccd7d,2026-06-12T02:36:54Z,6,Now that's fuckin great.  Excellent selection.,af98a1e59bc94dadab7babd9a990bddc
spotify:track:6slYEgeezVhJyqSA9UwOAl,de4eea8c425949deaa2c55f0c21ccd7d,2026-06-12T02:36:54Z,3,Used in season 4.  Compelling funkiness.  The singing and lyrics let it down.,af98a1e59bc94dadab7babd9a990bddc
spotify:track:6xTp4nC8NBRSYMxGqIikSh,de4eea8c425949deaa2c55f0c21ccd7d,2026-06-12T02:36:54Z,2,"I dunno, I'm not quite convinced by this.  The music is nice enough.",af98a1e59bc94dadab7babd9a990bddc
spotify:track:7aaDI1nm37aGLjjoQo34RY,de4eea8c425949deaa2c55f0c21ccd7d,2026-06-12T02:36:54Z,2,I can respect this.,af98a1e59bc94dadab7babd9a990bddc
spotify:track:00IOLiCulnCCAvRxTfLlfi,2841805d6e4f44b1814aa495dc2150c1,2026-06-12T19:19:28Z,4,"Ragamuffins, you say?  SOLD.  The flow (am I hip or using terms from a decade ago) is great.  Reminds this oldster of MC 900 Ft. Jesus' ""The City Sleeps"", groovy and moody, which is then shattered by my song next in the playlist. ",af98a1e59bc94dadab7babd9a990bddc
spotify:track:0dYE4e25k2F8l7VLmTW9KD,2841805d6e4f44b1814aa495dc2150c1,2026-06-12T19:19:28Z,0,"Way back in Firefly e-mail days, a tapeswap brought me an all-Australian 2 tape trove of treasures.  ""Life's A Beach"" and ""No Aphrodisiacs"" from their third album were included, and hooked me to buy their past two albums and find gems like this.",af98a1e59bc94dadab7babd9a990bddc
spotify:track:0FBddPZCCiRYp3XcVHZZ56,2841805d6e4f44b1814aa495dc2150c1,2026-06-12T19:19:28Z,3,"Love this.  I had a song with a similar groove slated for the alt-league, but Thee Sacred Souls having 9M monthly listeners would have been a DV magnet.",af98a1e59bc94dadab7babd9a990bddc
spotify:track:2fEhqGeXcGiJs3WmqysJ8X,2841805d6e4f44b1814aa495dc2150c1,2026-06-12T19:19:28Z,2,"This becomes much more enjoyable at the 3:00 ramp up, averted the DV.",af98a1e59bc94dadab7babd9a990bddc
spotify:track:2hWQJ4Knog5SqDpq01s8hU,2841805d6e4f44b1814aa495dc2150c1,2026-06-12T19:19:28Z,-1,The album title sounds like a Macbeth location where the witches three shall meet.,af98a1e59bc94dadab7babd9a990bddc
spotify:track:2yKZBTt2VUDooMaVZAgtEU,2841805d6e4f44b1814aa495dc2150c1,2026-06-12T19:19:28Z,1,"Previous submission explains why the YT song link's photo looks familiar.  I thought this - https://www.youtube.com/watch?v=NSSNvVNgHWA - was Brand New and my “GYMBRO!” acid reflux almost tagged a DV. The recorded version is better. 

From the better YT link, ""I remember how badly I shit my self when the ending kicked in the first time I heard Luca."" is faint praise.  ""Um ... neat?"" I have votes to spare, so have one.",af98a1e59bc94dadab7babd9a990bddc
spotify:track:2zrs8tiXiqTC3Bd92TgjYI,2841805d6e4f44b1814aa495dc2150c1,2026-06-12T19:19:28Z,3,"Thanks to another all-Aussie ‘decade by decade’ ML round, bought Thunderhead and the Aquamarine EP (w/ a ""Wichita Lineman"" cover).  Reminds me of Veruca Salt and others of the time.",af98a1e59bc94dadab7babd9a990bddc
spotify:track:3aA5fk4c6a7e5HM4rJqkSF,2841805d6e4f44b1814aa495dc2150c1,2026-06-12T19:19:28Z,-1,"The ""unique rhythms"" gonna get you.  The vocals, too, slot them with quirky bands like Field Music, to me.",af98a1e59bc94dadab7babd9a990bddc
spotify:track:3pf96IFggfQuT6Gafqx2rt,2841805d6e4f44b1814aa495dc2150c1,2026-06-12T19:19:28Z,-1,"Avec apologies.  Hits like Love Boat scene music.  Oh, Doc, you rascal.",af98a1e59bc94dadab7babd9a990bddc
spotify:track:4DWFSrNnZXow1aB96gByho,2841805d6e4f44b1814aa495dc2150c1,2026-06-12T19:19:28Z,1,"The Raspberries apology last round is nothing compared to The Turtles' ""I'm Chief Kamanawanalea"".  Wink wink nudge nudge.  Sigh.  1968, the good ol' days.   Seems like even then, we should have known better.",af98a1e59bc94dadab7babd9a990bddc
spotify:track:59rSjZAHfFktNxjtx7oM4H,2841805d6e4f44b1814aa495dc2150c1,2026-06-12T19:19:28Z,2,"Lovely song, def highlight on this album.",af98a1e59bc94dadab7babd9a990bddc
spotify:track:5c2I3Ad1uAhUyxsdDshLL9,2841805d6e4f44b1814aa495dc2150c1,2026-06-12T19:19:28Z,1,"Like both bands, but they both drift through my ears without settling.",af98a1e59bc94dadab7babd9a990bddc
spotify:track:5KDNFlHAdDJ84fhK27c35X,2841805d6e4f44b1814aa495dc2150c1,2026-06-12T19:19:28Z,1,"For all the dings Rush fans get, Tool fans are even more likely to trap you in a corner at a party and proselytize. “Polyrhythms!  Time signature changes!”",af98a1e59bc94dadab7babd9a990bddc
spotify:track:62zFcDLa1CjCY9yp6VO4ga,2841805d6e4f44b1814aa495dc2150c1,2026-06-12T19:19:28Z,6,"Three (!!) albums in 2025.  Equus Caballus is my favorite, and whenever I finally work up my 2025 faves list, either 1st or 2nd for the year.  ""Tailwhip"" was my fandom entry.  If you like Chromatics, Men I Trust has a similar warm, enveloping vibe, albeit a few genres away.",af98a1e59bc94dadab7babd9a990bddc
spotify:track:62Zhg5wQl9Dp80EhiYGhvd,2841805d6e4f44b1814aa495dc2150c1,2026-06-12T19:19:28Z,3,Forgot the Midnight Oil track with this name on my search.,af98a1e59bc94dadab7babd9a990bddc
spotify:track:6slYEgeezVhJyqSA9UwOAl,2841805d6e4f44b1814aa495dc2150c1,2026-06-12T19:19:28Z,-2,"Not sure if it's the vocals or the slap bass or the percussion, but this is a peanut butter and jelly sandwich with extra pickled herring and garam masala.",af98a1e59bc94dadab7babd9a990bddc
spotify:track:6xTp4nC8NBRSYMxGqIikSh,2841805d6e4f44b1814aa495dc2150c1,2026-06-12T19:19:28Z,4,"Mmm, Zero 7.  ""Swimmers"" is a great tune.  I've heard her latest album, but not this one.  Will check it out.",af98a1e59bc94dadab7babd9a990bddc
spotify:track:7aaDI1nm37aGLjjoQo34RY,2841805d6e4f44b1814aa495dc2150c1,2026-06-12T19:19:28Z,4,Morten's a familiar name thanks to A-ha.  Like the music on this and the vocals.,af98a1e59bc94dadab7babd9a990bddc
spotify:track:00IOLiCulnCCAvRxTfLlfi,86c3935108da4e26bfb2081392ed35c5,2026-06-13T14:24:41Z,3,"Groove was great, my guess is the lyrics were good, great out of the box choice. ",af98a1e59bc94dadab7babd9a990bddc
spotify:track:0dYE4e25k2F8l7VLmTW9KD,86c3935108da4e26bfb2081392ed35c5,2026-06-13T14:24:41Z,1,I’ll give the Australian Bare Naked Ladies an upvote. ,af98a1e59bc94dadab7babd9a990bddc
spotify:track:0FBddPZCCiRYp3XcVHZZ56,86c3935108da4e26bfb2081392ed35c5,2026-06-13T14:24:41Z,6,"This feels like you’re trying to specifically get votes from me, you have succeeded. ",af98a1e59bc94dadab7babd9a990bddc
spotify:track:2fEhqGeXcGiJs3WmqysJ8X,86c3935108da4e26bfb2081392ed35c5,2026-06-13T14:24:41Z,-1,"Weaker song in a strong field. Felt like the singer didn’t commit to the song, and the guitar solo sounded like it was played on a Casio keyboard. ",af98a1e59bc94dadab7babd9a990bddc
spotify:track:2hWQJ4Knog5SqDpq01s8hU,86c3935108da4e26bfb2081392ed35c5,2026-06-13T14:24:41Z,3,This was good. Completely unfamiliar with her,af98a1e59bc94dadab7babd9a990bddc
spotify:track:2yKZBTt2VUDooMaVZAgtEU,86c3935108da4e26bfb2081392ed35c5,2026-06-13T14:24:41Z,1,"This is such a great album, more votes would have been given except for the looming pedantry of repeat artists. ",af98a1e59bc94dadab7babd9a990bddc
spotify:track:2zrs8tiXiqTC3Bd92TgjYI,86c3935108da4e26bfb2081392ed35c5,2026-06-13T14:24:41Z,-1,Didn’t quite work for me,af98a1e59bc94dadab7babd9a990bddc
spotify:track:3aA5fk4c6a7e5HM4rJqkSF,86c3935108da4e26bfb2081392ed35c5,2026-06-13T14:24:41Z,1,"Quirky for sure, don’t think I’ve heard them before. ",af98a1e59bc94dadab7babd9a990bddc
spotify:track:3pf96IFggfQuT6Gafqx2rt,86c3935108da4e26bfb2081392ed35c5,2026-06-13T14:24:41Z,-2,No. ,af98a1e59bc94dadab7babd9a990bddc
spotify:track:4DWFSrNnZXow1aB96gByho,86c3935108da4e26bfb2081392ed35c5,2026-06-13T14:24:41Z,3,A song perfectly of its time. ,af98a1e59bc94dadab7babd9a990bddc
spotify:track:59rSjZAHfFktNxjtx7oM4H,86c3935108da4e26bfb2081392ed35c5,2026-06-13T14:24:41Z,1,I thought for sure we’ve seen Fleetwood Mac before. Solid pick here. ,af98a1e59bc94dadab7babd9a990bddc
spotify:track:5c2I3Ad1uAhUyxsdDshLL9,86c3935108da4e26bfb2081392ed35c5,2026-06-13T14:24:41Z,3,My brain was expecting the Aqua Bats and this was very different. ,af98a1e59bc94dadab7babd9a990bddc
spotify:track:5KDNFlHAdDJ84fhK27c35X,86c3935108da4e26bfb2081392ed35c5,2026-06-13T14:24:41Z,1,"Saw a video of the forming of this group. The guitar tech for Tool, Billy Howerdel, needed a place to live and Maynard invited to move into his place. Billy was working on his own demos and Maynard jumped on board and the thing blew up. I’m now retroactively annoyed with my relatively lame roommates. No",af98a1e59bc94dadab7babd9a990bddc
spotify:track:62zFcDLa1CjCY9yp6VO4ga,86c3935108da4e26bfb2081392ed35c5,2026-06-13T14:24:41Z,4,I love this bass. New artist for me. Great pick ,af98a1e59bc94dadab7babd9a990bddc
spotify:track:6slYEgeezVhJyqSA9UwOAl,86c3935108da4e26bfb2081392ed35c5,2026-06-13T14:24:41Z,5,This was a lot of fun,af98a1e59bc94dadab7babd9a990bddc
spotify:track:6xTp4nC8NBRSYMxGqIikSh,86c3935108da4e26bfb2081392ed35c5,2026-06-13T14:24:41Z,3,"I thought I knew Arlo Parks, and now I see that I did not. This was great ",af98a1e59bc94dadab7babd9a990bddc
spotify:track:7aaDI1nm37aGLjjoQo34RY,86c3935108da4e26bfb2081392ed35c5,2026-06-13T14:24:41Z,-1,This was ok. Probably an unfair downvote ,af98a1e59bc94dadab7babd9a990bddc
spotify:track:00IOLiCulnCCAvRxTfLlfi,62a98fc6d1b84e52b5f885d92cb59725,2026-06-13T17:13:43Z,1,,af98a1e59bc94dadab7babd9a990bddc
spotify:track:0dYE4e25k2F8l7VLmTW9KD,62a98fc6d1b84e52b5f885d92cb59725,2026-06-13T17:13:43Z,2,I’ve got a Whitlams CD somewhere. Like this more on the second listen. ,af98a1e59bc94dadab7babd9a990bddc
spotify:track:0FBddPZCCiRYp3XcVHZZ56,62a98fc6d1b84e52b5f885d92cb59725,2026-06-13T17:13:43Z,0,"It’s OK, but this kind of thing doesn’t really do much for me. ",af98a1e59bc94dadab7babd9a990bddc
spotify:track:2fEhqGeXcGiJs3WmqysJ8X,62a98fc6d1b84e52b5f885d92cb59725,2026-06-13T17:13:43Z,-1,I know Neil really liked this album so this is probably him. I didn’t really like it. ,af98a1e59bc94dadab7babd9a990bddc
spotify:track:2hWQJ4Knog5SqDpq01s8hU,62a98fc6d1b84e52b5f885d92cb59725,2026-06-13T17:13:43Z,4,I liked this a lot. ,af98a1e59bc94dadab7babd9a990bddc
spotify:track:2yKZBTt2VUDooMaVZAgtEU,62a98fc6d1b84e52b5f885d92cb59725,2026-06-13T17:13:43Z,-1,I’m afraid it’s going to be a “you people” outcome from me. ,af98a1e59bc94dadab7babd9a990bddc
spotify:track:2zrs8tiXiqTC3Bd92TgjYI,62a98fc6d1b84e52b5f885d92cb59725,2026-06-13T17:13:43Z,4,This is excellent.,af98a1e59bc94dadab7babd9a990bddc
spotify:track:3aA5fk4c6a7e5HM4rJqkSF,62a98fc6d1b84e52b5f885d92cb59725,2026-06-13T17:13:43Z,-1,"I saw alt-J at a festival in the very early days, and was baffled by their subsequent popularity. This is the first time I’ve listened to them since then. Still don’t like it, sorry. The vocal mannerisms are infuriating. ",af98a1e59bc94dadab7babd9a990bddc
spotify:track:3pf96IFggfQuT6Gafqx2rt,62a98fc6d1b84e52b5f885d92cb59725,2026-06-13T17:13:43Z,5,"Know this well, but it is magnificent. ",af98a1e59bc94dadab7babd9a990bddc
spotify:track:4DWFSrNnZXow1aB96gByho,62a98fc6d1b84e52b5f885d92cb59725,2026-06-13T17:13:43Z,3,"I was unaware of anything other than Happy Together, very much enjoyed this. ",af98a1e59bc94dadab7babd9a990bddc
spotify:track:59rSjZAHfFktNxjtx7oM4H,62a98fc6d1b84e52b5f885d92cb59725,2026-06-13T17:13:43Z,2,"Very familiar, but it is great. ",af98a1e59bc94dadab7babd9a990bddc
spotify:track:5c2I3Ad1uAhUyxsdDshLL9,62a98fc6d1b84e52b5f885d92cb59725,2026-06-13T17:13:43Z,4,"Haven’t listened to much Fruit Bats, but I like what I’ve heard. Including this. ",af98a1e59bc94dadab7babd9a990bddc
spotify:track:5KDNFlHAdDJ84fhK27c35X,62a98fc6d1b84e52b5f885d92cb59725,2026-06-13T17:13:43Z,-2,"Interesting back story, but I do not like this. ",af98a1e59bc94dadab7babd9a990bddc
spotify:track:62zFcDLa1CjCY9yp6VO4ga,62a98fc6d1b84e52b5f885d92cb59725,2026-06-13T17:13:43Z,5,"I just bought a Phoebe Bridgers ticket this week. Even though this isn’t her, it’s excellent. ",af98a1e59bc94dadab7babd9a990bddc
spotify:track:62Zhg5wQl9Dp80EhiYGhvd,62a98fc6d1b84e52b5f885d92cb59725,2026-06-13T17:13:43Z,1,,af98a1e59bc94dadab7babd9a990bddc
spotify:track:6xTp4nC8NBRSYMxGqIikSh,62a98fc6d1b84e52b5f885d92cb59725,2026-06-13T17:13:43Z,1,"She was everywhere a few years ago. It’s a bit bland, but OK. ",af98a1e59bc94dadab7babd9a990bddc
spotify:track:7aaDI1nm37aGLjjoQo34RY,62a98fc6d1b84e52b5f885d92cb59725,2026-06-13T17:13:43Z,3,Very good. ,af98a1e59bc94dadab7babd9a990bddc
spotify:track:00IOLiCulnCCAvRxTfLlfi,8a006758b7e4400d94f2eb943efee15c,2026-06-13T23:27:38Z,-1,"I got the bit about Chernobyl and radioactive jealousy which sounds cool, but otherwise this did nothing for me, sorry. ",af98a1e59bc94dadab7babd9a990bddc
spotify:track:0dYE4e25k2F8l7VLmTW9KD,8a006758b7e4400d94f2eb943efee15c,2026-06-13T23:27:38Z,-2,"‘A song whose title is a person’s first name’. You’re not getting past this pedant, Edward Gough Whitlam. And even if you were, I don’t like your song much (although I do like The Whitlams’ ‘Fall For You’). ",af98a1e59bc94dadab7babd9a990bddc
spotify:track:0FBddPZCCiRYp3XcVHZZ56,8a006758b7e4400d94f2eb943efee15c,2026-06-13T23:27:38Z,3,"Oh those rhymes are awesome, thanks for pointing them out. Malinda - Brenda - hinder - send her. Winner winner chicken dinner. ",af98a1e59bc94dadab7babd9a990bddc
spotify:track:2hWQJ4Knog5SqDpq01s8hU,8a006758b7e4400d94f2eb943efee15c,2026-06-13T23:27:38Z,4,"This is class. Oblique lyrics but hinting at something messy and tragic. The video has her fenced in by strings across her lounge, perhaps suggesting someone trapped in grief or memory. And hummable too!",af98a1e59bc94dadab7babd9a990bddc
spotify:track:2yKZBTt2VUDooMaVZAgtEU,8a006758b7e4400d94f2eb943efee15c,2026-06-13T23:27:38Z,-1,I am going to continue to unfairly tar them I’m afraid. ‘Drearily bloodletting this bedwetting cosmonaut’ indeed. ,af98a1e59bc94dadab7babd9a990bddc
spotify:track:2zrs8tiXiqTC3Bd92TgjYI,8a006758b7e4400d94f2eb943efee15c,2026-06-13T23:27:38Z,2,"I was  fascinated by Bosch’s paintings when I was a teenager, especially The Garden of Earthly Delights. I gather that debate rages on about its true meaning, but the message I take from it is don’t stick a bunch of flowers in your arsehole or you’ll go to hell. Sage advice. Anyway I enjoyed this shiny indiepop. ",af98a1e59bc94dadab7babd9a990bddc
spotify:track:3aA5fk4c6a7e5HM4rJqkSF,8a006758b7e4400d94f2eb943efee15c,2026-06-13T23:27:38Z,-1,"They are filed in my brain alongside Mumford and Sons, and that filing cabinet is located in a mound of steaming horse dung. Possibly this is unfair, but I’ve heard nothing here to dissuade me. ",af98a1e59bc94dadab7babd9a990bddc
spotify:track:3pf96IFggfQuT6Gafqx2rt,8a006758b7e4400d94f2eb943efee15c,2026-06-13T23:27:38Z,2,"There’s not much that can’t be improved by making it disco. This is not as subject to familiarity tax as some of their other hits, but still quite well known. ",af98a1e59bc94dadab7babd9a990bddc
spotify:track:4DWFSrNnZXow1aB96gByho,8a006758b7e4400d94f2eb943efee15c,2026-06-13T23:27:38Z,2,That’s some chorus eh? ,af98a1e59bc94dadab7babd9a990bddc
spotify:track:59rSjZAHfFktNxjtx7oM4H,8a006758b7e4400d94f2eb943efee15c,2026-06-13T23:27:38Z,3,"Never quite turns into the big tune it keeps threatening to, but gets into your head anyway. Somehow this is not that familiar to me and so I’ve sent the taxman away. ",af98a1e59bc94dadab7babd9a990bddc
spotify:track:5c2I3Ad1uAhUyxsdDshLL9,8a006758b7e4400d94f2eb943efee15c,2026-06-13T23:27:38Z,5,"This was my most repeated song on the playlist. Very sweet, a bit Beatlesy, lovely stuff. ",af98a1e59bc94dadab7babd9a990bddc
spotify:track:5KDNFlHAdDJ84fhK27c35X,8a006758b7e4400d94f2eb943efee15c,2026-06-13T23:27:38Z,1,"OK, you sold me with the back story. I don’t think I’d have gone for this otherwise. ",af98a1e59bc94dadab7babd9a990bddc
spotify:track:62zFcDLa1CjCY9yp6VO4ga,8a006758b7e4400d94f2eb943efee15c,2026-06-13T23:27:38Z,2,Is this Phoebe Bridgers?,af98a1e59bc94dadab7babd9a990bddc
spotify:track:62Zhg5wQl9Dp80EhiYGhvd,8a006758b7e4400d94f2eb943efee15c,2026-06-13T23:27:38Z,4,"I know it well, but I didn’t realise it was an Allen Toussaint song til now. The other version of this that I know is Paul Weller’s, of which the best I can say is it makes you realise how effortlessly good and light on its feet this is. ",af98a1e59bc94dadab7babd9a990bddc
spotify:track:6slYEgeezVhJyqSA9UwOAl,8a006758b7e4400d94f2eb943efee15c,2026-06-13T23:27:38Z,6,"Looking forward to seeing them later in the year sharing a bill with Peter Hook and OMD. Did they ever really better this? That slinky bass is enough to make Girvan Burnside tap a toe, believe me I’ve seen it. ",af98a1e59bc94dadab7babd9a990bddc
spotify:track:6xTp4nC8NBRSYMxGqIikSh,8a006758b7e4400d94f2eb943efee15c,2026-06-13T23:27:38Z,1,"Listened to this album quite a bit when it came out, though coming back to it now it sounds a bit smooth and tidy. Nice lyrics though, especially the flip from she said to he said. ",af98a1e59bc94dadab7babd9a990bddc
spotify:track:7aaDI1nm37aGLjjoQo34RY,8a006758b7e4400d94f2eb943efee15c,2026-06-13T23:27:38Z,0,It’s not bad but I couldn’t find it a point. Yes I know I found a point for A Perfect Circle. Sorry. ,af98a1e59bc94dadab7babd9a990bddc
spotify:track:59rSjZAHfFktNxjtx7oM4H,f269e66e73e246549e5c314009da035e,2026-06-13T23:35:33Z,-1,"I used to follow a now-extinct Substack called ""Tusk is Better Than Rumours"", which I took to be some kind of hipster challenge to mainstream opinion. My parents had a copy of Rumours, so I have a deep childhood familiarity with it, but no memory of Tusk being played in the house, so I guess they weren't hipsters (then or now). And me? Can't say I've given it an adult listen, either. And this is not persuading me, it's... kinda dull.",af98a1e59bc94dadab7babd9a990bddc
spotify:track:5c2I3Ad1uAhUyxsdDshLL9,f269e66e73e246549e5c314009da035e,2026-06-13T23:35:33Z,1,"It is a nice voice, and there’s a lightness in the guitar that appeals. But I'm finding the round a bit wan overall, this included. ",af98a1e59bc94dadab7babd9a990bddc
spotify:track:5KDNFlHAdDJ84fhK27c35X,f269e66e73e246549e5c314009da035e,2026-06-13T23:35:33Z,1,"I probably wouldn’t have paid much attention to the lyrics without your blurb, so thanks for taking me by the nose. Is he angry at God for not existing, or at her for not being angry at God? Doesn't he understand that the point of religious faith for many is that you keep it *no matter what* (I don't have any, but I think that's how it works). Hey, fair enough if he has a bit of rage in him about it all, but I can’t really relate to Maynard’s music. That later video is very moving, though.",af98a1e59bc94dadab7babd9a990bddc
spotify:track:62zFcDLa1CjCY9yp6VO4ga,f269e66e73e246549e5c314009da035e,2026-06-13T23:35:33Z,-1,"Cruisy bass line with some interesting quacks. That aside, this is all a bit lightweight for me. ",af98a1e59bc94dadab7babd9a990bddc
spotify:track:62Zhg5wQl9Dp80EhiYGhvd,f269e66e73e246549e5c314009da035e,2026-06-13T23:35:33Z,3,"Love the dude’s Spotify pic, standing there looking like Hercules himself (or a very contented brick wall), with a collapsed old wooden church as backdrop. Groovy AF.",af98a1e59bc94dadab7babd9a990bddc
spotify:track:6slYEgeezVhJyqSA9UwOAl,f269e66e73e246549e5c314009da035e,2026-06-13T23:35:33Z,5,"This vocalist, Martha Tilson, was she a local? I hear almost Australian vowels in there. Maybe not. Also, there are snippets here that sound straight out of ""Rapture"", possibly coincidental with their contemporary mutual post-punk-funk interests, but I'm just saying. Excellent stuff, anyway. ",af98a1e59bc94dadab7babd9a990bddc
spotify:track:6xTp4nC8NBRSYMxGqIikSh,f269e66e73e246549e5c314009da035e,2026-06-13T23:35:33Z,3,"She's a bit Harriet Wheeler, if the Sundays took a turn into triphop lite. They are good lyrics, ""watched a fight between an artsy couple escalate"", LOL.",af98a1e59bc94dadab7babd9a990bddc
spotify:track:7aaDI1nm37aGLjjoQo34RY,f269e66e73e246549e5c314009da035e,2026-06-13T23:35:33Z,-2,"With Mr Willer absent, we're back to one Danish suspect. Sorry Lasse, I'm stuck here. Looked up a lyric translation, didn’t really help, there's a droning-on-and-on quality to the singing that attracts my last DV which I can't put anywhere else. ",af98a1e59bc94dadab7babd9a990bddc
spotify:track:00IOLiCulnCCAvRxTfLlfi,f269e66e73e246549e5c314009da035e,2026-06-13T23:35:33Z,3,"I might have said this here already, but I reckon French is an excellent rapping language, and this guy's got a great voice for it. I only know a wee bit of the language myself, so was all at sea... surprisingly, not too much style is lost in Google translation, seems the lyrics are pretty good!",af98a1e59bc94dadab7babd9a990bddc
spotify:track:0dYE4e25k2F8l7VLmTW9KD,f269e66e73e246549e5c314009da035e,2026-06-13T23:35:33Z,1,"A pivotal time in Australian political history, for sure, but I never really got The Whitlams, and this is just so... perky. Still, with One Nation (our own version of MAGA/Reform) now polling better than our mainstream parties for the first time, it's nice to think about a moment when a progressive firebrand kicked the country up the arse for the better.",af98a1e59bc94dadab7babd9a990bddc
spotify:track:0FBddPZCCiRYp3XcVHZZ56,f269e66e73e246549e5c314009da035e,2026-06-13T23:35:33Z,3,"Should do well, this sort of thing is birdseed to pigeons around here. And I ain’t knocking it! Classic sunshiney stuff. ",af98a1e59bc94dadab7babd9a990bddc
spotify:track:2fEhqGeXcGiJs3WmqysJ8X,f269e66e73e246549e5c314009da035e,2026-06-13T23:35:33Z,5,"Nice broodiness here, taking its time ruminating for a good while before getting to the growling climax. But the name Ethel is such a grandma name to me, the whole muscular atmosphere deflates a lot when he proposes it as a name for their first-born. Is that the point? Retreating to the past? Musically though, excellent stuff.",af98a1e59bc94dadab7babd9a990bddc
spotify:track:2hWQJ4Knog5SqDpq01s8hU,f269e66e73e246549e5c314009da035e,2026-06-13T23:35:33Z,2,"Interesting voice, who does she remind me of? Dunno, but it's a grower, sometimes it's just a little bit of a song, a vocal moment, that gets its hook in, like the ""so, so like her"" bit here.",af98a1e59bc94dadab7babd9a990bddc
spotify:track:2yKZBTt2VUDooMaVZAgtEU,f269e66e73e246549e5c314009da035e,2026-06-13T23:35:33Z,2,"""You people"" are never wrong, are you suggesting that democracy doesn't work? Couldn't really get into this at first, seemed to not quite get anywhere, then started thinking of it as a low-flying seabird, circling over the ocean. Sometimes there just isn't a fish to dive for.",af98a1e59bc94dadab7babd9a990bddc
spotify:track:2zrs8tiXiqTC3Bd92TgjYI,f269e66e73e246549e5c314009da035e,2026-06-13T23:35:33Z,0,"Their Spotify bio is quite a read, a weirdly bitter saga of how they coulda been a contender if it weren’t for (shakes fist at everybody). Great album, though. ",af98a1e59bc94dadab7babd9a990bddc
spotify:track:3aA5fk4c6a7e5HM4rJqkSF,f269e66e73e246549e5c314009da035e,2026-06-13T23:35:33Z,3,"alt-J is the kind of name a band starts out with, before they come to their senses and think of a decent one. That voice is not thrilling me either, but the song is actually quite a grower.",af98a1e59bc94dadab7babd9a990bddc
spotify:track:3pf96IFggfQuT6Gafqx2rt,f269e66e73e246549e5c314009da035e,2026-06-13T23:35:33Z,3,"I started out asking myself, is Sunny a person’s first name? And it turns out there a quite a few out there, though I don't think it's actually a person in the song, more like the embodiment of hope and optimism? But they do love Sunny, so I dunno, line-ball. Good song though. ",af98a1e59bc94dadab7babd9a990bddc
spotify:track:4DWFSrNnZXow1aB96gByho,f269e66e73e246549e5c314009da035e,2026-06-13T23:35:33Z,-1,,af98a1e59bc94dadab7babd9a990bddc
spotify:track:00IOLiCulnCCAvRxTfLlfi,01544fd12f414dadbc9bce3599e03c0b,2026-06-14T19:33:15Z,-2,Didn't do it for me I'm afraid. Downvoted with apologies. ,af98a1e59bc94dadab7babd9a990bddc
spotify:track:0dYE4e25k2F8l7VLmTW9KD,01544fd12f414dadbc9bce3599e03c0b,2026-06-14T19:33:15Z,1,"This was ok, hard to get excited about it...",af98a1e59bc94dadab7babd9a990bddc
spotify:track:0FBddPZCCiRYp3XcVHZZ56,01544fd12f414dadbc9bce3599e03c0b,2026-06-14T19:33:15Z,2,Took a few listens but it got there. Have some points. ,af98a1e59bc94dadab7babd9a990bddc
spotify:track:2fEhqGeXcGiJs3WmqysJ8X,01544fd12f414dadbc9bce3599e03c0b,2026-06-14T19:33:15Z,-1,"I saw these at the bottom of a three band bill where Shame were headlining and Fontaines DC were in the middle. The bass player strutted out with his axe high on his chest and I thought one Conor McGregor is one too many and I have taken agin them ever since. Plus, although it's not evident here, I sometimes can't hear the singer without thinking of Mick Lynch from Stump which I doubt was the intention. This isn't great at all I'm afraid. Downvoted with apologies. ",af98a1e59bc94dadab7babd9a990bddc
spotify:track:2hWQJ4Knog5SqDpq01s8hU,01544fd12f414dadbc9bce3599e03c0b,2026-06-14T19:33:15Z,0,"I couldn't go, friends, because I had to accompany my wife to a 4 of Us show for about the 250th time.  I hope you enjoyed the, er, soundwriting,  here, whatever that is.",af98a1e59bc94dadab7babd9a990bddc
spotify:track:2yKZBTt2VUDooMaVZAgtEU,01544fd12f414dadbc9bce3599e03c0b,2026-06-14T19:33:15Z,-1,I fear I am one of the you people referred to. I found this quite boring I'm afraid. Downvoted with apologies. ,af98a1e59bc94dadab7babd9a990bddc
spotify:track:2zrs8tiXiqTC3Bd92TgjYI,01544fd12f414dadbc9bce3599e03c0b,2026-06-14T19:33:15Z,2,Gets more points than it merits in a week where I haven't found much to get excited about. ,af98a1e59bc94dadab7babd9a990bddc
spotify:track:3aA5fk4c6a7e5HM4rJqkSF,01544fd12f414dadbc9bce3599e03c0b,2026-06-14T19:33:15Z,2,"I have no idea how her mind works and after 35 years I have stopped trying to figure her out but in the car Sarah said that she was imagining a Japanese man with a dickie bow on Britain's Got Talent. She wasn't like this when I married her. I enjoyed this, a bit. ",af98a1e59bc94dadab7babd9a990bddc
spotify:track:3pf96IFggfQuT6Gafqx2rt,01544fd12f414dadbc9bce3599e03c0b,2026-06-14T19:33:15Z,7,"Now we're talking. You can keep your Rivers of Babylon and your Brown Girls in the Ring but this, Daddy Cool and Ma Baker are quality bangers of the highest order. I must confess to you, because I confessed it to our beloved admins at  a most pleasant lunch earlier today that, until now, I always thought it was Sunny as opposed to rainy...",af98a1e59bc94dadab7babd9a990bddc
spotify:track:4DWFSrNnZXow1aB96gByho,01544fd12f414dadbc9bce3599e03c0b,2026-06-14T19:33:15Z,5,I enjoyed this. The story behind the song made for an interesting read.  ,af98a1e59bc94dadab7babd9a990bddc
spotify:track:59rSjZAHfFktNxjtx7oM4H,01544fd12f414dadbc9bce3599e03c0b,2026-06-14T19:33:15Z,3,"There should be a ""H"" at the end of Sara but apart from that and the fact that it's a bit too long I can't find much to argue with here. ",af98a1e59bc94dadab7babd9a990bddc
spotify:track:5c2I3Ad1uAhUyxsdDshLL9,01544fd12f414dadbc9bce3599e03c0b,2026-06-14T19:33:15Z,1,Nothing wrong with this but it doesn't make me feel anything. ,af98a1e59bc94dadab7babd9a990bddc
spotify:track:5KDNFlHAdDJ84fhK27c35X,01544fd12f414dadbc9bce3599e03c0b,2026-06-14T19:33:15Z,-1,Just not my thing. Downvoted with apologies. ,af98a1e59bc94dadab7babd9a990bddc
spotify:track:62zFcDLa1CjCY9yp6VO4ga,01544fd12f414dadbc9bce3599e03c0b,2026-06-14T19:33:15Z,2,"The groovy intro promised much but it didn't quite get there for me. Still, not bad. ",af98a1e59bc94dadab7babd9a990bddc
spotify:track:62Zhg5wQl9Dp80EhiYGhvd,01544fd12f414dadbc9bce3599e03c0b,2026-06-14T19:33:15Z,2,One of this week's better offerings. I'll never listen to it again. ,af98a1e59bc94dadab7babd9a990bddc
spotify:track:6slYEgeezVhJyqSA9UwOAl,01544fd12f414dadbc9bce3599e03c0b,2026-06-14T19:33:15Z,1,I don't know ACR much and I didn't know this. I thought I would enjoy it more. A clear influence on New Fast Automatic Daffodils. ,af98a1e59bc94dadab7babd9a990bddc
spotify:track:6xTp4nC8NBRSYMxGqIikSh,01544fd12f414dadbc9bce3599e03c0b,2026-06-14T19:33:15Z,6,Yeah this is very good. Will be investigating further. ,af98a1e59bc94dadab7babd9a990bddc
spotify:track:7aaDI1nm37aGLjjoQo34RY,01544fd12f414dadbc9bce3599e03c0b,2026-06-14T19:33:15Z,1,"ok, nothing special ",af98a1e59bc94dadab7babd9a990bddc
spotify:track:00IOLiCulnCCAvRxTfLlfi,467b385bee164547a603d728685f182f,2026-06-14T22:09:12Z,2,,af98a1e59bc94dadab7babd9a990bddc
spotify:track:0dYE4e25k2F8l7VLmTW9KD,467b385bee164547a603d728685f182f,2026-06-14T22:09:12Z,2,,af98a1e59bc94dadab7babd9a990bddc
spotify:track:0FBddPZCCiRYp3XcVHZZ56,467b385bee164547a603d728685f182f,2026-06-14T22:09:12Z,2,,af98a1e59bc94dadab7babd9a990bddc
spotify:track:2fEhqGeXcGiJs3WmqysJ8X,467b385bee164547a603d728685f182f,2026-06-14T22:09:12Z,2,,af98a1e59bc94dadab7babd9a990bddc
spotify:track:2hWQJ4Knog5SqDpq01s8hU,467b385bee164547a603d728685f182f,2026-06-14T22:09:12Z,2,,af98a1e59bc94dadab7babd9a990bddc
spotify:track:2yKZBTt2VUDooMaVZAgtEU,467b385bee164547a603d728685f182f,2026-06-14T22:09:12Z,2,,af98a1e59bc94dadab7babd9a990bddc
spotify:track:2zrs8tiXiqTC3Bd92TgjYI,467b385bee164547a603d728685f182f,2026-06-14T22:09:12Z,2,,af98a1e59bc94dadab7babd9a990bddc
spotify:track:3aA5fk4c6a7e5HM4rJqkSF,467b385bee164547a603d728685f182f,2026-06-14T22:09:12Z,2,,af98a1e59bc94dadab7babd9a990bddc
spotify:track:3pf96IFggfQuT6Gafqx2rt,467b385bee164547a603d728685f182f,2026-06-14T22:09:12Z,-2,,af98a1e59bc94dadab7babd9a990bddc
spotify:track:4DWFSrNnZXow1aB96gByho,467b385bee164547a603d728685f182f,2026-06-14T22:09:12Z,7,,af98a1e59bc94dadab7babd9a990bddc
spotify:track:5c2I3Ad1uAhUyxsdDshLL9,467b385bee164547a603d728685f182f,2026-06-14T22:09:12Z,-1,,af98a1e59bc94dadab7babd9a990bddc
spotify:track:5KDNFlHAdDJ84fhK27c35X,467b385bee164547a603d728685f182f,2026-06-14T22:09:12Z,2,,af98a1e59bc94dadab7babd9a990bddc
spotify:track:62zFcDLa1CjCY9yp6VO4ga,467b385bee164547a603d728685f182f,2026-06-14T22:09:12Z,2,,af98a1e59bc94dadab7babd9a990bddc
spotify:track:62Zhg5wQl9Dp80EhiYGhvd,467b385bee164547a603d728685f182f,2026-06-14T22:09:12Z,6,,af98a1e59bc94dadab7babd9a990bddc
spotify:track:6slYEgeezVhJyqSA9UwOAl,467b385bee164547a603d728685f182f,2026-06-14T22:09:12Z,2,,af98a1e59bc94dadab7babd9a990bddc
spotify:track:6xTp4nC8NBRSYMxGqIikSh,467b385bee164547a603d728685f182f,2026-06-14T22:09:12Z,-1,,af98a1e59bc94dadab7babd9a990bddc
spotify:track:7aaDI1nm37aGLjjoQo34RY,467b385bee164547a603d728685f182f,2026-06-14T22:09:12Z,-1,,af98a1e59bc94dadab7babd9a990bddc
spotify:track:00IOLiCulnCCAvRxTfLlfi,fb5929c39fbe403dbcebeb3329942390,2026-06-15T10:44:18Z,2,"Normally I’m not much of a rap guy, and my high school french couldn’t keep up, but I like this.",af98a1e59bc94dadab7babd9a990bddc
spotify:track:0dYE4e25k2F8l7VLmTW9KD,fb5929c39fbe403dbcebeb3329942390,2026-06-15T10:44:18Z,3,It’s Broadway! Bouncy!,af98a1e59bc94dadab7babd9a990bddc
spotify:track:0FBddPZCCiRYp3XcVHZZ56,fb5929c39fbe403dbcebeb3329942390,2026-06-15T10:44:18Z,-1,"It fine, but basic dowop doesn’t merit points this week. TDHTGS.",af98a1e59bc94dadab7babd9a990bddc
spotify:track:2fEhqGeXcGiJs3WmqysJ8X,fb5929c39fbe403dbcebeb3329942390,2026-06-15T10:44:18Z,-1,"Hmm. Not bad. The last downvote I placed, and I don’t really want to.",af98a1e59bc94dadab7babd9a990bddc
spotify:track:2hWQJ4Knog5SqDpq01s8hU,fb5929c39fbe403dbcebeb3329942390,2026-06-15T10:44:18Z,5,"It’s very good, expertly crafted, and it is definitely growing on me.
",af98a1e59bc94dadab7babd9a990bddc
spotify:track:2yKZBTt2VUDooMaVZAgtEU,fb5929c39fbe403dbcebeb3329942390,2026-06-15T10:44:18Z,0,I can’t decide if this is a bit too angsty for my taste.,af98a1e59bc94dadab7babd9a990bddc
spotify:track:2zrs8tiXiqTC3Bd92TgjYI,fb5929c39fbe403dbcebeb3329942390,2026-06-15T10:44:18Z,3,Good indie pop and bonus points for namedropping Bosch.,af98a1e59bc94dadab7babd9a990bddc
spotify:track:3aA5fk4c6a7e5HM4rJqkSF,fb5929c39fbe403dbcebeb3329942390,2026-06-15T10:44:18Z,3,"Started out a little huh?, but this grew on me.",af98a1e59bc94dadab7babd9a990bddc
spotify:track:3pf96IFggfQuT6Gafqx2rt,fb5929c39fbe403dbcebeb3329942390,2026-06-15T10:44:18Z,3,Yeah. It’s Boney M. It slaps.,af98a1e59bc94dadab7babd9a990bddc
spotify:track:4DWFSrNnZXow1aB96gByho,fb5929c39fbe403dbcebeb3329942390,2026-06-15T10:44:18Z,-1,I don’t think this is swell or groovy.,af98a1e59bc94dadab7babd9a990bddc
spotify:track:59rSjZAHfFktNxjtx7oM4H,fb5929c39fbe403dbcebeb3329942390,2026-06-15T10:44:18Z,3,Tusk era FM is underrated.,af98a1e59bc94dadab7babd9a990bddc
spotify:track:5c2I3Ad1uAhUyxsdDshLL9,fb5929c39fbe403dbcebeb3329942390,2026-06-15T10:44:18Z,2,Pretty good. ,af98a1e59bc94dadab7babd9a990bddc
spotify:track:5KDNFlHAdDJ84fhK27c35X,fb5929c39fbe403dbcebeb3329942390,2026-06-15T10:44:18Z,2,"They are playing Copenhell in a fortnight! Not my favourite band, but they do have their moments.",af98a1e59bc94dadab7babd9a990bddc
spotify:track:62zFcDLa1CjCY9yp6VO4ga,fb5929c39fbe403dbcebeb3329942390,2026-06-15T10:44:18Z,5,This popped up in a TV series I saw last week (Hacks!). I still have the ordering tab open in my browser.,af98a1e59bc94dadab7babd9a990bddc
spotify:track:62Zhg5wQl9Dp80EhiYGhvd,fb5929c39fbe403dbcebeb3329942390,2026-06-15T10:44:18Z,-1,"It’s fine, but the downvotes have to go somewhere.",af98a1e59bc94dadab7babd9a990bddc
spotify:track:6slYEgeezVhJyqSA9UwOAl,fb5929c39fbe403dbcebeb3329942390,2026-06-15T10:44:18Z,4,"Is this the rebirth of the new romantics?! This has strong Duran Duran or ABC vibes, except the vocals, even if her phrasing leans le Bon. ",af98a1e59bc94dadab7babd9a990bddc
spotify:track:6xTp4nC8NBRSYMxGqIikSh,fb5929c39fbe403dbcebeb3329942390,2026-06-15T10:44:18Z,-1,"This is nice enough, but not quite my jam. TDHTGS.",af98a1e59bc94dadab7babd9a990bddc
spotify:track:00IOLiCulnCCAvRxTfLlfi,23e53d1a01404849826a9ac7d1d28b27,2026-06-15T12:04:20Z,-1,Found it a bit boring to be honest (and I'm half french..).,af98a1e59bc94dadab7babd9a990bddc
spotify:track:0dYE4e25k2F8l7VLmTW9KD,23e53d1a01404849826a9ac7d1d28b27,2026-06-15T12:04:20Z,2,Nice little number. Heard it many times..,af98a1e59bc94dadab7babd9a990bddc
spotify:track:0FBddPZCCiRYp3XcVHZZ56,23e53d1a01404849826a9ac7d1d28b27,2026-06-15T12:04:20Z,2,I like this,af98a1e59bc94dadab7babd9a990bddc
spotify:track:2fEhqGeXcGiJs3WmqysJ8X,23e53d1a01404849826a9ac7d1d28b27,2026-06-15T12:04:20Z,7,Absolutely adore this - song of the round by a mile for me! Have gone through all their albums in the last two days. Brilliant,af98a1e59bc94dadab7babd9a990bddc
spotify:track:2hWQJ4Knog5SqDpq01s8hU,23e53d1a01404849826a9ac7d1d28b27,2026-06-15T12:04:20Z,3,A nice song.,af98a1e59bc94dadab7babd9a990bddc
spotify:track:2yKZBTt2VUDooMaVZAgtEU,23e53d1a01404849826a9ac7d1d28b27,2026-06-15T12:04:20Z,3,"Reaaly nice song, and I will check out the album",af98a1e59bc94dadab7babd9a990bddc
spotify:track:2zrs8tiXiqTC3Bd92TgjYI,23e53d1a01404849826a9ac7d1d28b27,2026-06-15T12:04:20Z,3,"Cool song, extra point for a great name and interesting art",af98a1e59bc94dadab7babd9a990bddc
spotify:track:3aA5fk4c6a7e5HM4rJqkSF,23e53d1a01404849826a9ac7d1d28b27,2026-06-15T12:04:20Z,1,"Not my cup of tea really, but worth a point",af98a1e59bc94dadab7babd9a990bddc
spotify:track:3pf96IFggfQuT6Gafqx2rt,23e53d1a01404849826a9ac7d1d28b27,2026-06-15T12:04:20Z,-1,"Heard it a million times, sorry for the downvote",af98a1e59bc94dadab7babd9a990bddc
spotify:track:4DWFSrNnZXow1aB96gByho,23e53d1a01404849826a9ac7d1d28b27,2026-06-15T12:04:20Z,-1,,af98a1e59bc94dadab7babd9a990bddc
spotify:track:59rSjZAHfFktNxjtx7oM4H,23e53d1a01404849826a9ac7d1d28b27,2026-06-15T12:04:20Z,3,"Pleasant old school stuff, love it",af98a1e59bc94dadab7babd9a990bddc
spotify:track:5KDNFlHAdDJ84fhK27c35X,23e53d1a01404849826a9ac7d1d28b27,2026-06-15T12:04:20Z,2,"Interesting story behind the song, worth a point for that alone. And one more for the song itself, which isn't really my kinda thing, but it's nice enough.",af98a1e59bc94dadab7babd9a990bddc
spotify:track:62zFcDLa1CjCY9yp6VO4ga,23e53d1a01404849826a9ac7d1d28b27,2026-06-15T12:04:20Z,2,Lovely sunny afternoon vibes,af98a1e59bc94dadab7babd9a990bddc
spotify:track:62Zhg5wQl9Dp80EhiYGhvd,23e53d1a01404849826a9ac7d1d28b27,2026-06-15T12:04:20Z,1,Nice vibe and a lovely voice,af98a1e59bc94dadab7babd9a990bddc
spotify:track:6slYEgeezVhJyqSA9UwOAl,23e53d1a01404849826a9ac7d1d28b27,2026-06-15T12:04:20Z,-2,"Too busy, couldn't get into it, sorry for the downvote",af98a1e59bc94dadab7babd9a990bddc
spotify:track:6xTp4nC8NBRSYMxGqIikSh,23e53d1a01404849826a9ac7d1d28b27,2026-06-15T12:04:20Z,3,I like this,af98a1e59bc94dadab7babd9a990bddc
spotify:track:7aaDI1nm37aGLjjoQo34RY,23e53d1a01404849826a9ac7d1d28b27,2026-06-15T12:04:20Z,3,"Love hearing Danish indie music, which starts indie but turns into europop (to my ears)",af98a1e59bc94dadab7babd9a990bddc
spotify:track:00IOLiCulnCCAvRxTfLlfi,920d59fe89434c9a9255c64fa8265e5a,2026-06-15T15:30:54Z,3,"Like this a lot, lazy groove.",af98a1e59bc94dadab7babd9a990bddc
spotify:track:0dYE4e25k2F8l7VLmTW9KD,920d59fe89434c9a9255c64fa8265e5a,2026-06-15T15:30:54Z,-2,Sounds a bit preppy clever clever like They Might Be Giants crossed with Billy Joel or similar. Has that quirky feel that just turns me off (man).,af98a1e59bc94dadab7babd9a990bddc
spotify:track:0FBddPZCCiRYp3XcVHZZ56,920d59fe89434c9a9255c64fa8265e5a,2026-06-15T15:30:54Z,1,"Fairly generic template, so so song.",af98a1e59bc94dadab7babd9a990bddc
spotify:track:2fEhqGeXcGiJs3WmqysJ8X,920d59fe89434c9a9255c64fa8265e5a,2026-06-15T15:30:54Z,2,"Sadly they jettisoned their relationship with tunes on their second album, which was, all said and done,  a bit of a flop after their stellar debut. Very grumpy bordering on unpleasant (them, not me 😂) on the couple of times I've met them which can't but influence opinion. I do like this more than I thought I did tbf. Shrug.",af98a1e59bc94dadab7babd9a990bddc
spotify:track:2hWQJ4Knog5SqDpq01s8hU,920d59fe89434c9a9255c64fa8265e5a,2026-06-15T15:30:54Z,-2,Was it because she writes dull generic country lite music?,af98a1e59bc94dadab7babd9a990bddc
spotify:track:2zrs8tiXiqTC3Bd92TgjYI,920d59fe89434c9a9255c64fa8265e5a,2026-06-15T15:30:54Z,1,Not sure what era this is from (and I'm not gonna research further) but sounds very Juliana Hatfield-esque when similar bands were ten a penny. Ok as it goes.,af98a1e59bc94dadab7babd9a990bddc
spotify:track:3aA5fk4c6a7e5HM4rJqkSF,920d59fe89434c9a9255c64fa8265e5a,2026-06-15T15:30:54Z,2,Decent.,af98a1e59bc94dadab7babd9a990bddc
spotify:track:3pf96IFggfQuT6Gafqx2rt,920d59fe89434c9a9255c64fa8265e5a,2026-06-15T15:30:54Z,3,"Spotify listings are probably the only time I will ever see a reference to the name of a Boney M LP, I mean who bought them? Very familiar but I think we have a weak set of songs this round so have some points if only for Bobby. That man knows how to rock a cape. Bring back capes say I.",af98a1e59bc94dadab7babd9a990bddc
spotify:track:4DWFSrNnZXow1aB96gByho,920d59fe89434c9a9255c64fa8265e5a,2026-06-15T15:30:54Z,2,Such a well trodden formula. Sounds nice enough but....,af98a1e59bc94dadab7babd9a990bddc
spotify:track:59rSjZAHfFktNxjtx7oM4H,920d59fe89434c9a9255c64fa8265e5a,2026-06-15T15:30:54Z,2,"Yeah, can't deny that this is good. They know what they're about, the Mac.",af98a1e59bc94dadab7babd9a990bddc
spotify:track:5c2I3Ad1uAhUyxsdDshLL9,920d59fe89434c9a9255c64fa8265e5a,2026-06-15T15:30:54Z,-1,Not inspiring.,af98a1e59bc94dadab7babd9a990bddc
spotify:track:5KDNFlHAdDJ84fhK27c35X,920d59fe89434c9a9255c64fa8265e5a,2026-06-15T15:30:54Z,5,"Points because it bucks the trend in this round which has had me struggling to stay awake, let alone dish out positive marks. ",af98a1e59bc94dadab7babd9a990bddc
spotify:track:62zFcDLa1CjCY9yp6VO4ga,920d59fe89434c9a9255c64fa8265e5a,2026-06-15T15:30:54Z,3,Plus points for the funky bass line. Nice song.,af98a1e59bc94dadab7babd9a990bddc
spotify:track:62Zhg5wQl9Dp80EhiYGhvd,920d59fe89434c9a9255c64fa8265e5a,2026-06-15T15:30:54Z,1,Ok.,af98a1e59bc94dadab7babd9a990bddc
spotify:track:6slYEgeezVhJyqSA9UwOAl,920d59fe89434c9a9255c64fa8265e5a,2026-06-15T15:30:54Z,2,"Dunno what they're up to these days but I went to a venue called JT Soar, formerly a cold store in an old fruit depot, in Nottingham last week. Capacity there is 50, and believe me that would be a squeeze. ACR are playing there in November this year. Just surprised me that that is their level now is all. ",af98a1e59bc94dadab7babd9a990bddc
spotify:track:6xTp4nC8NBRSYMxGqIikSh,920d59fe89434c9a9255c64fa8265e5a,2026-06-15T15:30:54Z,3,Grew on me.,af98a1e59bc94dadab7babd9a990bddc
spotify:track:7aaDI1nm37aGLjjoQo34RY,920d59fe89434c9a9255c64fa8265e5a,2026-06-15T15:30:54Z,5,Like this.,af98a1e59bc94dadab7babd9a990bddc
spotify:track:00IOLiCulnCCAvRxTfLlfi,8e90755452724b16bc0423f737beaccd,2026-06-15T16:49:51Z,2,"A bit of a grower... even the relatively deadpan vocals have their own charm, I guess",af98a1e59bc94dadab7babd9a990bddc
spotify:track:0dYE4e25k2F8l7VLmTW9KD,8e90755452724b16bc0423f737beaccd,2026-06-15T16:49:51Z,1,"Reminds me a fair bit of early Crowded House... the ""you Gough"" hook gets a bit stale by the end, though",af98a1e59bc94dadab7babd9a990bddc
spotify:track:0FBddPZCCiRYp3XcVHZZ56,8e90755452724b16bc0423f737beaccd,2026-06-15T16:49:51Z,2,"Suspicious rhymes aside, I don't think I'm physically capable of panning anything Motown. Here's a couple of votes.",af98a1e59bc94dadab7babd9a990bddc
spotify:track:2fEhqGeXcGiJs3WmqysJ8X,8e90755452724b16bc0423f737beaccd,2026-06-15T16:49:51Z,2,"Sonically it's maybe Eitzel circa '98 or so, but I find the pivot from the initial verses to ""baby Ethel"" a bit unconvincing",af98a1e59bc94dadab7babd9a990bddc
spotify:track:2hWQJ4Knog5SqDpq01s8hU,8e90755452724b16bc0423f737beaccd,2026-06-15T16:49:51Z,3,"Two votes for the song and an Eitzel-based bonus vote for actually getting a ""Kathleen"" into this round!",af98a1e59bc94dadab7babd9a990bddc
spotify:track:2yKZBTt2VUDooMaVZAgtEU,8e90755452724b16bc0423f737beaccd,2026-06-15T16:49:51Z,4,"I was a big fan of the band’s (apparently) final album Science Fiction, but unfortunately it was quickly overshadowed by exploitation allegations against frontman Jesse Lacey. This version of ""Luca"" was a UK-only bonus track way back in 2006, so I'm just hearing it now for the first time.",af98a1e59bc94dadab7babd9a990bddc
spotify:track:2zrs8tiXiqTC3Bd92TgjYI,8e90755452724b16bc0423f737beaccd,2026-06-15T16:49:51Z,3,"Had considered this one myself, so pleased that someone put it forward... hooks and guitars for days, I suspect it will do quite well.",af98a1e59bc94dadab7babd9a990bddc
spotify:track:3aA5fk4c6a7e5HM4rJqkSF,8e90755452724b16bc0423f737beaccd,2026-06-15T16:49:51Z,-2,"I've liked other alt-J that I've heard, but this is my least favorite vocal of the round, hence the downvotes",af98a1e59bc94dadab7babd9a990bddc
spotify:track:3pf96IFggfQuT6Gafqx2rt,8e90755452724b16bc0423f737beaccd,2026-06-15T16:49:51Z,-1,"I was originally going to give this 7 votes just because I have the same outfit as the guy on the album cover, but I eventually reconsidered. I'm no Steve Dahl, but suffice to say that my appetite for disco is limited.",af98a1e59bc94dadab7babd9a990bddc
spotify:track:4DWFSrNnZXow1aB96gByho,8e90755452724b16bc0423f737beaccd,2026-06-15T16:49:51Z,-1,"Love the burst into the chorus, but overall it feels like a bit of a novelty track... a classic ""downvoted with apologies""",af98a1e59bc94dadab7babd9a990bddc
spotify:track:59rSjZAHfFktNxjtx7oM4H,8e90755452724b16bc0423f737beaccd,2026-06-15T16:49:51Z,3,"That voice... is it possible that Stevie Nicks is still somehow underrated? She's great here, but this is still a second-tier FM song for me, though.",af98a1e59bc94dadab7babd9a990bddc
spotify:track:5c2I3Ad1uAhUyxsdDshLL9,8e90755452724b16bc0423f737beaccd,2026-06-15T16:49:51Z,3,"I have the original Vetiver version of this on CD somewhere, but I definitely prefer Andy Cabic's vocals on this live version.  The entire album is worth a listen.
https://spacebombrecords.bandcamp.com/album/in-real-life-live-at-spacebomb-studios",af98a1e59bc94dadab7babd9a990bddc
spotify:track:62zFcDLa1CjCY9yp6VO4ga,8e90755452724b16bc0423f737beaccd,2026-06-15T16:49:51Z,4,"This is so well done! New band for me, so I've been sampling their back catalog as well... I read that vocalist Emmanuelle Proulx was not part of the band's original lineup, but she definitely puts them over the top.",af98a1e59bc94dadab7babd9a990bddc
spotify:track:62Zhg5wQl9Dp80EhiYGhvd,8e90755452724b16bc0423f737beaccd,2026-06-15T16:49:51Z,4,"The younger Aaron Neville always feels like a bit of a revelation, before the years changed his voice. But this is really Toussaint's great talent on display, as songwriter, arranger, and producer.",af98a1e59bc94dadab7babd9a990bddc
spotify:track:6slYEgeezVhJyqSA9UwOAl,8e90755452724b16bc0423f737beaccd,2026-06-15T16:49:51Z,2,"The remix is a minor layer of fresh paint over the original, but it still seems like more of a groove/jam than a fully realized song",af98a1e59bc94dadab7babd9a990bddc
spotify:track:6xTp4nC8NBRSYMxGqIikSh,8e90755452724b16bc0423f737beaccd,2026-06-15T16:49:51Z,-1,"Aside from the Kewpie doll vocals, spending almost the final third of its running time merely repeating the chorus over and over is some kind of songwriting crime",af98a1e59bc94dadab7babd9a990bddc
spotify:track:7aaDI1nm37aGLjjoQo34RY,8e90755452724b16bc0423f737beaccd,2026-06-15T16:49:51Z,2,"I sometimes feel like I reflexively resist a lot of the non-English material in this league, but I quite enjoyed this. Understanding the lyric via translation definitely aided my appreciation.",af98a1e59bc94dadab7babd9a990bddc
spotify:track:0dYE4e25k2F8l7VLmTW9KD,d0cb0402be7f47c9914e8de02f509f7a,2026-06-15T18:42:28Z,-1,,af98a1e59bc94dadab7babd9a990bddc
spotify:track:0FBddPZCCiRYp3XcVHZZ56,d0cb0402be7f47c9914e8de02f509f7a,2026-06-15T18:42:28Z,2,,af98a1e59bc94dadab7babd9a990bddc
spotify:track:2fEhqGeXcGiJs3WmqysJ8X,d0cb0402be7f47c9914e8de02f509f7a,2026-06-15T18:42:28Z,5,,af98a1e59bc94dadab7babd9a990bddc
spotify:track:2hWQJ4Knog5SqDpq01s8hU,d0cb0402be7f47c9914e8de02f509f7a,2026-06-15T18:42:28Z,2,,af98a1e59bc94dadab7babd9a990bddc
spotify:track:2yKZBTt2VUDooMaVZAgtEU,d0cb0402be7f47c9914e8de02f509f7a,2026-06-15T18:42:28Z,1,,af98a1e59bc94dadab7babd9a990bddc
spotify:track:2zrs8tiXiqTC3Bd92TgjYI,d0cb0402be7f47c9914e8de02f509f7a,2026-06-15T18:42:28Z,3,,af98a1e59bc94dadab7babd9a990bddc
spotify:track:3aA5fk4c6a7e5HM4rJqkSF,d0cb0402be7f47c9914e8de02f509f7a,2026-06-15T18:42:28Z,3,,af98a1e59bc94dadab7babd9a990bddc
spotify:track:3pf96IFggfQuT6Gafqx2rt,d0cb0402be7f47c9914e8de02f509f7a,2026-06-15T18:42:28Z,-2,,af98a1e59bc94dadab7babd9a990bddc
spotify:track:4DWFSrNnZXow1aB96gByho,d0cb0402be7f47c9914e8de02f509f7a,2026-06-15T18:42:28Z,2,,af98a1e59bc94dadab7babd9a990bddc
spotify:track:59rSjZAHfFktNxjtx7oM4H,d0cb0402be7f47c9914e8de02f509f7a,2026-06-15T18:42:28Z,2,,af98a1e59bc94dadab7babd9a990bddc
spotify:track:5c2I3Ad1uAhUyxsdDshLL9,d0cb0402be7f47c9914e8de02f509f7a,2026-06-15T18:42:28Z,2,,af98a1e59bc94dadab7babd9a990bddc
spotify:track:5KDNFlHAdDJ84fhK27c35X,d0cb0402be7f47c9914e8de02f509f7a,2026-06-15T18:42:28Z,-2,,af98a1e59bc94dadab7babd9a990bddc
spotify:track:62zFcDLa1CjCY9yp6VO4ga,d0cb0402be7f47c9914e8de02f509f7a,2026-06-15T18:42:28Z,2,,af98a1e59bc94dadab7babd9a990bddc
spotify:track:62Zhg5wQl9Dp80EhiYGhvd,d0cb0402be7f47c9914e8de02f509f7a,2026-06-15T18:42:28Z,3,,af98a1e59bc94dadab7babd9a990bddc
spotify:track:6slYEgeezVhJyqSA9UwOAl,d0cb0402be7f47c9914e8de02f509f7a,2026-06-15T18:42:28Z,1,,af98a1e59bc94dadab7babd9a990bddc
spotify:track:6xTp4nC8NBRSYMxGqIikSh,d0cb0402be7f47c9914e8de02f509f7a,2026-06-15T18:42:28Z,4,,af98a1e59bc94dadab7babd9a990bddc
spotify:track:7aaDI1nm37aGLjjoQo34RY,d0cb0402be7f47c9914e8de02f509f7a,2026-06-15T18:42:28Z,3,,af98a1e59bc94dadab7babd9a990bddc
spotify:track:00IOLiCulnCCAvRxTfLlfi,a28a4930e9644a559d47cb1459c2c0a3,2026-06-15T18:51:45Z,2,"Very cool groove, but the vocals felt slightly flat to my ear, a touch monotone. Maybe it just sounded that way to my ear between the relatively deep voice and the language barrier.",af98a1e59bc94dadab7babd9a990bddc
spotify:track:0dYE4e25k2F8l7VLmTW9KD,a28a4930e9644a559d47cb1459c2c0a3,2026-06-15T18:51:45Z,3,"Ties for the most unique name of the round for sure and makes me remember a fellow I knew years ago with the last name of Gough. Otherwise, I'm not quite sure how to describe this. Sounds older than it is. A little punchy for regular listening for me, which happens sometimes with piano, but a cool choice by a group I'd never heard of.",af98a1e59bc94dadab7babd9a990bddc
spotify:track:0FBddPZCCiRYp3XcVHZZ56,a28a4930e9644a559d47cb1459c2c0a3,2026-06-15T18:51:45Z,2,"If I've heard these lads before, I didn't know it. Doesn't stand out from the crowd, but a well executed tune nonetheless.",af98a1e59bc94dadab7babd9a990bddc
spotify:track:2fEhqGeXcGiJs3WmqysJ8X,a28a4930e9644a559d47cb1459c2c0a3,2026-06-15T18:51:45Z,2,"Indeed as it builds, this recalls some of Mark /AMC's more emphatic moments. Unfortunately the voice lacks his warmth.",af98a1e59bc94dadab7babd9a990bddc
spotify:track:2hWQJ4Knog5SqDpq01s8hU,a28a4930e9644a559d47cb1459c2c0a3,2026-06-15T18:51:45Z,4,"Sounded somehow instantly familiar. Maybe I have heard it before. Regardless, I like it. I don't have the music understanding to describe whatever is going on with the rhythm (maybe a basic syncopation), but it's cool.",af98a1e59bc94dadab7babd9a990bddc
spotify:track:2yKZBTt2VUDooMaVZAgtEU,a28a4930e9644a559d47cb1459c2c0a3,2026-06-15T18:51:45Z,1,"Thanks to Chris for the off-platform link to check this one out. Not entirely my niche, but still holds some attention.",af98a1e59bc94dadab7babd9a990bddc
spotify:track:2zrs8tiXiqTC3Bd92TgjYI,a28a4930e9644a559d47cb1459c2c0a3,2026-06-15T18:51:45Z,2,"Definitely sounds of it's time, which isn't a bad thing. Lush and big production...  wondered how this song would sound stripped down.",af98a1e59bc94dadab7babd9a990bddc
spotify:track:3pf96IFggfQuT6Gafqx2rt,a28a4930e9644a559d47cb1459c2c0a3,2026-06-15T18:51:45Z,2,Don't think I knew this group was from Germany before googling just now. Love the vibe. The orchestration is maybe a little too prominent in the mix for me.,af98a1e59bc94dadab7babd9a990bddc
spotify:track:4DWFSrNnZXow1aB96gByho,a28a4930e9644a559d47cb1459c2c0a3,2026-06-15T18:51:45Z,3,I'm a sucker for this sound. Core memories I suppose.,af98a1e59bc94dadab7babd9a990bddc
spotify:track:59rSjZAHfFktNxjtx7oM4H,a28a4930e9644a559d47cb1459c2c0a3,2026-06-15T18:51:45Z,-1,"I recently was reminded of the astounding number of hits that Fleetwood Mac produced. This one has many of the same qualities but in more subdued form than the mega hits. It's fine, but I needed to park one more downvote this week, and this one gets it if only because it went on at least a minute too long. Life isn't fair.",af98a1e59bc94dadab7babd9a990bddc
spotify:track:5c2I3Ad1uAhUyxsdDshLL9,a28a4930e9644a559d47cb1459c2c0a3,2026-06-15T18:51:45Z,2,A quietly intimate piece.,af98a1e59bc94dadab7babd9a990bddc
spotify:track:5KDNFlHAdDJ84fhK27c35X,a28a4930e9644a559d47cb1459c2c0a3,2026-06-15T18:51:45Z,-2,"It doesn't deserve downvotes, yet they must go somewhere. Blame the admins.",af98a1e59bc94dadab7babd9a990bddc
spotify:track:62zFcDLa1CjCY9yp6VO4ga,a28a4930e9644a559d47cb1459c2c0a3,2026-06-15T18:51:45Z,5,Digging the groovy bass.,af98a1e59bc94dadab7babd9a990bddc
spotify:track:62Zhg5wQl9Dp80EhiYGhvd,a28a4930e9644a559d47cb1459c2c0a3,2026-06-15T18:51:45Z,3,I was around in the 70's but too young to remember for the most part. This is what I imagine the whole decade sounded like.,af98a1e59bc94dadab7babd9a990bddc
spotify:track:6slYEgeezVhJyqSA9UwOAl,a28a4930e9644a559d47cb1459c2c0a3,2026-06-15T18:51:45Z,-2,"I'd like to give a point just for the observation about the ""Joy Of Sextet"" title. This one just doesn't hit for me.",af98a1e59bc94dadab7babd9a990bddc
spotify:track:6xTp4nC8NBRSYMxGqIikSh,a28a4930e9644a559d47cb1459c2c0a3,2026-06-15T18:51:45Z,2,Perfectly fine. Doesn't make a spectacle of itself.,af98a1e59bc94dadab7babd9a990bddc
spotify:track:7aaDI1nm37aGLjjoQo34RY,a28a4930e9644a559d47cb1459c2c0a3,2026-06-15T18:51:45Z,2,Kind of like if the Editors were Danish. ,af98a1e59bc94dadab7babd9a990bddc
spotify:track:630l6KBVfdgvka6Hv20OM1,d0b05394a4f7482b95d5e0aeecbaa33a,2026-06-17T21:29:51Z,2,"There’s that word again, rollicking. Appreciate a switch of genre from the rest of the list. ",67b8da02a2cb4e2887c3713b1940854a
spotify:track:3LaHsdzzmvhx6TJedpomVy,d0b05394a4f7482b95d5e0aeecbaa33a,2026-06-17T21:29:51Z,-1,"Real tough, because of all familiar songs I quite like this one, but not enough to get past the familiarity. ",67b8da02a2cb4e2887c3713b1940854a
spotify:track:3XYX6xHNkKpR6aRWZ5frqL,d0b05394a4f7482b95d5e0aeecbaa33a,2026-06-17T21:29:51Z,3,"Rhythm antler!!! This definitely won’t be everyone’s cup of tea, but I dig it.",67b8da02a2cb4e2887c3713b1940854a
spotify:track:4J4Q9gWVAtDJtXtrxAYwBH,d0b05394a4f7482b95d5e0aeecbaa33a,2026-06-17T21:29:51Z,2,"Smooth, I missed her prime due to my tender age, no preconceived notions here. ",67b8da02a2cb4e2887c3713b1940854a
spotify:track:4tQ1uKVJEv1Q1OGc7XDsNV,d0b05394a4f7482b95d5e0aeecbaa33a,2026-06-17T21:29:51Z,1,"Song’s okay, mad respect for her Spotify profile declaring herself “Kitsch Bitch”",67b8da02a2cb4e2887c3713b1940854a
spotify:track:2qNJxMlONDZieqa2lCq0aU,d0b05394a4f7482b95d5e0aeecbaa33a,2026-06-17T21:29:51Z,-1,"Odd. Not bad, though, just a tough round. ",67b8da02a2cb4e2887c3713b1940854a
spotify:track:2Nik4AnfiDq6hMqa2IlEoA,d0b05394a4f7482b95d5e0aeecbaa33a,2026-06-17T21:29:51Z,-2,"Aaaah it hurts that I have to downvote you, because I agree with you, but I submitted this exact song back in league 2, which is the first league I played in. Hate the pedantic game, not the player?",67b8da02a2cb4e2887c3713b1940854a
spotify:track:0Gi51VivBQXMOIyuUAmgkr,d0b05394a4f7482b95d5e0aeecbaa33a,2026-06-17T21:29:51Z,4,"Enjoy The Veils a lot, yes they were used before but a while ago now. ",67b8da02a2cb4e2887c3713b1940854a
spotify:track:56xG507PbKNGIe07iiZnGz,d0b05394a4f7482b95d5e0aeecbaa33a,2026-06-17T21:29:51Z,0,"I have no idea how a song by a man who is living evidence of the union that destroyed the Beatles is going to do. That must be kinda awkward for him.

Only now realizing how much I liked back in the day was just Jon Brion. Also, Paul Simon’s son did guitar on this album. ",67b8da02a2cb4e2887c3713b1940854a
spotify:track:2QtcDBX43Hs5DSf59nxbrj,d0b05394a4f7482b95d5e0aeecbaa33a,2026-06-17T21:29:51Z,2,Works for me,67b8da02a2cb4e2887c3713b1940854a
spotify:track:57YD3Y16EqnX2baenqPcBr,d0b05394a4f7482b95d5e0aeecbaa33a,2026-06-17T21:29:51Z,3,This is going on my summer hammock playlist. ,67b8da02a2cb4e2887c3713b1940854a
spotify:track:5G3o1jScllBpuCxVRlsDDI,d0b05394a4f7482b95d5e0aeecbaa33a,2026-06-17T21:29:51Z,2,"In the right mood, I understand her music. Almost submitted her once, but I think this is the right round for her. Odd lady, I prefer her as an actress.",67b8da02a2cb4e2887c3713b1940854a
spotify:track:5Q0Nhxo0l2bP3pNjpGJwV1,d0b05394a4f7482b95d5e0aeecbaa33a,2026-06-17T21:29:51Z,2,"She’s bonkers but I respect her as an icon of my generation. I prefer Flowers or Wrecking Ball, but respect remains. She really matured since her disaster marriage to that Hemsworth fuckface. ",67b8da02a2cb4e2887c3713b1940854a
spotify:track:5XCIgHfvNTspzFPFVFt6Ic,d0b05394a4f7482b95d5e0aeecbaa33a,2026-06-17T21:29:51Z,2,I considered them at one point so you’re probably right. Catchy ladies.,67b8da02a2cb4e2887c3713b1940854a
spotify:track:2seDl9dG0vVG712p4ubeNl,d0b05394a4f7482b95d5e0aeecbaa33a,2026-06-17T21:29:51Z,1,"Quite nice, but not as memorable to me as some of the other songs.",67b8da02a2cb4e2887c3713b1940854a
spotify:track:3b7hpgHi2lSQbsIDM3QgDC,d0b05394a4f7482b95d5e0aeecbaa33a,2026-06-17T21:29:51Z,2,It has enough atmosphere to capture my interest. ,67b8da02a2cb4e2887c3713b1940854a
spotify:track:5Y3Vt1Z5ni8zm5WkZlR2mL,d0b05394a4f7482b95d5e0aeecbaa33a,2026-06-17T21:29:51Z,2,"Ah, alas submitter, it seems at least three of these submissions have a nepo double whammy. I do like Rufus too, and this one showcases his voice nicely.

I’d be curious to set up a formal poll on which Wainwright all of you prefer, if any, since it comes up anytime someone submits one of them.",67b8da02a2cb4e2887c3713b1940854a
spotify:track:7Ivm2dQgKGvWY0aOe9g64r,d0b05394a4f7482b95d5e0aeecbaa33a,2026-06-17T21:29:51Z,-1,"Not bad tho. Hadn’t heard much CPE, but wasn’t a big JS fan to begin with.",67b8da02a2cb4e2887c3713b1940854a
spotify:track:3I5xIGZn8FUviO0tpsHBjH,d0b05394a4f7482b95d5e0aeecbaa33a,2026-06-17T21:29:51Z,7,"Goddammit (Donut), Nina Simone sung by the soulful, tragic, self-deprecating Mr. Jeff Buckley? Take all my money, you cracked my algorithm. ",67b8da02a2cb4e2887c3713b1940854a
spotify:track:0Gi51VivBQXMOIyuUAmgkr,d0cb0402be7f47c9914e8de02f509f7a,2026-06-17T22:09:09Z,4,"Nice voice crackling and vibrato (uh oh, Buster Mumbles). Cracking start to the playlist, I dig. Thanks for the introduction. ",67b8da02a2cb4e2887c3713b1940854a
spotify:track:7Ivm2dQgKGvWY0aOe9g64r,d0cb0402be7f47c9914e8de02f509f7a,2026-06-17T22:09:09Z,2,"But where are the synths, the samples, the autotune?? My ears! My ears!!",67b8da02a2cb4e2887c3713b1940854a
spotify:track:630l6KBVfdgvka6Hv20OM1,d0cb0402be7f47c9914e8de02f509f7a,2026-06-17T22:09:09Z,5,"Yellow bellied yellow boxer! Not the song I chose, but I commend you submitter for the choice. JTE's sad story arc tugs at my heart. So much raw talent gone in a flash. Another Portland overdose. *sigh*",67b8da02a2cb4e2887c3713b1940854a
spotify:track:5Y3Vt1Z5ni8zm5WkZlR2mL,d0cb0402be7f47c9914e8de02f509f7a,2026-06-17T22:09:09Z,3,"Pretty sure this isn't BusterMumbles submission. I like most of what Ive heard of Rufus, but must listen to him in small amounts. The vibrato can be tiring at times. Nevertheless, this is a great effort.",67b8da02a2cb4e2887c3713b1940854a
spotify:track:5XCIgHfvNTspzFPFVFt6Ic,d0cb0402be7f47c9914e8de02f509f7a,2026-06-17T22:09:09Z,3,I'm a sucker for the 60s girl group vibe. Well done.,67b8da02a2cb4e2887c3713b1940854a
spotify:track:5Q0Nhxo0l2bP3pNjpGJwV1,d0cb0402be7f47c9914e8de02f509f7a,2026-06-17T22:09:09Z,-2,I think the submitter mistook this for the Sparks/funny week. Autotune overload. Noooo.,67b8da02a2cb4e2887c3713b1940854a
spotify:track:5G3o1jScllBpuCxVRlsDDI,d0cb0402be7f47c9914e8de02f509f7a,2026-06-17T22:09:09Z,3,Expected Charlotte here. This is a lovely song.,67b8da02a2cb4e2887c3713b1940854a
spotify:track:56xG507PbKNGIe07iiZnGz,d0cb0402be7f47c9914e8de02f509f7a,2026-06-17T22:09:09Z,2,"Intriguing story and disturbing use of the colloquialism ""dead meat"" in that context.",67b8da02a2cb4e2887c3713b1940854a
spotify:track:4tQ1uKVJEv1Q1OGc7XDsNV,d0cb0402be7f47c9914e8de02f509f7a,2026-06-17T22:09:09Z,1,"In my mind TT D'Arby is but a young lad, how can he have a daughter this old? Proper talent here, I like this.",67b8da02a2cb4e2887c3713b1940854a
spotify:track:3XYX6xHNkKpR6aRWZ5frqL,d0cb0402be7f47c9914e8de02f509f7a,2026-06-17T22:09:09Z,2,Misplaced Rhythm Antler is the name of my next band.,67b8da02a2cb4e2887c3713b1940854a
spotify:track:3LaHsdzzmvhx6TJedpomVy,d0cb0402be7f47c9914e8de02f509f7a,2026-06-17T22:09:09Z,-1,"Familiarity tax, sorry.",67b8da02a2cb4e2887c3713b1940854a
spotify:track:3I5xIGZn8FUviO0tpsHBjH,d0cb0402be7f47c9914e8de02f509f7a,2026-06-17T22:09:09Z,2,"Another expected entry. Such a shame both dad and son died so early in life. When he was hitting it big, I saw him play here in Portland. Stupid aloof Portlanders, me and my friend were unimpressed. HOW?? ",67b8da02a2cb4e2887c3713b1940854a
spotify:track:3b7hpgHi2lSQbsIDM3QgDC,d0cb0402be7f47c9914e8de02f509f7a,2026-06-17T22:09:09Z,1,Considered this one too.  She did a great job backing dad on tour (US tour?),67b8da02a2cb4e2887c3713b1940854a
spotify:track:2seDl9dG0vVG712p4ubeNl,d0cb0402be7f47c9914e8de02f509f7a,2026-06-17T22:09:09Z,5,"First one that makes me sit up.and say OOOOOH! For one, I always thought Tracey and Ben were gay besties,  no reason for this faulty conclusion. A musician son you say?? Voice sounds like a true combo of ma and da. Whoo!",67b8da02a2cb4e2887c3713b1940854a
spotify:track:2QtcDBX43Hs5DSf59nxbrj,d0cb0402be7f47c9914e8de02f509f7a,2026-06-17T22:09:09Z,1,John Fogerty is the dad and I like this more than any Creedence song.,67b8da02a2cb4e2887c3713b1940854a
spotify:track:2qNJxMlONDZieqa2lCq0aU,d0cb0402be7f47c9914e8de02f509f7a,2026-06-17T22:09:09Z,1,"Not familiar with his dad, but hey, that's what Google and Wikipedia are for.",67b8da02a2cb4e2887c3713b1940854a
spotify:track:2Nik4AnfiDq6hMqa2IlEoA,d0cb0402be7f47c9914e8de02f509f7a,2026-06-17T22:09:09Z,-2,"I like both Wainwright chillens, but yeah, Martha wins in that vocal race for me. This was used in ML 2, yikes. Great song though. ",67b8da02a2cb4e2887c3713b1940854a
spotify:track:57YD3Y16EqnX2baenqPcBr,de4eea8c425949deaa2c55f0c21ccd7d,2026-06-18T05:56:36Z,3,Very nice.  ,67b8da02a2cb4e2887c3713b1940854a
spotify:track:0Gi51VivBQXMOIyuUAmgkr,de4eea8c425949deaa2c55f0c21ccd7d,2026-06-18T05:56:36Z,3,The band sounds powerful.  His voice is a bit overdramatic.,67b8da02a2cb4e2887c3713b1940854a
spotify:track:2Nik4AnfiDq6hMqa2IlEoA,de4eea8c425949deaa2c55f0c21ccd7d,2026-06-18T05:56:36Z,-2,"This same song by her was already used, duh.  Maximum penalties.",67b8da02a2cb4e2887c3713b1940854a
spotify:track:2qNJxMlONDZieqa2lCq0aU,de4eea8c425949deaa2c55f0c21ccd7d,2026-06-18T05:56:36Z,4,He's got a way with words.  I am compelled.,67b8da02a2cb4e2887c3713b1940854a
spotify:track:2QtcDBX43Hs5DSf59nxbrj,de4eea8c425949deaa2c55f0c21ccd7d,2026-06-18T05:56:36Z,2,Some good neo-psych sounds.,67b8da02a2cb4e2887c3713b1940854a
spotify:track:2seDl9dG0vVG712p4ubeNl,de4eea8c425949deaa2c55f0c21ccd7d,2026-06-18T05:56:36Z,3,Nice enough.,67b8da02a2cb4e2887c3713b1940854a
spotify:track:3b7hpgHi2lSQbsIDM3QgDC,de4eea8c425949deaa2c55f0c21ccd7d,2026-06-18T05:56:36Z,0,Boring and too long.,67b8da02a2cb4e2887c3713b1940854a
spotify:track:3LaHsdzzmvhx6TJedpomVy,de4eea8c425949deaa2c55f0c21ccd7d,2026-06-18T05:56:36Z,0,I've heard this more than enough already.,67b8da02a2cb4e2887c3713b1940854a
spotify:track:3XYX6xHNkKpR6aRWZ5frqL,de4eea8c425949deaa2c55f0c21ccd7d,2026-06-18T05:56:36Z,5,Liked this a lot more than I thought I would!  It should do well.,67b8da02a2cb4e2887c3713b1940854a
spotify:track:4J4Q9gWVAtDJtXtrxAYwBH,de4eea8c425949deaa2c55f0c21ccd7d,2026-06-18T05:56:36Z,3,She is an interesting artist.  So much going on in the background here.,67b8da02a2cb4e2887c3713b1940854a
spotify:track:4tQ1uKVJEv1Q1OGc7XDsNV,de4eea8c425949deaa2c55f0c21ccd7d,2026-06-18T05:56:36Z,3,Pretty cool.,67b8da02a2cb4e2887c3713b1940854a
spotify:track:56xG507PbKNGIe07iiZnGz,de4eea8c425949deaa2c55f0c21ccd7d,2026-06-18T05:56:36Z,2,It's alright.,67b8da02a2cb4e2887c3713b1940854a
spotify:track:5G3o1jScllBpuCxVRlsDDI,de4eea8c425949deaa2c55f0c21ccd7d,2026-06-18T05:56:36Z,2,"What I like most about this is the reworked rhythm of Serge's ""Bonnie and Clyde"", which she can't take credit for.",67b8da02a2cb4e2887c3713b1940854a
spotify:track:5Q0Nhxo0l2bP3pNjpGJwV1,de4eea8c425949deaa2c55f0c21ccd7d,2026-06-18T05:56:36Z,-2,"You should have stuck with NAS, jeezus fuck.",67b8da02a2cb4e2887c3713b1940854a
spotify:track:5XCIgHfvNTspzFPFVFt6Ic,de4eea8c425949deaa2c55f0c21ccd7d,2026-06-18T05:56:36Z,2,Convincing facsimile of 60's beat music.,67b8da02a2cb4e2887c3713b1940854a
spotify:track:5Y3Vt1Z5ni8zm5WkZlR2mL,de4eea8c425949deaa2c55f0c21ccd7d,2026-06-18T05:56:36Z,1,"Hard to dislike his voice, but the Broadway stylings of the music are easier to dislike.  Used in season 4, the most recent of this round's repeat artists.  Also perhaps a bit longer than it needs to be.",67b8da02a2cb4e2887c3713b1940854a
spotify:track:630l6KBVfdgvka6Hv20OM1,de4eea8c425949deaa2c55f0c21ccd7d,2026-06-18T05:56:36Z,2,"That's a sad story.  I hope transmission11k doesn't hold his dying young against you, as he is sometimes wont to do.  
It's got a fine old-timey feel, like a lost Johnny Cash tune from the 50's or 60's.",67b8da02a2cb4e2887c3713b1940854a
spotify:track:7Ivm2dQgKGvWY0aOe9g64r,de4eea8c425949deaa2c55f0c21ccd7d,2026-06-18T05:56:36Z,-1,Snooze.  Emphatically not my thing.,67b8da02a2cb4e2887c3713b1940854a
spotify:track:0Gi51VivBQXMOIyuUAmgkr,c2908202c05c4119b9af99d832f55b9b,2026-06-18T17:45:16Z,1,Why do fireflys always go for the songs with acoustic guitar with histrionic vocals?,67b8da02a2cb4e2887c3713b1940854a
spotify:track:2Nik4AnfiDq6hMqa2IlEoA,c2908202c05c4119b9af99d832f55b9b,2026-06-18T17:45:16Z,1,Luckily as a newbie duplicate songs/artists don't bother me ... yet.,67b8da02a2cb4e2887c3713b1940854a
spotify:track:2qNJxMlONDZieqa2lCq0aU,c2908202c05c4119b9af99d832f55b9b,2026-06-18T17:45:16Z,2,I'm a sucker for a spoken word song ... and female backing vocals ... and funky rhythm sections ... and orchestral bits.  Liked it but I'm not sure why it didn't come in higher for me.,67b8da02a2cb4e2887c3713b1940854a
spotify:track:7Ivm2dQgKGvWY0aOe9g64r,c2908202c05c4119b9af99d832f55b9b,2026-06-18T17:45:16Z,5,"CPE Bach's harpsichord concertos are insanely entertaining, unrestrained in a genre that doesn't reward energy.  I have a flute one of his as well which like this is more restrained and traditional.  Still, this is quite fetching and looks like I need to expand further.  I'm going to give it the bronze.",67b8da02a2cb4e2887c3713b1940854a
spotify:track:630l6KBVfdgvka6Hv20OM1,c2908202c05c4119b9af99d832f55b9b,2026-06-18T17:45:16Z,1,This album is quite highly acclaimed but I just don't have the ability to appreciate it.  Love his vocal and the production is spot on ... excepting the very distracting backing vocals which ruins the overall effect for me.,67b8da02a2cb4e2887c3713b1940854a
spotify:track:5Y3Vt1Z5ni8zm5WkZlR2mL,c2908202c05c4119b9af99d832f55b9b,2026-06-18T17:45:16Z,1,"I can handle this just a bit more than Jeff Buckley, mainly because of the worbly piano.",67b8da02a2cb4e2887c3713b1940854a
spotify:track:5XCIgHfvNTspzFPFVFt6Ic,c2908202c05c4119b9af99d832f55b9b,2026-06-18T17:45:16Z,0,What did you think of your own song?,67b8da02a2cb4e2887c3713b1940854a
spotify:track:5Q0Nhxo0l2bP3pNjpGJwV1,c2908202c05c4119b9af99d832f55b9b,2026-06-18T17:45:16Z,-1,"This is pretty much the reason I'll never submit a Katy Perry song - doesn't have a chance.  Whoever tweaked the vocal in the chorus deserves to be escorted out of the room.  Still trying to figure out where the ""hands up / playin' my song"" bit is lifted from.",67b8da02a2cb4e2887c3713b1940854a
spotify:track:5G3o1jScllBpuCxVRlsDDI,c2908202c05c4119b9af99d832f55b9b,2026-06-18T17:45:16Z,6,"I certainly don't need to be convinced of the musical charms of Charlotte as she's made my best of's in the past.  Amazing how much this reminds me of West End Girl despite a good 20 years on it.  A quality selection, this takes the silver.",67b8da02a2cb4e2887c3713b1940854a
spotify:track:2QtcDBX43Hs5DSf59nxbrj,c2908202c05c4119b9af99d832f55b9b,2026-06-18T17:45:16Z,4,Nice retro fuzzy feel and choppy guitar ... a bit derivate but in a satisfying way.  Gotta groove!,67b8da02a2cb4e2887c3713b1940854a
spotify:track:2seDl9dG0vVG712p4ubeNl,c2908202c05c4119b9af99d832f55b9b,2026-06-18T17:45:16Z,6,"Very nice driving guitar line and gentle vocal, worth watching for!  Nice discovery and the gold medal winner for me.",67b8da02a2cb4e2887c3713b1940854a
spotify:track:3b7hpgHi2lSQbsIDM3QgDC,c2908202c05c4119b9af99d832f55b9b,2026-06-18T17:45:16Z,0,"A bit too skeletal for me, the submarine ping almost felt like parody of the genre.  Perhaps a better candidate for the slow week.",67b8da02a2cb4e2887c3713b1940854a
spotify:track:3I5xIGZn8FUviO0tpsHBjH,c2908202c05c4119b9af99d832f55b9b,2026-06-18T17:45:16Z,-2,I concur with his self-review at the end of the song.,67b8da02a2cb4e2887c3713b1940854a
spotify:track:3LaHsdzzmvhx6TJedpomVy,c2908202c05c4119b9af99d832f55b9b,2026-06-18T17:45:16Z,2,"Kim has quite a catalog though the US really only knows two of her songs ... I would have preferred a deeper cut but I'm not complaining about its inclusion, either.",67b8da02a2cb4e2887c3713b1940854a
spotify:track:3XYX6xHNkKpR6aRWZ5frqL,c2908202c05c4119b9af99d832f55b9b,2026-06-18T17:45:16Z,-2,i've heard Myrkur before and didn't mind it ... perhaps this wasn't the best choice from their oeuvre.  The hard/soft vocal thing rarely works for me.,67b8da02a2cb4e2887c3713b1940854a
spotify:track:4J4Q9gWVAtDJtXtrxAYwBH,c2908202c05c4119b9af99d832f55b9b,2026-06-18T17:45:16Z,0,"Another one where the elements are there but it just doesn't quite come together.  I mean, I'm a sucker for a rap break but it just doesn't hit here.  Wish it did.",67b8da02a2cb4e2887c3713b1940854a
spotify:track:57YD3Y16EqnX2baenqPcBr,c2908202c05c4119b9af99d832f55b9b,2026-06-18T17:45:16Z,1,"This has a bit too much Radiohead at its heart for my taste, especially the drums.  The vocal redeems it somewhat.",67b8da02a2cb4e2887c3713b1940854a
spotify:track:56xG507PbKNGIe07iiZnGz,c2908202c05c4119b9af99d832f55b9b,2026-06-18T17:45:16Z,4,"Very well produced and bewildering in that Sufjan sort of way.  Has a bit of Aimee Mann in there, too - I  could definitely hear her doing this song.",67b8da02a2cb4e2887c3713b1940854a
spotify:track:4tQ1uKVJEv1Q1OGc7XDsNV,c2908202c05c4119b9af99d832f55b9b,2026-06-18T17:45:16Z,1,"The mix is a little heavy here, wish they had let the vocal breathe.",67b8da02a2cb4e2887c3713b1940854a
spotify:track:4J4Q9gWVAtDJtXtrxAYwBH,2841805d6e4f44b1814aa495dc2150c1,2026-06-19T00:26:11Z,4,"Her first appearance?  Wow, Tony.  This is expectedly excellent.",67b8da02a2cb4e2887c3713b1940854a
spotify:track:0Gi51VivBQXMOIyuUAmgkr,2841805d6e4f44b1814aa495dc2150c1,2026-06-19T00:26:11Z,-1,Waffling between moments my ears perk up and moments they sound like a dozen other folky wailer bands. ,67b8da02a2cb4e2887c3713b1940854a
spotify:track:2Nik4AnfiDq6hMqa2IlEoA,2841805d6e4f44b1814aa495dc2150c1,2026-06-19T00:26:11Z,-2,One prior league appearance from each of the Wainwrights.  Poor luck to pick this one for Martha.,67b8da02a2cb4e2887c3713b1940854a
spotify:track:2qNJxMlONDZieqa2lCq0aU,2841805d6e4f44b1814aa495dc2150c1,2026-06-19T00:26:11Z,5,"Mr. O'Hara, would have sworn, introduced me to Mr. Dury in an early league, but both databases tell me my memory isn't correct.  That's cool.  I embrace my decrepitude like a life participation ribbon.",67b8da02a2cb4e2887c3713b1940854a
spotify:track:2QtcDBX43Hs5DSf59nxbrj,2841805d6e4f44b1814aa495dc2150c1,2026-06-19T00:26:11Z,2,New to me.  Wild.  Sounds more like a baggy descendant than John's kids.,67b8da02a2cb4e2887c3713b1940854a
spotify:track:2seDl9dG0vVG712p4ubeNl,2841805d6e4f44b1814aa495dc2150c1,2026-06-19T00:26:11Z,0,"Much like last round, I look forward to seeing my pop hopes dashed by voting results.  That's cool. My dad hates cilantro, I love it, all due to the olfactory receptor gene known as OR6A2.  I believe OU812 is the musical tastes gene.  ",67b8da02a2cb4e2887c3713b1940854a
spotify:track:3b7hpgHi2lSQbsIDM3QgDC,2841805d6e4f44b1814aa495dc2150c1,2026-06-19T00:26:11Z,4,"Years of watching Supernatural, I know the key to fighting hauntings is a salt barrier at all a room's entrances, and waving iron objects.  Bit of chill trip hop to this - Zero 7, Massive Attack, and Telepopmusik.  Grows on me.",67b8da02a2cb4e2887c3713b1940854a
spotify:track:3I5xIGZn8FUviO0tpsHBjH,2841805d6e4f44b1814aa495dc2150c1,2026-06-19T00:26:11Z,2,"Don't listen to him much, but wish he'd had a longer life.",67b8da02a2cb4e2887c3713b1940854a
spotify:track:3LaHsdzzmvhx6TJedpomVy,2841805d6e4f44b1814aa495dc2150c1,2026-06-19T00:26:11Z,1,"This reminds me of Reckless, a film in which a dour rebel falls for a popular girl in an industrial American town.  Soundtrack included a couple of Shabooh Shoobah INXS tracks, plus ""Never Say Never"" and this song, used when the couple breaks into the high school and tosses paper everywhere.  Wacky kids.",67b8da02a2cb4e2887c3713b1940854a
spotify:track:3XYX6xHNkKpR6aRWZ5frqL,2841805d6e4f44b1814aa495dc2150c1,2026-06-19T00:26:11Z,3,YES!  Guns blazing!  Walks the line nicely between beauty and Azrael Abyss basement cosplay.,67b8da02a2cb4e2887c3713b1940854a
spotify:track:4tQ1uKVJEv1Q1OGc7XDsNV,2841805d6e4f44b1814aa495dc2150c1,2026-06-19T00:26:11Z,1,"Pretty, but votes subtracted because it sounds awfully like ""Love Me Like You Do"" from ""Fifty Shades Of Grey"".  Dakota Johnson, not a good actress, but seems like a good human being.",67b8da02a2cb4e2887c3713b1940854a
spotify:track:56xG507PbKNGIe07iiZnGz,2841805d6e4f44b1814aa495dc2150c1,2026-06-19T00:26:11Z,-1,"I hear nasal congestion, but yeah, burying vocals under instruments is hit or miss with me.  Glad he was good medicine!",67b8da02a2cb4e2887c3713b1940854a
spotify:track:57YD3Y16EqnX2baenqPcBr,2841805d6e4f44b1814aa495dc2150c1,2026-06-19T00:26:11Z,2,"Pretty enough to get past the immediate Edie Brickell PTSD.   What I am is what I am.  Choke me in the shallow water, before I get too deep.",67b8da02a2cb4e2887c3713b1940854a
spotify:track:5G3o1jScllBpuCxVRlsDDI,2841805d6e4f44b1814aa495dc2150c1,2026-06-19T00:26:11Z,4,"Swirly guitar, nice throwback.  Immediate POW! to the ears.  Why don't I own this album? Set it aside at the library to borrow.  Tangented me to Serge's ""Bonnie & Clyde"".",67b8da02a2cb4e2887c3713b1940854a
spotify:track:5Q0Nhxo0l2bP3pNjpGJwV1,2841805d6e4f44b1814aa495dc2150c1,2026-06-19T00:26:11Z,-1,"Not a fan of Miley's voice.  I'd feel more guilty if this was her cover of ""Androgynous"" with Laura Jane Grace and Joan Jett, but I don't think that's on Spotify.  https://www.youtube.com/watch?v=ZR6mM_zfxwE  To hear this on the radio, you'd have to listen to the type of stations that repeat their playlist every 2-3 hours.  I first heard it in the second Pitch Perfect movie.  Shut up.  Anna Kendrick is adorbs.",67b8da02a2cb4e2887c3713b1940854a
spotify:track:5XCIgHfvNTspzFPFVFt6Ic,2841805d6e4f44b1814aa495dc2150c1,2026-06-19T00:26:11Z,1,Cute dresses.,67b8da02a2cb4e2887c3713b1940854a
spotify:track:5Y3Vt1Z5ni8zm5WkZlR2mL,2841805d6e4f44b1814aa495dc2150c1,2026-06-19T00:26:11Z,2,"Beautiful song, less familiarity tax.",67b8da02a2cb4e2887c3713b1940854a
spotify:track:630l6KBVfdgvka6Hv20OM1,2841805d6e4f44b1814aa495dc2150c1,2026-06-19T00:26:11Z,1,Hm.,67b8da02a2cb4e2887c3713b1940854a
spotify:track:7Ivm2dQgKGvWY0aOe9g64r,2841805d6e4f44b1814aa495dc2150c1,2026-06-19T00:26:11Z,3,"Nothing wrong from this angle.  Strauss or Ives, also options.  Even Leopold Mozart and his kid.",67b8da02a2cb4e2887c3713b1940854a
spotify:track:2seDl9dG0vVG712p4ubeNl,62a98fc6d1b84e52b5f885d92cb59725,2026-06-19T08:06:53Z,3,"I’d seen Tracey Thorn talk about FS on social media, but this is the first time I’ve listened. Much better than I thought it was going to be. ",67b8da02a2cb4e2887c3713b1940854a
spotify:track:3LaHsdzzmvhx6TJedpomVy,62a98fc6d1b84e52b5f885d92cb59725,2026-06-19T08:06:53Z,6,"Should probably get a familiarity tax, but it’s by far the best thing on this playlist. ",67b8da02a2cb4e2887c3713b1940854a
spotify:track:3b7hpgHi2lSQbsIDM3QgDC,62a98fc6d1b84e52b5f885d92cb59725,2026-06-19T08:06:53Z,-1,"This is a bit dull, and I certainly don’t need almost 7 minutes of it. ",67b8da02a2cb4e2887c3713b1940854a
spotify:track:3I5xIGZn8FUviO0tpsHBjH,62a98fc6d1b84e52b5f885d92cb59725,2026-06-19T08:06:53Z,2,"Hadn’t heard this before, it’s pretty good. Extra point for “that was shitty” at the end. ",67b8da02a2cb4e2887c3713b1940854a
spotify:track:0Gi51VivBQXMOIyuUAmgkr,62a98fc6d1b84e52b5f885d92cb59725,2026-06-19T08:06:53Z,1,"I’ve gone off a lot of this style of angsty man music, but this is a very good song. ",67b8da02a2cb4e2887c3713b1940854a
spotify:track:2Nik4AnfiDq6hMqa2IlEoA,62a98fc6d1b84e52b5f885d92cb59725,2026-06-19T08:06:53Z,-2,"Very good, but we had it in league 2. Check before submitting or expect downvotes. ",67b8da02a2cb4e2887c3713b1940854a
spotify:track:2qNJxMlONDZieqa2lCq0aU,62a98fc6d1b84e52b5f885d92cb59725,2026-06-19T08:06:53Z,-1,"I liked his dad, but I’m not a fan of Baxter. The “welcome to Miami now” bits are OK. ",67b8da02a2cb4e2887c3713b1940854a
spotify:track:3XYX6xHNkKpR6aRWZ5frqL,62a98fc6d1b84e52b5f885d92cb59725,2026-06-19T08:06:53Z,4,"The number of times I’ve been ready to leave the house, wallet, keys, phone, now where have I left my rhythm antler? This is great. ",67b8da02a2cb4e2887c3713b1940854a
spotify:track:4J4Q9gWVAtDJtXtrxAYwBH,62a98fc6d1b84e52b5f885d92cb59725,2026-06-19T08:06:53Z,2,Didn’t know this song. I like it. ,67b8da02a2cb4e2887c3713b1940854a
spotify:track:56xG507PbKNGIe07iiZnGz,62a98fc6d1b84e52b5f885d92cb59725,2026-06-19T08:06:53Z,1,"Obviously no one can argue with the quality of his lineage. Oh, and his dad was also in a band I think.  This is OK. ",67b8da02a2cb4e2887c3713b1940854a
spotify:track:57YD3Y16EqnX2baenqPcBr,62a98fc6d1b84e52b5f885d92cb59725,2026-06-19T08:06:53Z,2,"Never heard of her, or her dad either, but this is nice. ",67b8da02a2cb4e2887c3713b1940854a
spotify:track:5G3o1jScllBpuCxVRlsDDI,62a98fc6d1b84e52b5f885d92cb59725,2026-06-19T08:06:53Z,3,"Serge was clearly a grade A arsehole, and I have a general aversion to French pop music. Having said all that, this is excellent. ",67b8da02a2cb4e2887c3713b1940854a
spotify:track:5Q0Nhxo0l2bP3pNjpGJwV1,62a98fc6d1b84e52b5f885d92cb59725,2026-06-19T08:06:53Z,3,Neither Cyrus has graced the leagues before now. I believe this is what’s known as a banger. ,67b8da02a2cb4e2887c3713b1940854a
spotify:track:5XCIgHfvNTspzFPFVFt6Ic,62a98fc6d1b84e52b5f885d92cb59725,2026-06-19T08:06:53Z,3,Off the scale nepo explosion. Great song. ,67b8da02a2cb4e2887c3713b1940854a
spotify:track:5Y3Vt1Z5ni8zm5WkZlR2mL,62a98fc6d1b84e52b5f885d92cb59725,2026-06-19T08:06:53Z,-1,"I find his voice fairly irritating, and I don’t think this is one of his best. ",67b8da02a2cb4e2887c3713b1940854a
spotify:track:630l6KBVfdgvka6Hv20OM1,62a98fc6d1b84e52b5f885d92cb59725,2026-06-19T08:06:53Z,3,"I saw him once, at a festival in the pouring rain. ",67b8da02a2cb4e2887c3713b1940854a
spotify:track:7Ivm2dQgKGvWY0aOe9g64r,62a98fc6d1b84e52b5f885d92cb59725,2026-06-19T08:06:53Z,2,Nice end to the playlist. ,67b8da02a2cb4e2887c3713b1940854a
spotify:track:2QtcDBX43Hs5DSf59nxbrj,62a98fc6d1b84e52b5f885d92cb59725,2026-06-19T08:06:53Z,0,"It’s OK, but I need the points elsewhere. ",67b8da02a2cb4e2887c3713b1940854a
spotify:track:0Gi51VivBQXMOIyuUAmgkr,920d59fe89434c9a9255c64fa8265e5a,2026-06-19T09:59:10Z,4,"Like this a lot, there's real passion in this song, welcome breath of fresh air.",67b8da02a2cb4e2887c3713b1940854a
spotify:track:2QtcDBX43Hs5DSf59nxbrj,920d59fe89434c9a9255c64fa8265e5a,2026-06-19T09:59:10Z,2,Nice fuzzed up psych.,67b8da02a2cb4e2887c3713b1940854a
spotify:track:2seDl9dG0vVG712p4ubeNl,920d59fe89434c9a9255c64fa8265e5a,2026-06-19T09:59:10Z,4,"Didn't expect to like this given lineage but I do, rather a lot. Lovely song.",67b8da02a2cb4e2887c3713b1940854a
spotify:track:3b7hpgHi2lSQbsIDM3QgDC,920d59fe89434c9a9255c64fa8265e5a,2026-06-19T09:59:10Z,3,"Good choice, enjoyed this. Missed a trick not saving this for the ""slow"" round....",67b8da02a2cb4e2887c3713b1940854a
spotify:track:3I5xIGZn8FUviO0tpsHBjH,920d59fe89434c9a9255c64fa8265e5a,2026-06-19T09:59:10Z,-2,"Repeat artist, no protest for this one  😛 Just never bought into the whole Buckley thing  and am eternally mystified at the adoration bestowed on him. A very obvious nepo pick to boot.",67b8da02a2cb4e2887c3713b1940854a
spotify:track:3LaHsdzzmvhx6TJedpomVy,920d59fe89434c9a9255c64fa8265e5a,2026-06-19T09:59:10Z,2,Another well known familial connection. Always quite liked this. My wife was the spitting image of Kim back in the day,67b8da02a2cb4e2887c3713b1940854a
spotify:track:3XYX6xHNkKpR6aRWZ5frqL,920d59fe89434c9a9255c64fa8265e5a,2026-06-19T09:59:10Z,2,"Love the more obscure family connection here, not quite so keen the song. Have some points for avoiding the obvious.",67b8da02a2cb4e2887c3713b1940854a
spotify:track:4J4Q9gWVAtDJtXtrxAYwBH,920d59fe89434c9a9255c64fa8265e5a,2026-06-19T09:59:10Z,2,Nice song. Well known family connection.,67b8da02a2cb4e2887c3713b1940854a
spotify:track:4tQ1uKVJEv1Q1OGc7XDsNV,920d59fe89434c9a9255c64fa8265e5a,2026-06-19T09:59:10Z,3,"Like this very much, insidious swelling build within the track is perfectly executed.",67b8da02a2cb4e2887c3713b1940854a
spotify:track:56xG507PbKNGIe07iiZnGz,920d59fe89434c9a9255c64fa8265e5a,2026-06-19T09:59:10Z,1,The most obvious of obvious choices - the artist not the song obvs. Not really for me though. ,67b8da02a2cb4e2887c3713b1940854a
spotify:track:57YD3Y16EqnX2baenqPcBr,920d59fe89434c9a9255c64fa8265e5a,2026-06-19T09:59:10Z,1,Quite dull my ears and the vocal is just so generic. Consummate league template song.,67b8da02a2cb4e2887c3713b1940854a
spotify:track:5G3o1jScllBpuCxVRlsDDI,920d59fe89434c9a9255c64fa8265e5a,2026-06-19T09:59:10Z,2,Pleasant stuff.,67b8da02a2cb4e2887c3713b1940854a
spotify:track:5Q0Nhxo0l2bP3pNjpGJwV1,920d59fe89434c9a9255c64fa8265e5a,2026-06-19T09:59:10Z,-1,"Just not a fan of modern pop. There are perhaps other Miley songs that I might have given points to, this isn't one of them. Sounds like a million other things that plague the charts.",67b8da02a2cb4e2887c3713b1940854a
spotify:track:5XCIgHfvNTspzFPFVFt6Ic,920d59fe89434c9a9255c64fa8265e5a,2026-06-19T09:59:10Z,1,It's OK. Not particularly compelling for me. Every so often I think it's going to morph into the Ketchup song.,67b8da02a2cb4e2887c3713b1940854a
spotify:track:5Y3Vt1Z5ni8zm5WkZlR2mL,920d59fe89434c9a9255c64fa8265e5a,2026-06-19T09:59:10Z,-2,"Yep a repeat artist, no protest vote. But I don't like this song at all. Tortuous.",67b8da02a2cb4e2887c3713b1940854a
spotify:track:630l6KBVfdgvka6Hv20OM1,920d59fe89434c9a9255c64fa8265e5a,2026-06-19T09:59:10Z,0,Too country for me.,67b8da02a2cb4e2887c3713b1940854a
spotify:track:7Ivm2dQgKGvWY0aOe9g64r,920d59fe89434c9a9255c64fa8265e5a,2026-06-19T09:59:10Z,1,"Clever, and have point for that. But stop it now. ",67b8da02a2cb4e2887c3713b1940854a
spotify:track:2Nik4AnfiDq6hMqa2IlEoA,920d59fe89434c9a9255c64fa8265e5a,2026-06-19T09:59:10Z,7,Yeah yeah a repeat song although I - for some reason - like this a whole lot more this time around. I'm going to go against the grain here and register a protest vote. Sure it's a repeat and those that care will vote accordingly. What I'm protesting is the outing of this in the chat which I think is poor form. Let those who check up (and I'm one) and/or have recall do their thing but I don't condone swaying the electorate with interference prior to the vote. Maybe introduce a league rule imposing a purdah in chat regarding explicitly referencing the round in progress? ,67b8da02a2cb4e2887c3713b1940854a
spotify:track:5Y3Vt1Z5ni8zm5WkZlR2mL,f269e66e73e246549e5c314009da035e,2026-06-20T09:13:11Z,3,"I steered clear of the Wainwrights this week as we've kind of milked that cow dry over past leagues. But I love plenty of Rufus' stuff - this is pre-peak, to my mind, though I read that Van Dyke Parks arranged it, hence the slightly overblown quality. Still, enjoyable.",67b8da02a2cb4e2887c3713b1940854a
spotify:track:0Gi51VivBQXMOIyuUAmgkr,f269e66e73e246549e5c314009da035e,2026-06-20T09:13:11Z,1,"Haha yes, the Shirley Temple / Melvins connection is amazing. Well, nothing too XTC going on here. I dunno, it's kind of like Crime and the City Solution but without Bonney's weird wit. The attitude without the altitude.",67b8da02a2cb4e2887c3713b1940854a
spotify:track:2Nik4AnfiDq6hMqa2IlEoA,f269e66e73e246549e5c314009da035e,2026-06-20T09:13:11Z,-2,"Them’s fightin’ words! Rufus has made some fantastic stuff,  no shortage of talent there. This is excellent too, but… y’know. Voted for it in the past. ",67b8da02a2cb4e2887c3713b1940854a
spotify:track:2qNJxMlONDZieqa2lCq0aU,f269e66e73e246549e5c314009da035e,2026-06-20T09:13:11Z,2,"Love the persona-creation here, some great lines (the Shadow Licker!), this sort of guy always reminds me of Keith Talent in London Fields, or Ray Winstone's character in just about anything. Nicely done here, with the right sleazy soundtrack, feels a bit jokey but maybe works better as part of a whole concept album. ",67b8da02a2cb4e2887c3713b1940854a
spotify:track:2QtcDBX43Hs5DSf59nxbrj,f269e66e73e246549e5c314009da035e,2026-06-20T09:13:11Z,-1,"Bio says ""Hearty Har has come to be known for their explosive and raucous live shows, which blend modern psychedelia with classic garage rock and roll""... this is not so explosive. One DV left in the barrel, sorry, I'm just not getting anything special here.",67b8da02a2cb4e2887c3713b1940854a
spotify:track:2seDl9dG0vVG712p4ubeNl,f269e66e73e246549e5c314009da035e,2026-06-20T09:13:11Z,1,"Did not know about this bloke. I never really got EBTG, but this is... fine, I guess?",67b8da02a2cb4e2887c3713b1940854a
spotify:track:3b7hpgHi2lSQbsIDM3QgDC,f269e66e73e246549e5c314009da035e,2026-06-20T09:13:11Z,3,"Better than Crash Test Dummies. The lyrics are a bit lame, but there's plenty of texture and interesting arrangement to hold the interest here. Hey, Jane Birkin is another vocalist on this album!",67b8da02a2cb4e2887c3713b1940854a
spotify:track:3I5xIGZn8FUviO0tpsHBjH,f269e66e73e246549e5c314009da035e,2026-06-20T09:13:11Z,2,"The rare example of the son measuring up to the parent, with tragic similarities. We've had him before, but I haven't head this, and come on, that voice is still magic, even in a ""shitty"" performance. Imagine if he and Liz Fraser’s romance had produced a child, what a third generation that could be! ",67b8da02a2cb4e2887c3713b1940854a
spotify:track:3LaHsdzzmvhx6TJedpomVy,f269e66e73e246549e5c314009da035e,2026-06-20T09:13:11Z,4,"Ah, good one! I have a big nostalgic soft spot for Kim’s early hits, and loved this as a kid. The weird synth stuff, brilliant tune, and a hot babe, I needed nothing more as an almost-teen. Familiar AF but I do not care. And revisiting it now while reading more about it, you realise how Marty was updating his rock'n'roll roots with inspiration from the latest synth-pop. Respect. ",67b8da02a2cb4e2887c3713b1940854a
spotify:track:3XYX6xHNkKpR6aRWZ5frqL,f269e66e73e246549e5c314009da035e,2026-06-20T09:13:11Z,5,"🤘🏻 YEAH 🤘🏻  What a segue after Kim Wilde, and what an unholy marriage of folky tunes and black thrash. The softer, airy vocals work so well against the harsher side of this. Just awesome. But how could you fail to mention Dad's other bands, Heavy Joker, Thors Hammer (no apostrophe) and Tyggegummibanden (The Bubble Gum Gang, apparently)? Nice work, Bruuns.",67b8da02a2cb4e2887c3713b1940854a
spotify:track:4J4Q9gWVAtDJtXtrxAYwBH,f269e66e73e246549e5c314009da035e,2026-06-20T09:13:11Z,2,"I prefer her in a more upbeat mode, but this is not bad. ""Strong enough to be weak/real in your arms"" is a great line.",67b8da02a2cb4e2887c3713b1940854a
spotify:track:4tQ1uKVJEv1Q1OGc7XDsNV,f269e66e73e246549e5c314009da035e,2026-06-20T09:13:11Z,4,"Ooh. Fantastic lyrics over a thrilling base of delicate then surging electro-pop. I like this more than any of her Dad's stuff, she could go far. (Of course I looked up the backing singer thing - hi Girvan).",67b8da02a2cb4e2887c3713b1940854a
spotify:track:56xG507PbKNGIe07iiZnGz,f269e66e73e246549e5c314009da035e,2026-06-20T09:13:11Z,3,"The apple doesn't fall far etc... I mean, all credit to him for not just running a mile from a music career, I guess it really is just a compulsion for some. At least he sings like Dad, not Mum (jk, respect to Yoko for her contributions and all, but y'know). This is quite good.",67b8da02a2cb4e2887c3713b1940854a
spotify:track:57YD3Y16EqnX2baenqPcBr,f269e66e73e246549e5c314009da035e,2026-06-20T09:13:11Z,2,"Lots of warmth here, and yeah, spacious. Nice nice nice, like the man said..",67b8da02a2cb4e2887c3713b1940854a
spotify:track:5Q0Nhxo0l2bP3pNjpGJwV1,f269e66e73e246549e5c314009da035e,2026-06-20T09:13:11Z,1,"OK, I'll take it for what it is, I've got nothing against pure commercial pop, done well. Musical patriotic fist-pumps, not so keen. Annoying, but honestly, quite effective.",67b8da02a2cb4e2887c3713b1940854a
spotify:track:5XCIgHfvNTspzFPFVFt6Ic,f269e66e73e246549e5c314009da035e,2026-06-20T09:13:11Z,2,"Oh man, can't fault it really, but it feels like it's made from a Lego set of pop music history.",67b8da02a2cb4e2887c3713b1940854a
spotify:track:630l6KBVfdgvka6Hv20OM1,f269e66e73e246549e5c314009da035e,2026-06-20T09:13:11Z,-1,"This playlist has been surprisingly good, so the downvoting is tough - this is just a bit yeehaw for me. DVWA.",67b8da02a2cb4e2887c3713b1940854a
spotify:track:7Ivm2dQgKGvWY0aOe9g64r,f269e66e73e246549e5c314009da035e,2026-06-20T09:13:11Z,-1,"I thought of him too - I'm sure JS could pull some points here, but I'm not sure about CPE, bold choice. And with only only one movement here, it's a bit lost, especially the ending, so I think I must DVWA. Also, what a fucking stupid album cover, is that supposed to appeal to the kids? Good luck with that.",67b8da02a2cb4e2887c3713b1940854a
spotify:track:3LaHsdzzmvhx6TJedpomVy,23e53d1a01404849826a9ac7d1d28b27,2026-06-20T11:54:13Z,2,Never thought I'd hear this in an Eitzel related music group. But it was one of my guilty pleasures back in the day.,67b8da02a2cb4e2887c3713b1940854a
spotify:track:3I5xIGZn8FUviO0tpsHBjH,23e53d1a01404849826a9ac7d1d28b27,2026-06-20T11:54:13Z,2,Always a solid choice,67b8da02a2cb4e2887c3713b1940854a
spotify:track:3b7hpgHi2lSQbsIDM3QgDC,23e53d1a01404849826a9ac7d1d28b27,2026-06-20T11:54:13Z,2,Nice enough,67b8da02a2cb4e2887c3713b1940854a
spotify:track:2seDl9dG0vVG712p4ubeNl,23e53d1a01404849826a9ac7d1d28b27,2026-06-20T11:54:13Z,2,"Similar vibe to EBTG, nice calming vocals",67b8da02a2cb4e2887c3713b1940854a
spotify:track:7Ivm2dQgKGvWY0aOe9g64r,23e53d1a01404849826a9ac7d1d28b27,2026-06-20T11:54:13Z,3,Beautiful,67b8da02a2cb4e2887c3713b1940854a
spotify:track:2QtcDBX43Hs5DSf59nxbrj,23e53d1a01404849826a9ac7d1d28b27,2026-06-20T11:54:13Z,1,It's alright,67b8da02a2cb4e2887c3713b1940854a
spotify:track:2qNJxMlONDZieqa2lCq0aU,23e53d1a01404849826a9ac7d1d28b27,2026-06-20T11:54:13Z,2,"Interesting, love the cockney vocals, not sure how it fits with Miami though",67b8da02a2cb4e2887c3713b1940854a
spotify:track:630l6KBVfdgvka6Hv20OM1,23e53d1a01404849826a9ac7d1d28b27,2026-06-20T11:54:13Z,-1,"Love the lineage, not so much this song, sorry",67b8da02a2cb4e2887c3713b1940854a
spotify:track:0Gi51VivBQXMOIyuUAmgkr,23e53d1a01404849826a9ac7d1d28b27,2026-06-20T11:54:13Z,1,"Don't love this particular Veils song, but there was one in a previous round I think, which I really did like. The scratchy vocals don't really appeal to me",67b8da02a2cb4e2887c3713b1940854a
spotify:track:5Y3Vt1Z5ni8zm5WkZlR2mL,23e53d1a01404849826a9ac7d1d28b27,2026-06-20T11:54:13Z,2,"So I submitted his way more talented sister, but this is lovely also..",67b8da02a2cb4e2887c3713b1940854a
spotify:track:5XCIgHfvNTspzFPFVFt6Ic,23e53d1a01404849826a9ac7d1d28b27,2026-06-20T11:54:13Z,3,Cool and fun,67b8da02a2cb4e2887c3713b1940854a
spotify:track:5Q0Nhxo0l2bP3pNjpGJwV1,23e53d1a01404849826a9ac7d1d28b27,2026-06-20T11:54:13Z,-2,"Sorry, there are several Miley songs I like, but not this. Apologies for the downvotes",67b8da02a2cb4e2887c3713b1940854a
spotify:track:5G3o1jScllBpuCxVRlsDDI,23e53d1a01404849826a9ac7d1d28b27,2026-06-20T11:54:13Z,2,"Love the vibes, those glamourous days of old",67b8da02a2cb4e2887c3713b1940854a
spotify:track:57YD3Y16EqnX2baenqPcBr,23e53d1a01404849826a9ac7d1d28b27,2026-06-20T11:54:13Z,3,"A truly lovely song, will explore this artist more",67b8da02a2cb4e2887c3713b1940854a
spotify:track:56xG507PbKNGIe07iiZnGz,23e53d1a01404849826a9ac7d1d28b27,2026-06-20T11:54:13Z,-2,Leaves me pining for actual Lennon music,67b8da02a2cb4e2887c3713b1940854a
spotify:track:4tQ1uKVJEv1Q1OGc7XDsNV,23e53d1a01404849826a9ac7d1d28b27,2026-06-20T11:54:13Z,4,"NO WAY! Can't believe it. I'm a huge Sananda/Maitreya fan (I believe I've disturbed this very group previously with his music) and was aware that he had a daughter that was into music - but had never heard her name or any of her music before. It's so wonderful, dear poster, that you have posted this. The song is so so to my ears, but points for the provenance. ",67b8da02a2cb4e2887c3713b1940854a
spotify:track:4J4Q9gWVAtDJtXtrxAYwBH,23e53d1a01404849826a9ac7d1d28b27,2026-06-20T11:54:13Z,2,Nice Neneh Cherry song that I hadn't heard before,67b8da02a2cb4e2887c3713b1940854a
spotify:track:3XYX6xHNkKpR6aRWZ5frqL,23e53d1a01404849826a9ac7d1d28b27,2026-06-20T11:54:13Z,4,"Folk black metal, my new favourite genre! Always wanted to get into death metal but put off by the growling, this vocal style however is perfect, I wish more death metal bands had this. Love it.",67b8da02a2cb4e2887c3713b1940854a
spotify:track:3LaHsdzzmvhx6TJedpomVy,eda607c11bad4f2087be16a53e4d90b5,2026-06-21T18:32:39Z,2,,67b8da02a2cb4e2887c3713b1940854a
spotify:track:4J4Q9gWVAtDJtXtrxAYwBH,eda607c11bad4f2087be16a53e4d90b5,2026-06-21T18:32:39Z,3,,67b8da02a2cb4e2887c3713b1940854a
spotify:track:4tQ1uKVJEv1Q1OGc7XDsNV,eda607c11bad4f2087be16a53e4d90b5,2026-06-21T18:32:39Z,2,,67b8da02a2cb4e2887c3713b1940854a
spotify:track:56xG507PbKNGIe07iiZnGz,eda607c11bad4f2087be16a53e4d90b5,2026-06-21T18:32:39Z,-1,,67b8da02a2cb4e2887c3713b1940854a
spotify:track:57YD3Y16EqnX2baenqPcBr,eda607c11bad4f2087be16a53e4d90b5,2026-06-21T18:32:39Z,2,,67b8da02a2cb4e2887c3713b1940854a
spotify:track:5G3o1jScllBpuCxVRlsDDI,eda607c11bad4f2087be16a53e4d90b5,2026-06-21T18:32:39Z,1,,67b8da02a2cb4e2887c3713b1940854a
spotify:track:5Q0Nhxo0l2bP3pNjpGJwV1,eda607c11bad4f2087be16a53e4d90b5,2026-06-21T18:32:39Z,-2,,67b8da02a2cb4e2887c3713b1940854a
spotify:track:7Ivm2dQgKGvWY0aOe9g64r,eda607c11bad4f2087be16a53e4d90b5,2026-06-21T18:32:39Z,2,,67b8da02a2cb4e2887c3713b1940854a
spotify:track:630l6KBVfdgvka6Hv20OM1,eda607c11bad4f2087be16a53e4d90b5,2026-06-21T18:32:39Z,3,,67b8da02a2cb4e2887c3713b1940854a
spotify:track:5Y3Vt1Z5ni8zm5WkZlR2mL,eda607c11bad4f2087be16a53e4d90b5,2026-06-21T18:32:39Z,2,,67b8da02a2cb4e2887c3713b1940854a
spotify:track:5XCIgHfvNTspzFPFVFt6Ic,eda607c11bad4f2087be16a53e4d90b5,2026-06-21T18:32:39Z,-1,,67b8da02a2cb4e2887c3713b1940854a
spotify:track:0Gi51VivBQXMOIyuUAmgkr,eda607c11bad4f2087be16a53e4d90b5,2026-06-21T18:32:39Z,2,,67b8da02a2cb4e2887c3713b1940854a
spotify:track:2Nik4AnfiDq6hMqa2IlEoA,eda607c11bad4f2087be16a53e4d90b5,2026-06-21T18:32:39Z,3,,67b8da02a2cb4e2887c3713b1940854a
spotify:track:2qNJxMlONDZieqa2lCq0aU,eda607c11bad4f2087be16a53e4d90b5,2026-06-21T18:32:39Z,4,,67b8da02a2cb4e2887c3713b1940854a
spotify:track:2QtcDBX43Hs5DSf59nxbrj,eda607c11bad4f2087be16a53e4d90b5,2026-06-21T18:32:39Z,-1,,67b8da02a2cb4e2887c3713b1940854a
spotify:track:2seDl9dG0vVG712p4ubeNl,eda607c11bad4f2087be16a53e4d90b5,2026-06-21T18:32:39Z,2,,67b8da02a2cb4e2887c3713b1940854a
spotify:track:3I5xIGZn8FUviO0tpsHBjH,eda607c11bad4f2087be16a53e4d90b5,2026-06-21T18:32:39Z,3,,67b8da02a2cb4e2887c3713b1940854a
spotify:track:3XYX6xHNkKpR6aRWZ5frqL,eda607c11bad4f2087be16a53e4d90b5,2026-06-21T18:32:39Z,4,,67b8da02a2cb4e2887c3713b1940854a
spotify:track:56xG507PbKNGIe07iiZnGz,2acd20c2132e44d7bd36b48ea1c0f195,2026-06-21T19:08:06Z,1,,67b8da02a2cb4e2887c3713b1940854a
spotify:track:7Ivm2dQgKGvWY0aOe9g64r,2acd20c2132e44d7bd36b48ea1c0f195,2026-06-21T19:08:06Z,1,,67b8da02a2cb4e2887c3713b1940854a
spotify:track:630l6KBVfdgvka6Hv20OM1,2acd20c2132e44d7bd36b48ea1c0f195,2026-06-21T19:08:06Z,2,,67b8da02a2cb4e2887c3713b1940854a
spotify:track:5Y3Vt1Z5ni8zm5WkZlR2mL,2acd20c2132e44d7bd36b48ea1c0f195,2026-06-21T19:08:06Z,3,,67b8da02a2cb4e2887c3713b1940854a
spotify:track:5XCIgHfvNTspzFPFVFt6Ic,2acd20c2132e44d7bd36b48ea1c0f195,2026-06-21T19:08:06Z,2,,67b8da02a2cb4e2887c3713b1940854a
spotify:track:5Q0Nhxo0l2bP3pNjpGJwV1,2acd20c2132e44d7bd36b48ea1c0f195,2026-06-21T19:08:06Z,-2,,67b8da02a2cb4e2887c3713b1940854a
spotify:track:5G3o1jScllBpuCxVRlsDDI,2acd20c2132e44d7bd36b48ea1c0f195,2026-06-21T19:08:06Z,1,,67b8da02a2cb4e2887c3713b1940854a
spotify:track:2qNJxMlONDZieqa2lCq0aU,2acd20c2132e44d7bd36b48ea1c0f195,2026-06-21T19:08:06Z,3,,67b8da02a2cb4e2887c3713b1940854a
spotify:track:2QtcDBX43Hs5DSf59nxbrj,2acd20c2132e44d7bd36b48ea1c0f195,2026-06-21T19:08:06Z,2,,67b8da02a2cb4e2887c3713b1940854a
spotify:track:2seDl9dG0vVG712p4ubeNl,2acd20c2132e44d7bd36b48ea1c0f195,2026-06-21T19:08:06Z,-1,,67b8da02a2cb4e2887c3713b1940854a
spotify:track:3b7hpgHi2lSQbsIDM3QgDC,2acd20c2132e44d7bd36b48ea1c0f195,2026-06-21T19:08:06Z,-1,,67b8da02a2cb4e2887c3713b1940854a
spotify:track:2Nik4AnfiDq6hMqa2IlEoA,2acd20c2132e44d7bd36b48ea1c0f195,2026-06-21T19:08:06Z,4,,67b8da02a2cb4e2887c3713b1940854a
spotify:track:57YD3Y16EqnX2baenqPcBr,2acd20c2132e44d7bd36b48ea1c0f195,2026-06-21T19:08:06Z,2,,67b8da02a2cb4e2887c3713b1940854a
spotify:track:3I5xIGZn8FUviO0tpsHBjH,2acd20c2132e44d7bd36b48ea1c0f195,2026-06-21T19:08:06Z,4,,67b8da02a2cb4e2887c3713b1940854a
spotify:track:3LaHsdzzmvhx6TJedpomVy,2acd20c2132e44d7bd36b48ea1c0f195,2026-06-21T19:08:06Z,5,,67b8da02a2cb4e2887c3713b1940854a
spotify:track:3XYX6xHNkKpR6aRWZ5frqL,2acd20c2132e44d7bd36b48ea1c0f195,2026-06-21T19:08:06Z,4,,67b8da02a2cb4e2887c3713b1940854a
spotify:track:4J4Q9gWVAtDJtXtrxAYwBH,2acd20c2132e44d7bd36b48ea1c0f195,2026-06-21T19:08:06Z,-1,,67b8da02a2cb4e2887c3713b1940854a
spotify:track:4tQ1uKVJEv1Q1OGc7XDsNV,2acd20c2132e44d7bd36b48ea1c0f195,2026-06-21T19:08:06Z,1,,67b8da02a2cb4e2887c3713b1940854a
spotify:track:3b7hpgHi2lSQbsIDM3QgDC,fb5929c39fbe403dbcebeb3329942390,2026-06-21T21:48:00Z,3,Lush.,67b8da02a2cb4e2887c3713b1940854a
spotify:track:0Gi51VivBQXMOIyuUAmgkr,fb5929c39fbe403dbcebeb3329942390,2026-06-21T21:48:00Z,-1,"It’s not bad, but the eventually I just found his voice a little to whiny. Sorry. It’s me, not you.",67b8da02a2cb4e2887c3713b1940854a
spotify:track:2Nik4AnfiDq6hMqa2IlEoA,fb5929c39fbe403dbcebeb3329942390,2026-06-21T21:48:00Z,-2,"Sorry, repeat song is a no go.",67b8da02a2cb4e2887c3713b1940854a
spotify:track:2qNJxMlONDZieqa2lCq0aU,fb5929c39fbe403dbcebeb3329942390,2026-06-21T21:48:00Z,2,He sure sounds like his father even if the music is different. This is not all to shabby.,67b8da02a2cb4e2887c3713b1940854a
spotify:track:2QtcDBX43Hs5DSf59nxbrj,fb5929c39fbe403dbcebeb3329942390,2026-06-21T21:48:00Z,2,Solid song.,67b8da02a2cb4e2887c3713b1940854a
spotify:track:2seDl9dG0vVG712p4ubeNl,fb5929c39fbe403dbcebeb3329942390,2026-06-21T21:48:00Z,2,The amount of times I danced to the missing dance remix back in the 90’s … This is actually pretty good.,67b8da02a2cb4e2887c3713b1940854a
spotify:track:3I5xIGZn8FUviO0tpsHBjH,fb5929c39fbe403dbcebeb3329942390,2026-06-21T21:48:00Z,2,A bit mid for JB?,67b8da02a2cb4e2887c3713b1940854a
spotify:track:3LaHsdzzmvhx6TJedpomVy,fb5929c39fbe403dbcebeb3329942390,2026-06-21T21:48:00Z,5,I always loved this song. Overplayed? Not at all. Looooved.,67b8da02a2cb4e2887c3713b1940854a
spotify:track:4J4Q9gWVAtDJtXtrxAYwBH,fb5929c39fbe403dbcebeb3329942390,2026-06-21T21:48:00Z,2,Buffalo Stance is better.,67b8da02a2cb4e2887c3713b1940854a
spotify:track:4tQ1uKVJEv1Q1OGc7XDsNV,fb5929c39fbe403dbcebeb3329942390,2026-06-21T21:48:00Z,4,This is brilliant!,67b8da02a2cb4e2887c3713b1940854a
spotify:track:56xG507PbKNGIe07iiZnGz,fb5929c39fbe403dbcebeb3329942390,2026-06-21T21:48:00Z,2,"This is nice enough, sounds a bit like Elliott Smith trying to sound a little like Sean’s father. Unfair? Perhaps. What a burden to have father that famous.",67b8da02a2cb4e2887c3713b1940854a
spotify:track:57YD3Y16EqnX2baenqPcBr,fb5929c39fbe403dbcebeb3329942390,2026-06-21T21:48:00Z,1,"Not bad, a little meh.",67b8da02a2cb4e2887c3713b1940854a
spotify:track:5G3o1jScllBpuCxVRlsDDI,fb5929c39fbe403dbcebeb3329942390,2026-06-21T21:48:00Z,3,She’s made a lot of very good songs. This is one of them. ,67b8da02a2cb4e2887c3713b1940854a
spotify:track:5Q0Nhxo0l2bP3pNjpGJwV1,fb5929c39fbe403dbcebeb3329942390,2026-06-21T21:48:00Z,-1,This sounds like any bland modern pop by committee song from the last decade.,67b8da02a2cb4e2887c3713b1940854a
spotify:track:5XCIgHfvNTspzFPFVFt6Ic,fb5929c39fbe403dbcebeb3329942390,2026-06-21T21:48:00Z,2,It’s a solid romp. Also a bit derivative. But solid.,67b8da02a2cb4e2887c3713b1940854a
spotify:track:5Y3Vt1Z5ni8zm5WkZlR2mL,fb5929c39fbe403dbcebeb3329942390,2026-06-21T21:48:00Z,1,"I never could get into RW. It’s undeniably good, but it doesn’t hit home for me. Espc. When he hits the music hall section. ",67b8da02a2cb4e2887c3713b1940854a
spotify:track:630l6KBVfdgvka6Hv20OM1,fb5929c39fbe403dbcebeb3329942390,2026-06-21T21:48:00Z,-1,"Not bad, but it lacks the nerve of either Steve og namesake Townes.",67b8da02a2cb4e2887c3713b1940854a
spotify:track:7Ivm2dQgKGvWY0aOe9g64r,fb5929c39fbe403dbcebeb3329942390,2026-06-21T21:48:00Z,4,"I was thinking about finding a classical composer as well, but forgot about it again. J.S. Is obviously superior. But extra points for thinking outside the box.",67b8da02a2cb4e2887c3713b1940854a
spotify:track:4tQ1uKVJEv1Q1OGc7XDsNV,467b385bee164547a603d728685f182f,2026-06-21T21:49:02Z,2,,67b8da02a2cb4e2887c3713b1940854a
spotify:track:56xG507PbKNGIe07iiZnGz,467b385bee164547a603d728685f182f,2026-06-21T21:49:02Z,2,,67b8da02a2cb4e2887c3713b1940854a
spotify:track:57YD3Y16EqnX2baenqPcBr,467b385bee164547a603d728685f182f,2026-06-21T21:49:02Z,2,,67b8da02a2cb4e2887c3713b1940854a
spotify:track:5G3o1jScllBpuCxVRlsDDI,467b385bee164547a603d728685f182f,2026-06-21T21:49:02Z,-1,,67b8da02a2cb4e2887c3713b1940854a
spotify:track:0Gi51VivBQXMOIyuUAmgkr,467b385bee164547a603d728685f182f,2026-06-21T21:49:02Z,2,,67b8da02a2cb4e2887c3713b1940854a
spotify:track:2Nik4AnfiDq6hMqa2IlEoA,467b385bee164547a603d728685f182f,2026-06-21T21:49:02Z,2,,67b8da02a2cb4e2887c3713b1940854a
spotify:track:5XCIgHfvNTspzFPFVFt6Ic,467b385bee164547a603d728685f182f,2026-06-21T21:49:02Z,2,,67b8da02a2cb4e2887c3713b1940854a
spotify:track:5Y3Vt1Z5ni8zm5WkZlR2mL,467b385bee164547a603d728685f182f,2026-06-21T21:49:02Z,4,,67b8da02a2cb4e2887c3713b1940854a
spotify:track:630l6KBVfdgvka6Hv20OM1,467b385bee164547a603d728685f182f,2026-06-21T21:49:02Z,-1,,67b8da02a2cb4e2887c3713b1940854a
spotify:track:5Q0Nhxo0l2bP3pNjpGJwV1,467b385bee164547a603d728685f182f,2026-06-21T21:49:02Z,1,,67b8da02a2cb4e2887c3713b1940854a
spotify:track:2qNJxMlONDZieqa2lCq0aU,467b385bee164547a603d728685f182f,2026-06-21T21:49:02Z,1,,67b8da02a2cb4e2887c3713b1940854a
spotify:track:2QtcDBX43Hs5DSf59nxbrj,467b385bee164547a603d728685f182f,2026-06-21T21:49:02Z,1,,67b8da02a2cb4e2887c3713b1940854a
spotify:track:3b7hpgHi2lSQbsIDM3QgDC,467b385bee164547a603d728685f182f,2026-06-21T21:49:02Z,7,,67b8da02a2cb4e2887c3713b1940854a
spotify:track:3I5xIGZn8FUviO0tpsHBjH,467b385bee164547a603d728685f182f,2026-06-21T21:49:02Z,-1,,67b8da02a2cb4e2887c3713b1940854a
spotify:track:3LaHsdzzmvhx6TJedpomVy,467b385bee164547a603d728685f182f,2026-06-21T21:49:02Z,7,,67b8da02a2cb4e2887c3713b1940854a
spotify:track:3XYX6xHNkKpR6aRWZ5frqL,467b385bee164547a603d728685f182f,2026-06-21T21:49:02Z,-2,,67b8da02a2cb4e2887c3713b1940854a
spotify:track:4J4Q9gWVAtDJtXtrxAYwBH,467b385bee164547a603d728685f182f,2026-06-21T21:49:02Z,2,,67b8da02a2cb4e2887c3713b1940854a
spotify:track:4tQ1uKVJEv1Q1OGc7XDsNV,8a006758b7e4400d94f2eb943efee15c,2026-06-21T21:59:00Z,0,"I’ve seen Seraphina a few times now in the company of the submitter and although I do think she is a great talent with huge potential, I’m not sure this song really fulfils it. Despite the title, it’s not hitting home for me. ",67b8da02a2cb4e2887c3713b1940854a
spotify:track:2seDl9dG0vVG712p4ubeNl,8a006758b7e4400d94f2eb943efee15c,2026-06-21T21:59:00Z,2,"It’s uncanny how the top half of his head is Tracey, and the bottom half is Ben. This is quite lovely, with echoes of Kings of Convenience. Will give the album a go when it comes out. ",67b8da02a2cb4e2887c3713b1940854a
spotify:track:3b7hpgHi2lSQbsIDM3QgDC,8a006758b7e4400d94f2eb943efee15c,2026-06-21T21:59:00Z,2,"I sunk into this one like a deep warm bath, albeit one that had a French minimalist composer and the daughter of a prog legend in it. Beautifully crafted, but the title is about as ‘Will this do?’ as it gets. ",67b8da02a2cb4e2887c3713b1940854a
spotify:track:3I5xIGZn8FUviO0tpsHBjH,8a006758b7e4400d94f2eb943efee15c,2026-06-21T21:59:00Z,4,"Stopped me in my tracks, this one. And I got diverted from the playlist to other tracks on the album too. His reggae improv at the end of The Boy With the Thorn in His Side now sounds like epic trolling of Morrissey. ",67b8da02a2cb4e2887c3713b1940854a
spotify:track:3LaHsdzzmvhx6TJedpomVy,8a006758b7e4400d94f2eb943efee15c,2026-06-21T21:59:00Z,-2,"I spent a long time ahead of this round listening to Kim Wilde songs to find something that wasn’t as obvious as this. I listened to her cyberpunk album! I listened to her covers album, where she does In Between Days, Ever Fallen in Love and Suede’s The Beautiful Ones! I listened to all sorts of early career oddities. And then I found out that one of you had submitted Kids in sodding America. Well I’m not having that. Familiarity tax firmly imposed!",67b8da02a2cb4e2887c3713b1940854a
spotify:track:3XYX6xHNkKpR6aRWZ5frqL,8a006758b7e4400d94f2eb943efee15c,2026-06-21T21:59:00Z,2,"Hit me with your rhythm antler. I wasn’t sure I was going to like this, but the cacophony of noise with her Liz Frazering over the top is quite a thing. ",67b8da02a2cb4e2887c3713b1940854a
spotify:track:4J4Q9gWVAtDJtXtrxAYwBH,8a006758b7e4400d94f2eb943efee15c,2026-06-21T21:59:00Z,0,"The mysterious submitter may have blown his cover by posting a (very good) Don Cherry album one chat last week. I’ve never really listened to her apart from the obvious, and although this is fine I can’t imagine it really changing that. ",67b8da02a2cb4e2887c3713b1940854a
spotify:track:56xG507PbKNGIe07iiZnGz,8a006758b7e4400d94f2eb943efee15c,2026-06-21T21:59:00Z,2,"Hey, this guy’s dad grew up just round the corner from me!!

He comes out of this sounding more like Radiohead than anything, but I could imagine getting into this in the right frame of mind.  
",67b8da02a2cb4e2887c3713b1940854a
spotify:track:57YD3Y16EqnX2baenqPcBr,8a006758b7e4400d94f2eb943efee15c,2026-06-21T21:59:00Z,2,Is country shoegaze a thing? Well it is now. Great and less than obvious choice - will investigate further. ,67b8da02a2cb4e2887c3713b1940854a
spotify:track:5G3o1jScllBpuCxVRlsDDI,8a006758b7e4400d94f2eb943efee15c,2026-06-21T21:59:00Z,3,"Yellowboxed me. I had the happy experience of seeing her live a few years ago, the whole band dressed in tailored white jumpsuits and one band member whose sole job it was to go round turning knobs on the amps. I’d have taken something from her most recent album Rest over this, but it’s still unfathomably cool. ",67b8da02a2cb4e2887c3713b1940854a
spotify:track:5Q0Nhxo0l2bP3pNjpGJwV1,8a006758b7e4400d94f2eb943efee15c,2026-06-21T21:59:00Z,3,"First play, nope. Second play, OK I get it now. Third play, Miley’s getting all the points. 

(EDIT: I later calmed down a bit). ",67b8da02a2cb4e2887c3713b1940854a
spotify:track:5XCIgHfvNTspzFPFVFt6Ic,8a006758b7e4400d94f2eb943efee15c,2026-06-21T21:59:00Z,1,"Kudos for the triple qualifier, but it feels ever so slightly clean and tidy
and in need of scuzz. ",67b8da02a2cb4e2887c3713b1940854a
spotify:track:5Y3Vt1Z5ni8zm5WkZlR2mL,8a006758b7e4400d94f2eb943efee15c,2026-06-21T21:59:00Z,-1,Sometimes he’s a bit style over content for me and this is a prime example. April Fools off this album would have got points. ,67b8da02a2cb4e2887c3713b1940854a
spotify:track:7Ivm2dQgKGvWY0aOe9g64r,8a006758b7e4400d94f2eb943efee15c,2026-06-21T21:59:00Z,3,"Who signed off on that cover art? Bloody awful, but this was a stirring end to the playlist. ",67b8da02a2cb4e2887c3713b1940854a
spotify:track:2QtcDBX43Hs5DSf59nxbrj,8a006758b7e4400d94f2eb943efee15c,2026-06-21T21:59:00Z,2,Didn’t know about these and liked this cross between rough and ready rock ‘n’ roll and super contemporary big pop production. ,67b8da02a2cb4e2887c3713b1940854a
spotify:track:2qNJxMlONDZieqa2lCq0aU,8a006758b7e4400d94f2eb943efee15c,2026-06-21T21:59:00Z,4,I do like his impression of Serge Gainsbourg as an East Londoner. The bass and strings on this are irresistibly sleazy. ,67b8da02a2cb4e2887c3713b1940854a
spotify:track:2Nik4AnfiDq6hMqa2IlEoA,8a006758b7e4400d94f2eb943efee15c,2026-06-21T21:59:00Z,-2,Sorry but the spreadsheet must be obeyed. ,67b8da02a2cb4e2887c3713b1940854a
spotify:track:0Gi51VivBQXMOIyuUAmgkr,8a006758b7e4400d94f2eb943efee15c,2026-06-21T21:59:00Z,5,"I’m a big fan of The Veils and have been listening to their excellent new album this weekend. A fine piece of (gender flipped?) southern gothic, this. ",67b8da02a2cb4e2887c3713b1940854a
spotify:track:0Gi51VivBQXMOIyuUAmgkr,01544fd12f414dadbc9bce3599e03c0b,2026-06-22T08:55:48Z,2,I did not know that about Shirley Temple's daughter. I enjoyed this. ,67b8da02a2cb4e2887c3713b1940854a
spotify:track:2Nik4AnfiDq6hMqa2IlEoA,01544fd12f414dadbc9bce3599e03c0b,2026-06-22T08:55:48Z,0,Not bad. At least she doesn't sing through her nose like the brother. A harsh zero in a strong week. ,67b8da02a2cb4e2887c3713b1940854a
spotify:track:2qNJxMlONDZieqa2lCq0aU,01544fd12f414dadbc9bce3599e03c0b,2026-06-22T08:55:48Z,4,"Baxter was all I had for the longest time, until my own submission occurred to me and which I went for as I considered it the safer option. Watch as this does way better. Not least because of a load of points from me. 

The sausage man/shadow licker/tiny little ghost stuff reminds me of this scene from the paedogeddon episode from Brass Eye. This was the inspiration  for my first email address. 

https://www.youtube.com/watch?v=8Ou0fSPZax4",67b8da02a2cb4e2887c3713b1940854a
spotify:track:2QtcDBX43Hs5DSf59nxbrj,01544fd12f414dadbc9bce3599e03c0b,2026-06-22T08:55:48Z,1,"Yeah not bad, enjoyed it. ",67b8da02a2cb4e2887c3713b1940854a
spotify:track:2seDl9dG0vVG712p4ubeNl,01544fd12f414dadbc9bce3599e03c0b,2026-06-22T08:55:48Z,3,I saw Family Stereo support Jens Lekman earlier this year and I was completely unaware of his lineage. It makes sense when you consider that his parents reference Jens in their lyrics and vice versa. I enjoyed this more than anything I heard from them that night. ,67b8da02a2cb4e2887c3713b1940854a
spotify:track:3b7hpgHi2lSQbsIDM3QgDC,01544fd12f414dadbc9bce3599e03c0b,2026-06-22T08:55:48Z,-2,"I was bored by this. Worse, I was bored by it for almost 7 minutes. Downvoted with apologies. ",67b8da02a2cb4e2887c3713b1940854a
spotify:track:3I5xIGZn8FUviO0tpsHBjH,01544fd12f414dadbc9bce3599e03c0b,2026-06-22T08:55:48Z,1,The lyrics are lovely - You do wonder why the spoken word bits at the start were left in. ,67b8da02a2cb4e2887c3713b1940854a
spotify:track:3LaHsdzzmvhx6TJedpomVy,01544fd12f414dadbc9bce3599e03c0b,2026-06-22T08:55:48Z,0,"We all, I'm sure have songs which, when we hear them, bring us instantly back to a certain place and time and this is one such song for me. That place is a  bus on a school tour with Willy Farrell  singing  along to the whoa-oh bits in the manner of Tommy Cooper while I pissed myself laughing. ",67b8da02a2cb4e2887c3713b1940854a
spotify:track:3XYX6xHNkKpR6aRWZ5frqL,01544fd12f414dadbc9bce3599e03c0b,2026-06-22T08:55:48Z,-2,I think it's the wishy washy vocals that offend me the most. Downvoted with apologies. ,67b8da02a2cb4e2887c3713b1940854a
spotify:track:4J4Q9gWVAtDJtXtrxAYwBH,01544fd12f414dadbc9bce3599e03c0b,2026-06-22T08:55:48Z,0,This was ok. Gets no points as there are quite a few this week that I want to give biggish scores to. ,67b8da02a2cb4e2887c3713b1940854a
spotify:track:4tQ1uKVJEv1Q1OGc7XDsNV,01544fd12f414dadbc9bce3599e03c0b,2026-06-22T08:55:48Z,5,New to me - I really thought this was great. Reminds me of O Superman a bit. ,67b8da02a2cb4e2887c3713b1940854a
spotify:track:56xG507PbKNGIe07iiZnGz,01544fd12f414dadbc9bce3599e03c0b,2026-06-22T08:55:48Z,2,"he came up in my research for this round, and I immediately discounted him despite never knowingly having heard him. This was much better than I was expecting. ",67b8da02a2cb4e2887c3713b1940854a
spotify:track:57YD3Y16EqnX2baenqPcBr,01544fd12f414dadbc9bce3599e03c0b,2026-06-22T08:55:48Z,4,I had to google Greg Brown. This was very nice indeed. ,67b8da02a2cb4e2887c3713b1940854a
spotify:track:5G3o1jScllBpuCxVRlsDDI,01544fd12f414dadbc9bce3599e03c0b,2026-06-22T08:55:48Z,4,I'm being properly educated this week. Another great submission. ,67b8da02a2cb4e2887c3713b1940854a
spotify:track:5Q0Nhxo0l2bP3pNjpGJwV1,01544fd12f414dadbc9bce3599e03c0b,2026-06-22T08:55:48Z,5,Ah this was magic. What a tune.,67b8da02a2cb4e2887c3713b1940854a
spotify:track:5XCIgHfvNTspzFPFVFt6Ic,01544fd12f414dadbc9bce3599e03c0b,2026-06-22T08:55:48Z,2,Enjoyed this too!,67b8da02a2cb4e2887c3713b1940854a
spotify:track:5Y3Vt1Z5ni8zm5WkZlR2mL,01544fd12f414dadbc9bce3599e03c0b,2026-06-22T08:55:48Z,-1,I don't get him but we've had him before and I seem to remember enjoying it. Not getting much from this I'm afraid. Downvoted with apologies. ,67b8da02a2cb4e2887c3713b1940854a
spotify:track:630l6KBVfdgvka6Hv20OM1,01544fd12f414dadbc9bce3599e03c0b,2026-06-22T08:55:48Z,1,I didn;t hate it. ,67b8da02a2cb4e2887c3713b1940854a
spotify:track:7Ivm2dQgKGvWY0aOe9g64r,01544fd12f414dadbc9bce3599e03c0b,2026-06-22T08:55:48Z,1,"What did you think of this song, Music League wants to know. I need to hear a song first and this is a tune. It was ok though and a brave choice. ",67b8da02a2cb4e2887c3713b1940854a
spotify:track:0Gi51VivBQXMOIyuUAmgkr,86c3935108da4e26bfb2081392ed35c5,2026-06-22T16:45:11Z,7,,67b8da02a2cb4e2887c3713b1940854a
spotify:track:2Nik4AnfiDq6hMqa2IlEoA,86c3935108da4e26bfb2081392ed35c5,2026-06-22T16:45:11Z,5,,67b8da02a2cb4e2887c3713b1940854a
spotify:track:2qNJxMlONDZieqa2lCq0aU,86c3935108da4e26bfb2081392ed35c5,2026-06-22T16:45:11Z,1,,67b8da02a2cb4e2887c3713b1940854a
spotify:track:2QtcDBX43Hs5DSf59nxbrj,86c3935108da4e26bfb2081392ed35c5,2026-06-22T16:45:11Z,3,,67b8da02a2cb4e2887c3713b1940854a
spotify:track:2seDl9dG0vVG712p4ubeNl,86c3935108da4e26bfb2081392ed35c5,2026-06-22T16:45:11Z,3,,67b8da02a2cb4e2887c3713b1940854a
spotify:track:3b7hpgHi2lSQbsIDM3QgDC,86c3935108da4e26bfb2081392ed35c5,2026-06-22T16:45:11Z,-1,,67b8da02a2cb4e2887c3713b1940854a
spotify:track:3I5xIGZn8FUviO0tpsHBjH,86c3935108da4e26bfb2081392ed35c5,2026-06-22T16:45:11Z,1,,67b8da02a2cb4e2887c3713b1940854a
spotify:track:3LaHsdzzmvhx6TJedpomVy,86c3935108da4e26bfb2081392ed35c5,2026-06-22T16:45:11Z,1,,67b8da02a2cb4e2887c3713b1940854a
spotify:track:3XYX6xHNkKpR6aRWZ5frqL,86c3935108da4e26bfb2081392ed35c5,2026-06-22T16:45:11Z,-1,,67b8da02a2cb4e2887c3713b1940854a
spotify:track:4J4Q9gWVAtDJtXtrxAYwBH,86c3935108da4e26bfb2081392ed35c5,2026-06-22T16:45:11Z,1,,67b8da02a2cb4e2887c3713b1940854a
spotify:track:4tQ1uKVJEv1Q1OGc7XDsNV,86c3935108da4e26bfb2081392ed35c5,2026-06-22T16:45:11Z,3,,67b8da02a2cb4e2887c3713b1940854a
spotify:track:56xG507PbKNGIe07iiZnGz,86c3935108da4e26bfb2081392ed35c5,2026-06-22T16:45:11Z,-1,,67b8da02a2cb4e2887c3713b1940854a
spotify:track:57YD3Y16EqnX2baenqPcBr,86c3935108da4e26bfb2081392ed35c5,2026-06-22T16:45:11Z,3,,67b8da02a2cb4e2887c3713b1940854a
spotify:track:5G3o1jScllBpuCxVRlsDDI,86c3935108da4e26bfb2081392ed35c5,2026-06-22T16:45:11Z,-1,,67b8da02a2cb4e2887c3713b1940854a
spotify:track:5XCIgHfvNTspzFPFVFt6Ic,86c3935108da4e26bfb2081392ed35c5,2026-06-22T16:45:11Z,1,,67b8da02a2cb4e2887c3713b1940854a
spotify:track:5Y3Vt1Z5ni8zm5WkZlR2mL,86c3935108da4e26bfb2081392ed35c5,2026-06-22T16:45:11Z,3,,67b8da02a2cb4e2887c3713b1940854a
spotify:track:630l6KBVfdgvka6Hv20OM1,86c3935108da4e26bfb2081392ed35c5,2026-06-22T16:45:11Z,3,,67b8da02a2cb4e2887c3713b1940854a
spotify:track:7Ivm2dQgKGvWY0aOe9g64r,86c3935108da4e26bfb2081392ed35c5,2026-06-22T16:45:11Z,-1,,67b8da02a2cb4e2887c3713b1940854a
spotify:track:0Gi51VivBQXMOIyuUAmgkr,6decab82ff3a437a886aa3d9a5999e5d,2026-06-22T17:46:42Z,3,,67b8da02a2cb4e2887c3713b1940854a
spotify:track:2Nik4AnfiDq6hMqa2IlEoA,6decab82ff3a437a886aa3d9a5999e5d,2026-06-22T17:46:42Z,-2,"Oof, but the votes gotta go somewhere and d repeat song is like a magnet for them. ",67b8da02a2cb4e2887c3713b1940854a
spotify:track:2qNJxMlONDZieqa2lCq0aU,6decab82ff3a437a886aa3d9a5999e5d,2026-06-22T17:46:42Z,3,,67b8da02a2cb4e2887c3713b1940854a
spotify:track:2QtcDBX43Hs5DSf59nxbrj,6decab82ff3a437a886aa3d9a5999e5d,2026-06-22T17:46:42Z,5,,67b8da02a2cb4e2887c3713b1940854a
spotify:track:3b7hpgHi2lSQbsIDM3QgDC,6decab82ff3a437a886aa3d9a5999e5d,2026-06-22T17:46:42Z,4,,67b8da02a2cb4e2887c3713b1940854a
spotify:track:3I5xIGZn8FUviO0tpsHBjH,6decab82ff3a437a886aa3d9a5999e5d,2026-06-22T17:46:42Z,1,,67b8da02a2cb4e2887c3713b1940854a
spotify:track:3LaHsdzzmvhx6TJedpomVy,6decab82ff3a437a886aa3d9a5999e5d,2026-06-22T17:46:42Z,2,,67b8da02a2cb4e2887c3713b1940854a
spotify:track:3XYX6xHNkKpR6aRWZ5frqL,6decab82ff3a437a886aa3d9a5999e5d,2026-06-22T17:46:42Z,3,,67b8da02a2cb4e2887c3713b1940854a
spotify:track:4J4Q9gWVAtDJtXtrxAYwBH,6decab82ff3a437a886aa3d9a5999e5d,2026-06-22T17:46:42Z,4,,67b8da02a2cb4e2887c3713b1940854a
spotify:track:4tQ1uKVJEv1Q1OGc7XDsNV,6decab82ff3a437a886aa3d9a5999e5d,2026-06-22T17:46:42Z,2,,67b8da02a2cb4e2887c3713b1940854a
spotify:track:56xG507PbKNGIe07iiZnGz,6decab82ff3a437a886aa3d9a5999e5d,2026-06-22T17:46:42Z,-1,,67b8da02a2cb4e2887c3713b1940854a
spotify:track:57YD3Y16EqnX2baenqPcBr,6decab82ff3a437a886aa3d9a5999e5d,2026-06-22T17:46:42Z,1,,67b8da02a2cb4e2887c3713b1940854a
spotify:track:5G3o1jScllBpuCxVRlsDDI,6decab82ff3a437a886aa3d9a5999e5d,2026-06-22T17:46:42Z,3,,67b8da02a2cb4e2887c3713b1940854a
spotify:track:5Q0Nhxo0l2bP3pNjpGJwV1,6decab82ff3a437a886aa3d9a5999e5d,2026-06-22T17:46:42Z,-2,,67b8da02a2cb4e2887c3713b1940854a
spotify:track:5XCIgHfvNTspzFPFVFt6Ic,6decab82ff3a437a886aa3d9a5999e5d,2026-06-22T17:46:42Z,1,,67b8da02a2cb4e2887c3713b1940854a
spotify:track:630l6KBVfdgvka6Hv20OM1,6decab82ff3a437a886aa3d9a5999e5d,2026-06-22T17:46:42Z,2,,67b8da02a2cb4e2887c3713b1940854a
spotify:track:7Ivm2dQgKGvWY0aOe9g64r,6decab82ff3a437a886aa3d9a5999e5d,2026-06-22T17:46:42Z,1,,67b8da02a2cb4e2887c3713b1940854a
spotify:track:3I5xIGZn8FUviO0tpsHBjH,a28a4930e9644a559d47cb1459c2c0a3,2026-06-22T18:20:48Z,3,A voice that we did not get to hear enough of.,67b8da02a2cb4e2887c3713b1940854a
spotify:track:3LaHsdzzmvhx6TJedpomVy,a28a4930e9644a559d47cb1459c2c0a3,2026-06-22T18:20:48Z,2,The things we learn in this league! Fun throwback and new trivia!,67b8da02a2cb4e2887c3713b1940854a
spotify:track:3XYX6xHNkKpR6aRWZ5frqL,a28a4930e9644a559d47cb1459c2c0a3,2026-06-22T18:20:48Z,-1,"I want to understand, but I don't. This is like two songs in one though, and half of it is much better than the other half.",67b8da02a2cb4e2887c3713b1940854a
spotify:track:4J4Q9gWVAtDJtXtrxAYwBH,a28a4930e9644a559d47cb1459c2c0a3,2026-06-22T18:20:48Z,-2,"A talented family, but this style doesn't do anything for me.",67b8da02a2cb4e2887c3713b1940854a
spotify:track:4tQ1uKVJEv1Q1OGc7XDsNV,a28a4930e9644a559d47cb1459c2c0a3,2026-06-22T18:20:48Z,2,"This almost veers over the pop edge, but stays on the track.",67b8da02a2cb4e2887c3713b1940854a
spotify:track:56xG507PbKNGIe07iiZnGz,a28a4930e9644a559d47cb1459c2c0a3,2026-06-22T18:20:48Z,2,I really don't mind this. I would have guess it was released earlier than it was.,67b8da02a2cb4e2887c3713b1940854a
spotify:track:57YD3Y16EqnX2baenqPcBr,a28a4930e9644a559d47cb1459c2c0a3,2026-06-22T18:20:48Z,5,"A bunch of subtle elements combine to make this one stand out. I don't know anything about production, but this feels very well produced.",67b8da02a2cb4e2887c3713b1940854a
spotify:track:5G3o1jScllBpuCxVRlsDDI,a28a4930e9644a559d47cb1459c2c0a3,2026-06-22T18:20:48Z,2,This song has an almost quiet swagger.,67b8da02a2cb4e2887c3713b1940854a
spotify:track:5Q0Nhxo0l2bP3pNjpGJwV1,a28a4930e9644a559d47cb1459c2c0a3,2026-06-22T18:20:48Z,2,Bold choice...  I will decide whether to reward or penalize as I see where all my votes go!,67b8da02a2cb4e2887c3713b1940854a
spotify:track:5XCIgHfvNTspzFPFVFt6Ic,a28a4930e9644a559d47cb1459c2c0a3,2026-06-22T18:20:48Z,3,,67b8da02a2cb4e2887c3713b1940854a
spotify:track:5Y3Vt1Z5ni8zm5WkZlR2mL,a28a4930e9644a559d47cb1459c2c0a3,2026-06-22T18:20:48Z,1,"Not really hitting me as I vote today, but that is probably my fault.",67b8da02a2cb4e2887c3713b1940854a
spotify:track:630l6KBVfdgvka6Hv20OM1,a28a4930e9644a559d47cb1459c2c0a3,2026-06-22T18:20:48Z,2,This sounds perfectly representative of a type of music. Almost too polished.,67b8da02a2cb4e2887c3713b1940854a
spotify:track:0Gi51VivBQXMOIyuUAmgkr,a28a4930e9644a559d47cb1459c2c0a3,2026-06-22T18:20:48Z,2,"Points for an off radar find, and a song that fits the general mood of this group. It almost comes together.",67b8da02a2cb4e2887c3713b1940854a
spotify:track:2Nik4AnfiDq6hMqa2IlEoA,a28a4930e9644a559d47cb1459c2c0a3,2026-06-22T18:20:48Z,-2,"Solid song but there really is only one rule. I'm sympathetic for sure, especially knowing the occasional time pressures that result in last minute scrambling.",67b8da02a2cb4e2887c3713b1940854a
spotify:track:2qNJxMlONDZieqa2lCq0aU,a28a4930e9644a559d47cb1459c2c0a3,2026-06-22T18:20:48Z,2,"Kind of wild, despite the relatively slow groove. It did not win ears in the room, but we are here in large part for new experiences, not the same old.",67b8da02a2cb4e2887c3713b1940854a
spotify:track:2QtcDBX43Hs5DSf59nxbrj,a28a4930e9644a559d47cb1459c2c0a3,2026-06-22T18:20:48Z,0,"Apologies for the lack of commentary here....  submitted in the morning knowing I might run short on time later that day, and glad I at least did that because I was right that the day would disappear on me. Thought it was novel and lively enough to hold interest for three and a half minutes.",67b8da02a2cb4e2887c3713b1940854a
spotify:track:2seDl9dG0vVG712p4ubeNl,a28a4930e9644a559d47cb1459c2c0a3,2026-06-22T18:20:48Z,4,Nothing wrong with this. Could have been released 30 years ago. I'm listening on a rainy afternoon and it fits.,67b8da02a2cb4e2887c3713b1940854a
spotify:track:3b7hpgHi2lSQbsIDM3QgDC,a28a4930e9644a559d47cb1459c2c0a3,2026-06-22T18:20:48Z,1,"Quite enjoyable as background music, but a tougher sell in this kind of format.",67b8da02a2cb4e2887c3713b1940854a
spotify:track:7Ivm2dQgKGvWY0aOe9g64r,a28a4930e9644a559d47cb1459c2c0a3,2026-06-22T18:20:48Z,2,Lol. What could go wrong? We shall soon see!,67b8da02a2cb4e2887c3713b1940854a
spotify:track:0Gi51VivBQXMOIyuUAmgkr,8e90755452724b16bc0423f737beaccd,2026-06-22T18:46:39Z,2,"Admittedly not familiar with this band, but it's a likable enough track. And according to Wikipedia, another of the indie rock/Twin Peaks crossover artists!",67b8da02a2cb4e2887c3713b1940854a
spotify:track:7Ivm2dQgKGvWY0aOe9g64r,8e90755452724b16bc0423f737beaccd,2026-06-22T18:46:39Z,3,"No slight against the senior Bach, but in general I'm probably drawn more to this than a typical Baroque era composition. Have an extra vote for thinking outside the box, too.",67b8da02a2cb4e2887c3713b1940854a
spotify:track:630l6KBVfdgvka6Hv20OM1,8e90755452724b16bc0423f737beaccd,2026-06-22T18:46:39Z,-1,"One of the more unfair things about the nepotism round is the inevitable comparison to the other artist... nothing wrong with this song, but versus his father Justin's vocals just lack any real distinctive character. ",67b8da02a2cb4e2887c3713b1940854a
spotify:track:5Y3Vt1Z5ni8zm5WkZlR2mL,8e90755452724b16bc0423f737beaccd,2026-06-22T18:46:39Z,2,"Straight from the debut, with that sympathetic Jon Brion production (and here also a string arrangement by Van Dyke Parks)... I'm still partial to ""April Fools"", but this is an artist who established his territory right out of the gate.",67b8da02a2cb4e2887c3713b1940854a
spotify:track:2seDl9dG0vVG712p4ubeNl,8e90755452724b16bc0423f737beaccd,2026-06-22T18:46:39Z,-1,"Fairly generic bedroom pop, nothing to really distinguish it from many similar songs",67b8da02a2cb4e2887c3713b1940854a
spotify:track:2QtcDBX43Hs5DSf59nxbrj,8e90755452724b16bc0423f737beaccd,2026-06-22T18:46:39Z,2,"Not much sonic connection to their father, I suppose, although that sax hook might have worked in a CCR song as well.  Solid pop track.",67b8da02a2cb4e2887c3713b1940854a
spotify:track:2qNJxMlONDZieqa2lCq0aU,8e90755452724b16bc0423f737beaccd,2026-06-22T18:46:39Z,3,"I don't need a whole album, but it works here with an undeniable groove supporting the whole affair. New firefly favorite Miley Cyrus should have a go at this.",67b8da02a2cb4e2887c3713b1940854a
spotify:track:2Nik4AnfiDq6hMqa2IlEoA,8e90755452724b16bc0423f737beaccd,2026-06-22T18:46:39Z,-2,"Quite the family... first Loudon Wainwright III, and now Martha Wainwright II. [ducks]

I'm not a big familiarity tax guy, but sorry to say it's literally a duplicate song. Better luck next round.",67b8da02a2cb4e2887c3713b1940854a
spotify:track:5Q0Nhxo0l2bP3pNjpGJwV1,8e90755452724b16bc0423f737beaccd,2026-06-22T18:46:39Z,2,"As substantial as cotton candy, but I'll certainly take this over UFC fights and not-so-reflecting pools...",67b8da02a2cb4e2887c3713b1940854a
spotify:track:5G3o1jScllBpuCxVRlsDDI,8e90755452724b16bc0423f737beaccd,2026-06-22T18:46:39Z,3,Gainsbourg definitely benefits from an inspired collection of lyric collaborators... good stuff,67b8da02a2cb4e2887c3713b1940854a
spotify:track:5XCIgHfvNTspzFPFVFt6Ic,8e90755452724b16bc0423f737beaccd,2026-06-22T18:46:39Z,3,"A bit of retro fun, isn't it? But there's some cleverness in the lyrics, too.",67b8da02a2cb4e2887c3713b1940854a
spotify:track:57YD3Y16EqnX2baenqPcBr,8e90755452724b16bc0423f737beaccd,2026-06-22T18:46:39Z,2,,67b8da02a2cb4e2887c3713b1940854a
spotify:track:56xG507PbKNGIe07iiZnGz,8e90755452724b16bc0423f737beaccd,2026-06-22T18:46:39Z,-1,"I've liked Lennon in other contexts, but this week I just can't seem to find my way into this song. And so, with one final downvote to spend...",67b8da02a2cb4e2887c3713b1940854a
spotify:track:4tQ1uKVJEv1Q1OGc7XDsNV,8e90755452724b16bc0423f737beaccd,2026-06-22T18:46:39Z,3,"Modern pop with some clever lyrics, and definitely mining different territory than her father... nice selection for this round",67b8da02a2cb4e2887c3713b1940854a
spotify:track:3XYX6xHNkKpR6aRWZ5frqL,8e90755452724b16bc0423f737beaccd,2026-06-22T18:46:39Z,2,"Certainly an interesting combination of musical elements, but not really something that I would be likely to play again",67b8da02a2cb4e2887c3713b1940854a
spotify:track:3LaHsdzzmvhx6TJedpomVy,8e90755452724b16bc0423f737beaccd,2026-06-22T18:46:39Z,3,"When I was much younger, I thought this was the Go-Go's! That chorus remains undeniable. ",67b8da02a2cb4e2887c3713b1940854a
spotify:track:3I5xIGZn8FUviO0tpsHBjH,8e90755452724b16bc0423f737beaccd,2026-06-22T18:46:39Z,3,"There are several curios from these sessions for longtime Buckley fans, but for me choosing a cover is neglectful of the man's own prodigious songwriting talents. Regardless, greatness endures.",67b8da02a2cb4e2887c3713b1940854a
spotify:track:3b7hpgHi2lSQbsIDM3QgDC,8e90755452724b16bc0423f737beaccd,2026-06-22T18:46:39Z,2,"Gabriel does a passable job as part of her father's band (although she's certainly not Paula Cole), but to the extent this succeeds it's because of Zazou.",67b8da02a2cb4e2887c3713b1940854a
spotify:track:0NZxhoP89WVQa1SANoad8c,c2908202c05c4119b9af99d832f55b9b,2026-06-25T17:10:24Z,1,fairly inoffensive which is a compliment amongst this lot,5c56b5eedd9a476c8a5242c48b74e620
spotify:track:0SHy9CDpycpqEV82fOA9TI,c2908202c05c4119b9af99d832f55b9b,2026-06-25T17:10:24Z,3,It gets points because I enjoy South Park,5c56b5eedd9a476c8a5242c48b74e620
spotify:track:0WkZQPNC0c7yrsMX1arVAd,c2908202c05c4119b9af99d832f55b9b,2026-06-25T17:10:24Z,1,The Minnesota Vikings connection costs it points big time.,5c56b5eedd9a476c8a5242c48b74e620
spotify:track:1Dgy2kUwa4JzEUXvg7CAXH,c2908202c05c4119b9af99d832f55b9b,2026-06-25T17:10:24Z,1,"mercifully short, which helps",5c56b5eedd9a476c8a5242c48b74e620
spotify:track:1sHRjZtep5IstNYM3uWRij,c2908202c05c4119b9af99d832f55b9b,2026-06-25T17:10:24Z,-2,it's quite cheap and dumb and obvious.,5c56b5eedd9a476c8a5242c48b74e620
spotify:track:1t1YkT7GkSxyi7eKIEayfk,c2908202c05c4119b9af99d832f55b9b,2026-06-25T17:10:24Z,-1,"There are so many compilations full of this stuff and every time one came in there was this one sanctimonious hippie at our station who found them so haw haw funny and would lazily play the whole thing during his show.  Which is to say, no matter how good something in this genre is, I'm going to hate it.",5c56b5eedd9a476c8a5242c48b74e620
spotify:track:2mzuA9mwOywE1VF7mO6sYG,c2908202c05c4119b9af99d832f55b9b,2026-06-25T17:10:24Z,-1,"""for good reason"" ... you are correct",5c56b5eedd9a476c8a5242c48b74e620
spotify:track:0BSO4eBXXojFae6y3FcfM3,c2908202c05c4119b9af99d832f55b9b,2026-06-25T17:10:24Z,-1,For some reason I surmise they were far less clever than they actually were,5c56b5eedd9a476c8a5242c48b74e620
spotify:track:3LklW07tvdx2AHsgfi1Mng,c2908202c05c4119b9af99d832f55b9b,2026-06-25T17:10:24Z,7,It's more clever than funny but it's also an actual song that I would listen to more than once.  A solid silver medal .,5c56b5eedd9a476c8a5242c48b74e620
spotify:track:3lu1PGi9oiKFbwJvGPpnyX,c2908202c05c4119b9af99d832f55b9b,2026-06-25T17:10:24Z,4,It's arranged very well and quite on the nose.  The default bronze?,5c56b5eedd9a476c8a5242c48b74e620
spotify:track:466QMr5bVL5dEjtGxgaXyC,c2908202c05c4119b9af99d832f55b9b,2026-06-25T17:10:24Z,0,"A cubemate really loved these guys back in the 90's, I did not.  Though she was a very nice and caring co-worker so no negative associations to downvote it.",5c56b5eedd9a476c8a5242c48b74e620
spotify:track:4BhBHpZlySZX16hYUrOwrq,c2908202c05c4119b9af99d832f55b9b,2026-06-25T17:10:24Z,3,"extraordinary guitar playing gets it points, though there's a few lazy lines that leaves the whole soup a bit lukewarm unfortunately.",5c56b5eedd9a476c8a5242c48b74e620
spotify:track:4dr49yNcSnkVXTlgXhpd13,c2908202c05c4119b9af99d832f55b9b,2026-06-25T17:10:24Z,3,"While I like this song, never thought of it as humorous ... more absurd in a Capt Beefheart sort of way.",5c56b5eedd9a476c8a5242c48b74e620
spotify:track:54UPoHNQuqAqOQAZ2hl1il,c2908202c05c4119b9af99d832f55b9b,2026-06-25T17:10:24Z,7,If there was a Mount Rushmore of humorous artists King Missile would be there. An artist I definitely would have selected. The default gold medal winner.,5c56b5eedd9a476c8a5242c48b74e620
spotify:track:5Qb2NeaVV91gaNPGcfwuF8,c2908202c05c4119b9af99d832f55b9b,2026-06-25T17:10:24Z,2,The enthusiasm of the crowd and the conceptual introduction get it points ... the execution not so much.,5c56b5eedd9a476c8a5242c48b74e620
spotify:track:6BsuFAxV7wwQyBFF4uDnNK,c2908202c05c4119b9af99d832f55b9b,2026-06-25T17:10:24Z,0,This is one (of the many) TV shows that friends swear (JUST SWEAR) that I will love love love ... and then when I give it a courtesy watch it's just excruciating.  Jizz In My Pants is the way funnier PSB parody (and shorter).,5c56b5eedd9a476c8a5242c48b74e620
spotify:track:6rmNpVzGkWIGqttdpmMR98,c2908202c05c4119b9af99d832f55b9b,2026-06-25T17:10:24Z,2,"It's impossible to starve Tom Petty of points, even on a light throwaway like this one.",5c56b5eedd9a476c8a5242c48b74e620
spotify:track:6umL3Fu63A82SLXRAvhkzV,c2908202c05c4119b9af99d832f55b9b,2026-06-25T17:10:24Z,0,I failed to mention in the chat that most people don't find my sense of humor to actually be very funny.,5c56b5eedd9a476c8a5242c48b74e620
spotify:track:7eSIIkZvrNqezcl059Ufpk,c2908202c05c4119b9af99d832f55b9b,2026-06-25T17:10:24Z,1,As the final song in the mix I had one point to spare.,5c56b5eedd9a476c8a5242c48b74e620
spotify:track:0BSO4eBXXojFae6y3FcfM3,d0cb0402be7f47c9914e8de02f509f7a,2026-06-25T18:17:27Z,5,I must be 12 as well. Laughed out loud when the chorus hit.,5c56b5eedd9a476c8a5242c48b74e620
spotify:track:0NZxhoP89WVQa1SANoad8c,d0cb0402be7f47c9914e8de02f509f7a,2026-06-25T18:17:27Z,-1,Sorry just didnt connect with this one.,5c56b5eedd9a476c8a5242c48b74e620
spotify:track:0SHy9CDpycpqEV82fOA9TI,d0cb0402be7f47c9914e8de02f509f7a,2026-06-25T18:17:27Z,4,I just love that Isaac Hayes was the voice for Chef. ,5c56b5eedd9a476c8a5242c48b74e620
spotify:track:0WkZQPNC0c7yrsMX1arVAd,d0cb0402be7f47c9914e8de02f509f7a,2026-06-25T18:17:27Z,1,"Classic. Is it a roll on the floor funny song? No, but I believe it was "" intended to be humorous.""",5c56b5eedd9a476c8a5242c48b74e620
spotify:track:1Dgy2kUwa4JzEUXvg7CAXH,d0cb0402be7f47c9914e8de02f509f7a,2026-06-25T18:17:27Z,2,"Quirky, short, and humorous. Dig.",5c56b5eedd9a476c8a5242c48b74e620
spotify:track:1sHRjZtep5IstNYM3uWRij,d0cb0402be7f47c9914e8de02f509f7a,2026-06-25T18:17:27Z,1,,5c56b5eedd9a476c8a5242c48b74e620
spotify:track:1t1YkT7GkSxyi7eKIEayfk,d0cb0402be7f47c9914e8de02f509f7a,2026-06-25T18:17:27Z,2,Bawdy!,5c56b5eedd9a476c8a5242c48b74e620
spotify:track:2mzuA9mwOywE1VF7mO6sYG,d0cb0402be7f47c9914e8de02f509f7a,2026-06-25T18:17:27Z,1,Point for the effort.,5c56b5eedd9a476c8a5242c48b74e620
spotify:track:3LklW07tvdx2AHsgfi1Mng,d0cb0402be7f47c9914e8de02f509f7a,2026-06-25T18:17:27Z,1,Have heard snippets of this over the years. The whistle in the background derails my experience every time.,5c56b5eedd9a476c8a5242c48b74e620
spotify:track:3lu1PGi9oiKFbwJvGPpnyX,d0cb0402be7f47c9914e8de02f509f7a,2026-06-25T18:17:27Z,4,What does this say about me that I enjoy this so much more than most of the submissions.,5c56b5eedd9a476c8a5242c48b74e620
spotify:track:466QMr5bVL5dEjtGxgaXyC,d0cb0402be7f47c9914e8de02f509f7a,2026-06-25T18:17:27Z,-1,"I hate this snotty-type talk singing. Even though they're from Tempe, I never connected to their music. ",5c56b5eedd9a476c8a5242c48b74e620
spotify:track:4BhBHpZlySZX16hYUrOwrq,d0cb0402be7f47c9914e8de02f509f7a,2026-06-25T18:17:27Z,4,Smacked in the head with the truth. Human potato wins.,5c56b5eedd9a476c8a5242c48b74e620
spotify:track:4dr49yNcSnkVXTlgXhpd13,d0cb0402be7f47c9914e8de02f509f7a,2026-06-25T18:17:27Z,-2,"Oh lord, I have tried over the years to enjoy Zappa, but no, I cannot abide this. 6:38?? ",5c56b5eedd9a476c8a5242c48b74e620
spotify:track:5Qb2NeaVV91gaNPGcfwuF8,d0cb0402be7f47c9914e8de02f509f7a,2026-06-25T18:17:27Z,2,"Anyone who can rhyme ""now"" with ""you"" due to a thick accent deserves a couple points.",5c56b5eedd9a476c8a5242c48b74e620
spotify:track:6BsuFAxV7wwQyBFF4uDnNK,d0cb0402be7f47c9914e8de02f509f7a,2026-06-25T18:17:27Z,5,I love them so.,5c56b5eedd9a476c8a5242c48b74e620
spotify:track:6rmNpVzGkWIGqttdpmMR98,d0cb0402be7f47c9914e8de02f509f7a,2026-06-25T18:17:27Z,1,"It's ok, but its Tom Petty.",5c56b5eedd9a476c8a5242c48b74e620
spotify:track:6umL3Fu63A82SLXRAvhkzV,d0cb0402be7f47c9914e8de02f509f7a,2026-06-25T18:17:27Z,-1,"Released in 2000,  Bill Rieflin was one of 2 drummers on this. So much work went into this and it's terrible. ",5c56b5eedd9a476c8a5242c48b74e620
spotify:track:7eSIIkZvrNqezcl059Ufpk,d0cb0402be7f47c9914e8de02f509f7a,2026-06-25T18:17:27Z,2,Something about a very old song by a classic lady singer is always a bit shocking. Oh my!,5c56b5eedd9a476c8a5242c48b74e620
spotify:track:0BSO4eBXXojFae6y3FcfM3,d0b05394a4f7482b95d5e0aeecbaa33a,2026-06-25T18:30:40Z,2,"I saw Taskmaster for the first time a few months ago and I’m fascinated by it. Not sure but, is this riffing off of that Orson Welles frozen green pea-ness thing? Hah!",5c56b5eedd9a476c8a5242c48b74e620
spotify:track:0NZxhoP89WVQa1SANoad8c,d0b05394a4f7482b95d5e0aeecbaa33a,2026-06-25T18:30:40Z,-1,"I see the humor in the song, but I don’t like his voice.",5c56b5eedd9a476c8a5242c48b74e620
spotify:track:0SHy9CDpycpqEV82fOA9TI,d0b05394a4f7482b95d5e0aeecbaa33a,2026-06-25T18:30:40Z,0,"This is not sophisticated. Imagine being me, with this hitting like a mack truck at 10 years old with two younger brothers on my heels. My entire family watched South Park together (formative experience) and my dad would laugh himself into a coughing fit. No, at that time, I had no freaking clue who Isaac Hayes was. Yes, I’ve met and greeted Matt Stone and Trey Parker because my brothers and friends were megafans, and all I remember is that yes, they were very, very high.",5c56b5eedd9a476c8a5242c48b74e620
spotify:track:0WkZQPNC0c7yrsMX1arVAd,d0b05394a4f7482b95d5e0aeecbaa33a,2026-06-25T18:30:40Z,-1,"How many decades has this been getting stuck in peoples heads? Definitely has a nostalgic charm, but intense familiarity too.",5c56b5eedd9a476c8a5242c48b74e620
spotify:track:1Dgy2kUwa4JzEUXvg7CAXH,d0b05394a4f7482b95d5e0aeecbaa33a,2026-06-25T18:30:40Z,2,"Here’s a few points in favor of random humor, may it continue to confuse everyone who doesn’t get it. ",5c56b5eedd9a476c8a5242c48b74e620
spotify:track:1sHRjZtep5IstNYM3uWRij,d0b05394a4f7482b95d5e0aeecbaa33a,2026-06-25T18:30:40Z,3,"My family was definitely a car family and I was the outlier. “Car goes from place A to place B? Wicked.” So naturally, I find this hilarious. I did have to rent a Mustang after I totaled my car because it was all that was left on the lot, and that was kind of fun, to be fair.",5c56b5eedd9a476c8a5242c48b74e620
spotify:track:1t1YkT7GkSxyi7eKIEayfk,d0b05394a4f7482b95d5e0aeecbaa33a,2026-06-25T18:30:40Z,2,I liked the parts of the song where she was about to lose it laughing. I wish I could find a way to immortalize my filthy mouth. ,5c56b5eedd9a476c8a5242c48b74e620
spotify:track:2mzuA9mwOywE1VF7mO6sYG,d0b05394a4f7482b95d5e0aeecbaa33a,2026-06-25T18:30:40Z,3,"Wow, these lyrics are actually kind of great. I feel we should all have a healthy amount of respect for and fear of birds. ",5c56b5eedd9a476c8a5242c48b74e620
spotify:track:3LklW07tvdx2AHsgfi1Mng,d0b05394a4f7482b95d5e0aeecbaa33a,2026-06-25T18:30:40Z,-1,"Wish I had some more context for the humor of this one—I like the song, but I don’t know where the intended funny is. ",5c56b5eedd9a476c8a5242c48b74e620
spotify:track:3lu1PGi9oiKFbwJvGPpnyX,d0b05394a4f7482b95d5e0aeecbaa33a,2026-06-25T18:30:40Z,3,"I’m glad someone went with darker humor. If I had known about this song at the time, I would’ve slipped it on the playlist at every psychology grad student and faculty party I attended. ",5c56b5eedd9a476c8a5242c48b74e620
spotify:track:466QMr5bVL5dEjtGxgaXyC,d0b05394a4f7482b95d5e0aeecbaa33a,2026-06-25T18:30:40Z,-1,"maximum 90s rock cheese for sure, not sure where the humor stands for me",5c56b5eedd9a476c8a5242c48b74e620
spotify:track:4BhBHpZlySZX16hYUrOwrq,d0b05394a4f7482b95d5e0aeecbaa33a,2026-06-25T18:30:40Z,3,"This one’s definitely a grower, not a shower.",5c56b5eedd9a476c8a5242c48b74e620
spotify:track:4dr49yNcSnkVXTlgXhpd13,d0b05394a4f7482b95d5e0aeecbaa33a,2026-06-25T18:30:40Z,-1,"A tough downvote due to sheer amount of exposure to Frank Zappa… pretty sure my uncle had everything he ever released and more, I feel as though the novelty got lost along the way. Maybe it’s because I’ve never been to Montana?",5c56b5eedd9a476c8a5242c48b74e620
spotify:track:54UPoHNQuqAqOQAZ2hl1il,d0b05394a4f7482b95d5e0aeecbaa33a,2026-06-25T18:30:40Z,4,"Hahaha oh man, the people I could piss off w/this one…",5c56b5eedd9a476c8a5242c48b74e620
spotify:track:5Qb2NeaVV91gaNPGcfwuF8,d0b05394a4f7482b95d5e0aeecbaa33a,2026-06-25T18:30:40Z,4,I was hoping somebody would pick some form of traditional bawdy song! ,5c56b5eedd9a476c8a5242c48b74e620
spotify:track:6BsuFAxV7wwQyBFF4uDnNK,d0b05394a4f7482b95d5e0aeecbaa33a,2026-06-25T18:30:40Z,1,"They’re hit or miss with me, it’s me not you",5c56b5eedd9a476c8a5242c48b74e620
spotify:track:6rmNpVzGkWIGqttdpmMR98,d0b05394a4f7482b95d5e0aeecbaa33a,2026-06-25T18:30:40Z,1,"I don’t think I remember this one. It’s definitely got a fun energy to it, but it doesn’t strike me personally as overtly funny.",5c56b5eedd9a476c8a5242c48b74e620
spotify:track:6umL3Fu63A82SLXRAvhkzV,d0b05394a4f7482b95d5e0aeecbaa33a,2026-06-25T18:30:40Z,4,"Hahaha. A bit long, but I’m going to choose to interpret that as a choice. ",5c56b5eedd9a476c8a5242c48b74e620
spotify:track:7eSIIkZvrNqezcl059Ufpk,d0b05394a4f7482b95d5e0aeecbaa33a,2026-06-25T18:30:40Z,3,"Solidarity. Whoever you are, you also thought to submit a song about nutty treats. Yeah, just some nutty treats. ",5c56b5eedd9a476c8a5242c48b74e620
spotify:track:0BSO4eBXXojFae6y3FcfM3,2841805d6e4f44b1814aa495dc2150c1,2026-06-25T19:39:10Z,-1,"There's a double Ds joke here, but I""m too evolved to puzzle it out.  Ironically, the song is flat.  

Thank you!  Tip your server!  I have merch in the back!",5c56b5eedd9a476c8a5242c48b74e620
spotify:track:0NZxhoP89WVQa1SANoad8c,2841805d6e4f44b1814aa495dc2150c1,2026-06-25T19:39:10Z,1,"And I thought basketball players were incredible floppers.  Any proven flop should get a kick in the testes, as should Oscar-worthy ""WHAT?  I didn't touch him"" theatrics.  I've been laughing at the photo of Haaland's kicked ball condensing the face of the opponent.",5c56b5eedd9a476c8a5242c48b74e620
spotify:track:0SHy9CDpycpqEV82fOA9TI,2841805d6e4f44b1814aa495dc2150c1,2026-06-25T19:39:10Z,1,"I audited this song, and my E-meter said this Thetan required additional guidance and MEST work. ",5c56b5eedd9a476c8a5242c48b74e620
spotify:track:0WkZQPNC0c7yrsMX1arVAd,2841805d6e4f44b1814aa495dc2150c1,2026-06-25T19:39:10Z,1,"We are not amused, but we have extra votes.",5c56b5eedd9a476c8a5242c48b74e620
spotify:track:1Dgy2kUwa4JzEUXvg7CAXH,2841805d6e4f44b1814aa495dc2150c1,2026-06-25T19:39:10Z,2,"22 Lines About 11 Grocery Items, better title.",5c56b5eedd9a476c8a5242c48b74e620
spotify:track:1sHRjZtep5IstNYM3uWRij,2841805d6e4f44b1814aa495dc2150c1,2026-06-25T19:39:10Z,0,Four functional seats AND an AM radio?  SOLD.,5c56b5eedd9a476c8a5242c48b74e620
spotify:track:1t1YkT7GkSxyi7eKIEayfk,2841805d6e4f44b1814aa495dc2150c1,2026-06-25T19:39:10Z,2,Oh my stars and garters.,5c56b5eedd9a476c8a5242c48b74e620
spotify:track:2mzuA9mwOywE1VF7mO6sYG,2841805d6e4f44b1814aa495dc2150c1,2026-06-25T19:39:10Z,-1,Is this playlist over?  Did no one submit Monty Python?,5c56b5eedd9a476c8a5242c48b74e620
spotify:track:3LklW07tvdx2AHsgfi1Mng,2841805d6e4f44b1814aa495dc2150c1,2026-06-25T19:39:10Z,7,"Ode To Comments Later

Life was busy, and I forgot
My intentions all for naught
What was the danged plot
that many votes would have got?

I did not shoot my shot, 
my nerves are fraught, 
DVs plenty will be caught.
My crying leaves drippy snot.

Full votes since this had a Liked green heart when the playlist appeared.",5c56b5eedd9a476c8a5242c48b74e620
spotify:track:3lu1PGi9oiKFbwJvGPpnyX,2841805d6e4f44b1814aa495dc2150c1,2026-06-25T19:39:10Z,2,"Getting to feel we all might like Withnail & I, but laugh at entirely different scenes.",5c56b5eedd9a476c8a5242c48b74e620
spotify:track:466QMr5bVL5dEjtGxgaXyC,2841805d6e4f44b1814aa495dc2150c1,2026-06-25T19:39:10Z,0,"Amusing, nay.  But Lard was worse, so stole the DV.",5c56b5eedd9a476c8a5242c48b74e620
spotify:track:4BhBHpZlySZX16hYUrOwrq,2841805d6e4f44b1814aa495dc2150c1,2026-06-25T19:39:10Z,-1,A voice only a deaf person could love.,5c56b5eedd9a476c8a5242c48b74e620
spotify:track:4dr49yNcSnkVXTlgXhpd13,2841805d6e4f44b1814aa495dc2150c1,2026-06-25T19:39:10Z,2,"The thin, thin, wedge of a pie chart that reflects Zappa fans.  There has to be some contrarian component to that.",5c56b5eedd9a476c8a5242c48b74e620
spotify:track:54UPoHNQuqAqOQAZ2hl1il,2841805d6e4f44b1814aa495dc2150c1,2026-06-25T19:39:10Z,4,Votes by comparison.,5c56b5eedd9a476c8a5242c48b74e620
spotify:track:5Qb2NeaVV91gaNPGcfwuF8,2841805d6e4f44b1814aa495dc2150c1,2026-06-25T19:39:10Z,7,"Haven't run across this or Here Lies the Body before.  Haven't been looking hard enough, I guess? New Arab Strap coming soon.",5c56b5eedd9a476c8a5242c48b74e620
spotify:track:6BsuFAxV7wwQyBFF4uDnNK,2841805d6e4f44b1814aa495dc2150c1,2026-06-25T19:39:10Z,3,There are a lot of nice details in their lyrics that reward relistens and closer listens.,5c56b5eedd9a476c8a5242c48b74e620
spotify:track:6rmNpVzGkWIGqttdpmMR98,2841805d6e4f44b1814aa495dc2150c1,2026-06-25T19:39:10Z,2,Have two votes and the fading embers of my will to live.,5c56b5eedd9a476c8a5242c48b74e620
spotify:track:6umL3Fu63A82SLXRAvhkzV,2841805d6e4f44b1814aa495dc2150c1,2026-06-25T19:39:10Z,-2,"Jello, I Must Be Going.",5c56b5eedd9a476c8a5242c48b74e620
spotify:track:7eSIIkZvrNqezcl059Ufpk,2841805d6e4f44b1814aa495dc2150c1,2026-06-25T19:39:10Z,1,And the amusement is over.,5c56b5eedd9a476c8a5242c48b74e620
spotify:track:2mzuA9mwOywE1VF7mO6sYG,de4eea8c425949deaa2c55f0c21ccd7d,2026-06-26T06:01:59Z,2,"Well, that was fucking weird.  I don't want to hold the rapey-ness against you, (presumably) innocent submitter.  But I kind of have to question your judgement at least a little bit.  Like, you couldn't have found something less problematic?  ""Isabel..."" is fantastic, for instance!
The music was novel enough to me, so I will restrict my voting to that.",5c56b5eedd9a476c8a5242c48b74e620
spotify:track:0BSO4eBXXojFae6y3FcfM3,de4eea8c425949deaa2c55f0c21ccd7d,2026-06-26T06:01:59Z,2,Hmmmm.,5c56b5eedd9a476c8a5242c48b74e620
spotify:track:0NZxhoP89WVQa1SANoad8c,de4eea8c425949deaa2c55f0c21ccd7d,2026-06-26T06:01:59Z,2,"Had them very recently in season 7.  I understand that you had an uncontrollable urge to be relevant to the ongoing World Cup, (before England's predictable disappointment), so I won't bust you down.  Pretty good.",5c56b5eedd9a476c8a5242c48b74e620
spotify:track:0SHy9CDpycpqEV82fOA9TI,de4eea8c425949deaa2c55f0c21ccd7d,2026-06-26T06:01:59Z,4,"Isaac was used in season 5, so I docked you 1 point.  I tried not to laugh, but I utterly failed.  Take these points.  ",5c56b5eedd9a476c8a5242c48b74e620
spotify:track:0WkZQPNC0c7yrsMX1arVAd,de4eea8c425949deaa2c55f0c21ccd7d,2026-06-26T06:01:59Z,-1,"Heard this enough (before age 10) for one lifetime.  Seems like the lowest-effort contribution this week, a Dr. Demento chestnut.",5c56b5eedd9a476c8a5242c48b74e620
spotify:track:1Dgy2kUwa4JzEUXvg7CAXH,de4eea8c425949deaa2c55f0c21ccd7d,2026-06-26T06:01:59Z,-1,"Sorry, but completely unfunny.  Don't care for them anyway.",5c56b5eedd9a476c8a5242c48b74e620
spotify:track:1sHRjZtep5IstNYM3uWRij,de4eea8c425949deaa2c55f0c21ccd7d,2026-06-26T06:01:59Z,-1,"Not so funny, and bad music.  Bitchin' Camaro by Dead Milkmen might have worked better.",5c56b5eedd9a476c8a5242c48b74e620
spotify:track:1t1YkT7GkSxyi7eKIEayfk,de4eea8c425949deaa2c55f0c21ccd7d,2026-06-26T06:01:59Z,5,I was pleased to see that someone picked a song from the venerable (venereal?) tradition of raunchy old blues songs.  It's great that she starts cracking herself up.,5c56b5eedd9a476c8a5242c48b74e620
spotify:track:3LklW07tvdx2AHsgfi1Mng,de4eea8c425949deaa2c55f0c21ccd7d,2026-06-26T06:01:59Z,2,"Points more for the bouncy, boinging backing track than the lyrics.",5c56b5eedd9a476c8a5242c48b74e620
spotify:track:466QMr5bVL5dEjtGxgaXyC,de4eea8c425949deaa2c55f0c21ccd7d,2026-06-26T06:01:59Z,-1,"Unfunny, and basic music.",5c56b5eedd9a476c8a5242c48b74e620
spotify:track:4BhBHpZlySZX16hYUrOwrq,de4eea8c425949deaa2c55f0c21ccd7d,2026-06-26T06:01:59Z,4,"His voice had my finger hovering over the downvote button... but then he said ""human potato""!  Certainly odd, but it's actually got a lot of heart, too.",5c56b5eedd9a476c8a5242c48b74e620
spotify:track:4dr49yNcSnkVXTlgXhpd13,de4eea8c425949deaa2c55f0c21ccd7d,2026-06-26T06:01:59Z,4,"Silly, yet wacky, yet kooky.  They really do build a coherent fictional world here, in its way.  I was harsh on FZ when he was first brought to League, but finally, this is a perfectly appropriate round for him.  Did somebody exercise a great deal of self-restraint not submitting this in the guitar solo round?  (It does slay.)",5c56b5eedd9a476c8a5242c48b74e620
spotify:track:54UPoHNQuqAqOQAZ2hl1il,de4eea8c425949deaa2c55f0c21ccd7d,2026-06-26T06:01:59Z,3,"I knew some of their songs, but this one must have slipped past me, so 1 extra point.  Some good lines, but some needless repetition, too.  Feels half-finished.",5c56b5eedd9a476c8a5242c48b74e620
spotify:track:5Qb2NeaVV91gaNPGcfwuF8,de4eea8c425949deaa2c55f0c21ccd7d,2026-06-26T06:01:59Z,4,"Wow, looking at the history of this, I am reminded of the endless perverted re-invention of the ""Aristocrats"" joke by comedians:
https://en.wikipedia.org/wiki/The_Aristocrats 
Good stuff.",5c56b5eedd9a476c8a5242c48b74e620
spotify:track:6BsuFAxV7wwQyBFF4uDnNK,de4eea8c425949deaa2c55f0c21ccd7d,2026-06-26T06:01:59Z,1,"I never got into these fellows.  Clever, but not clever enough.  Doesn't really work for me.",5c56b5eedd9a476c8a5242c48b74e620
spotify:track:6rmNpVzGkWIGqttdpmMR98,de4eea8c425949deaa2c55f0c21ccd7d,2026-06-26T06:01:59Z,-1,"I don't like that song.  It's bad, as a song.  Also, he was used in season 6.",5c56b5eedd9a476c8a5242c48b74e620
spotify:track:6umL3Fu63A82SLXRAvhkzV,de4eea8c425949deaa2c55f0c21ccd7d,2026-06-26T06:01:59Z,1,"I was happy to see Jello here.  He has made some *very* funny songs.  This isn't quite one of them, however.  His voice is a fright here and it's too long without much payoff.
For a better satiric take on bloated 70's rock, see the Pajama Slave Dancers' ""I Want To Make Love To You (Hide the Salami)"":
https://www.youtube.com/watch?v=PGCzi1L7--E
https://genius.com/Pajama-slave-dancers-i-want-to-make-love-to-you-lyrics",5c56b5eedd9a476c8a5242c48b74e620
spotify:track:7eSIIkZvrNqezcl059Ufpk,de4eea8c425949deaa2c55f0c21ccd7d,2026-06-26T06:01:59Z,1,"A bit underwhelming.  I can see how it might have made our grandparents titter, but does it actually make you laugh?",5c56b5eedd9a476c8a5242c48b74e620
spotify:track:0BSO4eBXXojFae6y3FcfM3,2acd20c2132e44d7bd36b48ea1c0f195,2026-06-26T11:41:29Z,-1,,5c56b5eedd9a476c8a5242c48b74e620
spotify:track:0NZxhoP89WVQa1SANoad8c,2acd20c2132e44d7bd36b48ea1c0f195,2026-06-26T11:41:29Z,2,,5c56b5eedd9a476c8a5242c48b74e620
spotify:track:0WkZQPNC0c7yrsMX1arVAd,2acd20c2132e44d7bd36b48ea1c0f195,2026-06-26T11:41:29Z,3,,5c56b5eedd9a476c8a5242c48b74e620
spotify:track:1Dgy2kUwa4JzEUXvg7CAXH,2acd20c2132e44d7bd36b48ea1c0f195,2026-06-26T11:41:29Z,-2,,5c56b5eedd9a476c8a5242c48b74e620
spotify:track:1sHRjZtep5IstNYM3uWRij,2acd20c2132e44d7bd36b48ea1c0f195,2026-06-26T11:41:29Z,1,,5c56b5eedd9a476c8a5242c48b74e620
spotify:track:2mzuA9mwOywE1VF7mO6sYG,2acd20c2132e44d7bd36b48ea1c0f195,2026-06-26T11:41:29Z,5,,5c56b5eedd9a476c8a5242c48b74e620
spotify:track:3LklW07tvdx2AHsgfi1Mng,2acd20c2132e44d7bd36b48ea1c0f195,2026-06-26T11:41:29Z,3,,5c56b5eedd9a476c8a5242c48b74e620
spotify:track:3lu1PGi9oiKFbwJvGPpnyX,2acd20c2132e44d7bd36b48ea1c0f195,2026-06-26T11:41:29Z,2,,5c56b5eedd9a476c8a5242c48b74e620
spotify:track:466QMr5bVL5dEjtGxgaXyC,2acd20c2132e44d7bd36b48ea1c0f195,2026-06-26T11:41:29Z,2,,5c56b5eedd9a476c8a5242c48b74e620
spotify:track:4BhBHpZlySZX16hYUrOwrq,2acd20c2132e44d7bd36b48ea1c0f195,2026-06-26T11:41:29Z,2,,5c56b5eedd9a476c8a5242c48b74e620
spotify:track:4dr49yNcSnkVXTlgXhpd13,2acd20c2132e44d7bd36b48ea1c0f195,2026-06-26T11:41:29Z,1,,5c56b5eedd9a476c8a5242c48b74e620
spotify:track:54UPoHNQuqAqOQAZ2hl1il,2acd20c2132e44d7bd36b48ea1c0f195,2026-06-26T11:41:29Z,4,,5c56b5eedd9a476c8a5242c48b74e620
spotify:track:5Qb2NeaVV91gaNPGcfwuF8,2acd20c2132e44d7bd36b48ea1c0f195,2026-06-26T11:41:29Z,2,,5c56b5eedd9a476c8a5242c48b74e620
spotify:track:6BsuFAxV7wwQyBFF4uDnNK,2acd20c2132e44d7bd36b48ea1c0f195,2026-06-26T11:41:29Z,-2,,5c56b5eedd9a476c8a5242c48b74e620
spotify:track:6rmNpVzGkWIGqttdpmMR98,2acd20c2132e44d7bd36b48ea1c0f195,2026-06-26T11:41:29Z,2,,5c56b5eedd9a476c8a5242c48b74e620
spotify:track:6umL3Fu63A82SLXRAvhkzV,2acd20c2132e44d7bd36b48ea1c0f195,2026-06-26T11:41:29Z,5,,5c56b5eedd9a476c8a5242c48b74e620
spotify:track:7eSIIkZvrNqezcl059Ufpk,2acd20c2132e44d7bd36b48ea1c0f195,2026-06-26T11:41:29Z,1,,5c56b5eedd9a476c8a5242c48b74e620
spotify:track:0BSO4eBXXojFae6y3FcfM3,920d59fe89434c9a9255c64fa8265e5a,2026-06-27T14:20:00Z,3,"ooh, first impressions not promising but the benny hill word play *kind of* won me round.",5c56b5eedd9a476c8a5242c48b74e620
spotify:track:0NZxhoP89WVQa1SANoad8c,920d59fe89434c9a9255c64fa8265e5a,2026-06-27T14:20:00Z,-1,"had him very recently too. musically not great, performance wise pretty damn hot. but this ain't the latter and sees our elliot (for that is his name) in a territory that doesn't suit him. fish out of water on this one.",5c56b5eedd9a476c8a5242c48b74e620
spotify:track:0SHy9CDpycpqEV82fOA9TI,920d59fe89434c9a9255c64fa8265e5a,2026-06-27T14:20:00Z,-1,i just knew someone would submit this. funny maybe once.,5c56b5eedd9a476c8a5242c48b74e620
spotify:track:1Dgy2kUwa4JzEUXvg7CAXH,920d59fe89434c9a9255c64fa8265e5a,2026-06-27T14:20:00Z,-1,"shite. blessedly short. and had 'em before. split my sides laughing, get me a side doctor quick.",5c56b5eedd9a476c8a5242c48b74e620
spotify:track:1sHRjZtep5IstNYM3uWRij,920d59fe89434c9a9255c64fa8265e5a,2026-06-27T14:20:00Z,1,ok.,5c56b5eedd9a476c8a5242c48b74e620
spotify:track:1t1YkT7GkSxyi7eKIEayfk,920d59fe89434c9a9255c64fa8265e5a,2026-06-27T14:20:00Z,4,"so not sure this is humorous in itself, i mean kind of tee hee in a schoolboy smut kinda way so misses the criteria imo. but, eyes opened that something of this ilk was around in the 1930s... so have some points for educating me.",5c56b5eedd9a476c8a5242c48b74e620
spotify:track:2mzuA9mwOywE1VF7mO6sYG,920d59fe89434c9a9255c64fa8265e5a,2026-06-27T14:20:00Z,1,"agree, amazing how this stuff was once considered funny. ",5c56b5eedd9a476c8a5242c48b74e620
spotify:track:3LklW07tvdx2AHsgfi1Mng,920d59fe89434c9a9255c64fa8265e5a,2026-06-27T14:20:00Z,1,another take on the round that is not what i envisioned. have 1 for the song.,5c56b5eedd9a476c8a5242c48b74e620
spotify:track:3lu1PGi9oiKFbwJvGPpnyX,920d59fe89434c9a9255c64fa8265e5a,2026-06-27T14:20:00Z,-1,oh dear.,5c56b5eedd9a476c8a5242c48b74e620
spotify:track:466QMr5bVL5dEjtGxgaXyC,920d59fe89434c9a9255c64fa8265e5a,2026-06-27T14:20:00Z,3,at this point i've given up trying to find amusement in the submissions. maybe i'm just a grumpy old git. as a song at least this has some substance and catchiness.,5c56b5eedd9a476c8a5242c48b74e620
spotify:track:4BhBHpZlySZX16hYUrOwrq,920d59fe89434c9a9255c64fa8265e5a,2026-06-27T14:20:00Z,2,ok.,5c56b5eedd9a476c8a5242c48b74e620
spotify:track:4dr49yNcSnkVXTlgXhpd13,920d59fe89434c9a9255c64fa8265e5a,2026-06-27T14:20:00Z,3,i haven't been and am not a zappa fan. or a fan of repeat artists 😉 but in the present company....,5c56b5eedd9a476c8a5242c48b74e620
spotify:track:54UPoHNQuqAqOQAZ2hl1il,920d59fe89434c9a9255c64fa8265e5a,2026-06-27T14:20:00Z,3,"struggling to allocate points, go on then",5c56b5eedd9a476c8a5242c48b74e620
spotify:track:5Qb2NeaVV91gaNPGcfwuF8,920d59fe89434c9a9255c64fa8265e5a,2026-06-27T14:20:00Z,-1,"hmm aidan once and arab strap twice. too thigh slapping for me. those gales of laughter in the background, really? ",5c56b5eedd9a476c8a5242c48b74e620
spotify:track:6BsuFAxV7wwQyBFF4uDnNK,920d59fe89434c9a9255c64fa8265e5a,2026-06-27T14:20:00Z,4,i will never listen to this again but is suited well to this round.,5c56b5eedd9a476c8a5242c48b74e620
spotify:track:6rmNpVzGkWIGqttdpmMR98,920d59fe89434c9a9255c64fa8265e5a,2026-06-27T14:20:00Z,2,,5c56b5eedd9a476c8a5242c48b74e620
spotify:track:6umL3Fu63A82SLXRAvhkzV,920d59fe89434c9a9255c64fa8265e5a,2026-06-27T14:20:00Z,5,pedigree.,5c56b5eedd9a476c8a5242c48b74e620
spotify:track:7eSIIkZvrNqezcl059Ufpk,920d59fe89434c9a9255c64fa8265e5a,2026-06-27T14:20:00Z,3,old fashioned gentle innuendo humour. ,5c56b5eedd9a476c8a5242c48b74e620
spotify:track:0BSO4eBXXojFae6y3FcfM3,8a006758b7e4400d94f2eb943efee15c,2026-06-27T21:12:42Z,3,"This one made me laugh, because I am also 12 years old. A strong start to the playlist. Little did I know of the horrors to follow. ",5c56b5eedd9a476c8a5242c48b74e620
spotify:track:0NZxhoP89WVQa1SANoad8c,8a006758b7e4400d94f2eb943efee15c,2026-06-27T21:12:42Z,-2,"As funny as being repeatedly hit in the face by a brick. No, two bricks. ",5c56b5eedd9a476c8a5242c48b74e620
spotify:track:0SHy9CDpycpqEV82fOA9TI,8a006758b7e4400d94f2eb943efee15c,2026-06-27T21:12:42Z,0,"I mean, it was quite funny at the time, and it’s still funny that it’s Isaac Hayes, but hearing this again now is like being stuck in the pub with someone whose only conversation is David Brent quotes. ",5c56b5eedd9a476c8a5242c48b74e620
spotify:track:0WkZQPNC0c7yrsMX1arVAd,8a006758b7e4400d94f2eb943efee15c,2026-06-27T21:12:42Z,0,FFS,5c56b5eedd9a476c8a5242c48b74e620
spotify:track:1Dgy2kUwa4JzEUXvg7CAXH,8a006758b7e4400d94f2eb943efee15c,2026-06-27T21:12:42Z,-1,No! is right. Saved from more downvotes only by being brief,5c56b5eedd9a476c8a5242c48b74e620
spotify:track:1sHRjZtep5IstNYM3uWRij,8a006758b7e4400d94f2eb943efee15c,2026-06-27T21:12:42Z,-1,This is less amusing than hammering nails into my own eyes,5c56b5eedd9a476c8a5242c48b74e620
spotify:track:1t1YkT7GkSxyi7eKIEayfk,8a006758b7e4400d94f2eb943efee15c,2026-06-27T21:12:42Z,2,"Admirably unrestrained and committed to pure filthiest, but is it even meant to be funny really? ",5c56b5eedd9a476c8a5242c48b74e620
spotify:track:2mzuA9mwOywE1VF7mO6sYG,8a006758b7e4400d94f2eb943efee15c,2026-06-27T21:12:42Z,3,"I was yellowboxed on Jake. I’m torn on this, a song that I love for its weirdly modern arrangement and its wit, but I’m afraid yes, it is very of its time. ",5c56b5eedd9a476c8a5242c48b74e620
spotify:track:3LklW07tvdx2AHsgfi1Mng,8a006758b7e4400d94f2eb943efee15c,2026-06-27T21:12:42Z,0,‘Comments later’ is by far the funniest thing here ,5c56b5eedd9a476c8a5242c48b74e620
spotify:track:3lu1PGi9oiKFbwJvGPpnyX,8a006758b7e4400d94f2eb943efee15c,2026-06-27T21:12:42Z,2,"I dont completely hate it, which is praise indeed for this round. ",5c56b5eedd9a476c8a5242c48b74e620
spotify:track:466QMr5bVL5dEjtGxgaXyC,8a006758b7e4400d94f2eb943efee15c,2026-06-27T21:12:42Z,0,Remarkably chuckle-free,5c56b5eedd9a476c8a5242c48b74e620
spotify:track:4BhBHpZlySZX16hYUrOwrq,8a006758b7e4400d94f2eb943efee15c,2026-06-27T21:12:42Z,6,"This is great. A bit Ivor Cutler, a bit Samuel Beckett, and unlike many here repeatable because it’s fucking miserable LOL.  ",5c56b5eedd9a476c8a5242c48b74e620
spotify:track:4dr49yNcSnkVXTlgXhpd13,8a006758b7e4400d94f2eb943efee15c,2026-06-27T21:12:42Z,-1,"This made me laugh less than my last prostate exam, and it lasted longer. ",5c56b5eedd9a476c8a5242c48b74e620
spotify:track:54UPoHNQuqAqOQAZ2hl1il,8a006758b7e4400d94f2eb943efee15c,2026-06-27T21:12:42Z,2,Moderately amusing and not completely irritating ,5c56b5eedd9a476c8a5242c48b74e620
spotify:track:5Qb2NeaVV91gaNPGcfwuF8,8a006758b7e4400d94f2eb943efee15c,2026-06-27T21:12:42Z,6,‘I am not socially equipped for that sort of thing.’ A lovely Eitzelesque sentiment before getting into this which I’m sorry to say I found extremely funny. ,5c56b5eedd9a476c8a5242c48b74e620
spotify:track:6BsuFAxV7wwQyBFF4uDnNK,8a006758b7e4400d94f2eb943efee15c,2026-06-27T21:12:42Z,4,"‘on the counter of the seven eleven from quarter past six to quarter to seven… the manager, Devon’ is brilliant. Excellent stuff. ",5c56b5eedd9a476c8a5242c48b74e620
spotify:track:6rmNpVzGkWIGqttdpmMR98,8a006758b7e4400d94f2eb943efee15c,2026-06-27T21:12:42Z,3,"I fell in love with a girl who made comedy songs 
None of them were funny and they all went on too long
Except for They Might Be Giants, which at least was very short. 

I didn’t mind this. 
",5c56b5eedd9a476c8a5242c48b74e620
spotify:track:6umL3Fu63A82SLXRAvhkzV,8a006758b7e4400d94f2eb943efee15c,2026-06-27T21:12:42Z,4,Ha. Much wit and music geek references to boot. (And a funny comment too). ,5c56b5eedd9a476c8a5242c48b74e620
spotify:track:0BSO4eBXXojFae6y3FcfM3,f269e66e73e246549e5c314009da035e,2026-06-28T09:01:21Z,1,"Oh god, all the painful setup just to get to the giggly rude bits. A point, I guess, for planting the chorus in my head this week, and some genuine effort with the music. On a tangent, it’s reminded me of the hilarious recording of Orson Welles try to record a pea commercial. He wasn’t tasting the A-ness at all. https://www.youtube.com/watch?v=tyko_oQ0da8",5c56b5eedd9a476c8a5242c48b74e620
spotify:track:7eSIIkZvrNqezcl059Ufpk,f269e66e73e246549e5c314009da035e,2026-06-28T09:01:21Z,3,"I love the way she says ""hot nuts"", there's a lot packed into that intonation, and the song gets the job done fast (oo-er). Check the whitewashing of the cover though - that very pale bare-bottomed lady is not Faye Richmonde! Jesus, the next track is called My Pussy Belongs To Daddy... ",5c56b5eedd9a476c8a5242c48b74e620
spotify:track:6umL3Fu63A82SLXRAvhkzV,f269e66e73e246549e5c314009da035e,2026-06-28T09:01:21Z,-1,"When the parody is just as annoying as the worst of the parodied. Lard did much better stuff that this, and 7 minutes of this, nah nah nah.",5c56b5eedd9a476c8a5242c48b74e620
spotify:track:6rmNpVzGkWIGqttdpmMR98,f269e66e73e246549e5c314009da035e,2026-06-28T09:01:21Z,-1,Again - it's one joke stretched out into multiple variations. The music's kind of a bore too.,5c56b5eedd9a476c8a5242c48b74e620
spotify:track:6BsuFAxV7wwQyBFF4uDnNK,f269e66e73e246549e5c314009da035e,2026-06-28T09:01:21Z,4,"Ok, very good stuff. Great wit in the lyrics, parody, delivery and music. Had me from “the city is expahnding”.",5c56b5eedd9a476c8a5242c48b74e620
spotify:track:5Qb2NeaVV91gaNPGcfwuF8,f269e66e73e246549e5c314009da035e,2026-06-28T09:01:21Z,3,"Another very catchy tune with built-in filth. We've had a bit of Arab Strap/Aidan, but the idea of making his own version of a 19thC bawdy folk song is so good, and is very on-brand. Excellent.",5c56b5eedd9a476c8a5242c48b74e620
spotify:track:54UPoHNQuqAqOQAZ2hl1il,f269e66e73e246549e5c314009da035e,2026-06-28T09:01:21Z,-1,"Honestly, I'd have preferred Detachable Penis, though the familiarity tax would have hurt you badly. Unforch, this is a very basic, smug idea that's too long at 2:38, like, they could have built it out a lot more.",5c56b5eedd9a476c8a5242c48b74e620
spotify:track:4dr49yNcSnkVXTlgXhpd13,f269e66e73e246549e5c314009da035e,2026-06-28T09:01:21Z,2,"Is this Mike coming back for more punishment, or just someone who doesn't know/care that FZ received an absolute kicking last time around? Anyway: Zappa. Great wit or fuckwit? Why not both? The smugness is suffocating, as usual (if you don't like it, it's just because you're too stupid, man), though there are bits that I did chuckle at, and the section around the 3'30"" mark is insane. And Tina Turner is in there with the Ikettes! ",5c56b5eedd9a476c8a5242c48b74e620
spotify:track:4BhBHpZlySZX16hYUrOwrq,f269e66e73e246549e5c314009da035e,2026-06-28T09:01:21Z,0,"Suspect I'm going to be hit heavily with the ""can't stand his voice"" tax... we'll see.",5c56b5eedd9a476c8a5242c48b74e620
spotify:track:466QMr5bVL5dEjtGxgaXyC,f269e66e73e246549e5c314009da035e,2026-06-28T09:01:21Z,-1,"Not sure I'm getting ""amusing"" from this?",5c56b5eedd9a476c8a5242c48b74e620
spotify:track:3lu1PGi9oiKFbwJvGPpnyX,f269e66e73e246549e5c314009da035e,2026-06-28T09:01:21Z,2,"Is this read from a psychiatry textbook? Or part of it at least? Weirdly, I have an old family friend who's a psychiatrist, and his voice sounds not unlike Hitchcock's. Sure, parts of it are a bit wrong by today's standards, but probably still... reasonably true?",5c56b5eedd9a476c8a5242c48b74e620
spotify:track:3LklW07tvdx2AHsgfi1Mng,f269e66e73e246549e5c314009da035e,2026-06-28T09:01:21Z,-1,I wish it was a little bit shorter. ,5c56b5eedd9a476c8a5242c48b74e620
spotify:track:2mzuA9mwOywE1VF7mO6sYG,f269e66e73e246549e5c314009da035e,2026-06-28T09:01:21Z,5,"I'd never heard this guy before, and felt a little lost until reading about him, then the references to Noel Coward and chanson made more sense of the weird hybrid. The orchestration's fantastic, like a more dainty version of mid-80s Tom Waits - I hunted for more info on the music but all I could find was ""Musical Director: Geoff Love"". On my third listen, I realised the instruments are doing a reasonable job of imitating chickens. Amazing. ",5c56b5eedd9a476c8a5242c48b74e620
spotify:track:1t1YkT7GkSxyi7eKIEayfk,f269e66e73e246549e5c314009da035e,2026-06-28T09:01:21Z,4,"Wow. I mean, I know that explicit erotic art is as old as art itself, but the shock when the crackly boogie-woogie piano gives way to the opening lines is really something else. And then it goes further, and further, until even the singer can't keep a straight face as she compares the guy's arsehole to church doors. We're all going to hell.",5c56b5eedd9a476c8a5242c48b74e620
spotify:track:1sHRjZtep5IstNYM3uWRij,f269e66e73e246549e5c314009da035e,2026-06-28T09:01:21Z,2,"It's really the auto equivalent of the Lynks song, isn't it? Bit of a one-joke song, but I really can't stand all the palaver about cars-as-masculinity, and the 80s crap-rock pastiche is very good, so yeah, sure.",5c56b5eedd9a476c8a5242c48b74e620
spotify:track:1Dgy2kUwa4JzEUXvg7CAXH,f269e66e73e246549e5c314009da035e,2026-06-28T09:01:21Z,2,"Ah, TMBG. We had them once a long time ago, don't care about that, it was a canny move of theirs to go into the kids' album business as their fanbase started having kids. Hearing this again now, it's some kind of Dada really. It's not witty as such, but is so short and silly, I do declare it amusing. ",5c56b5eedd9a476c8a5242c48b74e620
spotify:track:0WkZQPNC0c7yrsMX1arVAd,f269e66e73e246549e5c314009da035e,2026-06-28T09:01:21Z,5,"I really hoped they were huffing helium balloons for the squeaky vocals, but apparently it's just sped-up tape. Nevertheless, this is an irresistible gem, from the days when pop music was kids' music so it all had to be pretty tame (though you'd have to assume some drugs were involved here). I was just sort of smiling in contentment throughout, then the final ""tequila"" gave me a proper LOL. This was number one in Australia for six weeks! ",5c56b5eedd9a476c8a5242c48b74e620
spotify:track:0SHy9CDpycpqEV82fOA9TI,f269e66e73e246549e5c314009da035e,2026-06-28T09:01:21Z,1,"I did think about using a Simpsons song, but somehow didn’t get to considering South Park, some of them are pretty good. This is the most obvious one though. ",5c56b5eedd9a476c8a5242c48b74e620
spotify:track:0NZxhoP89WVQa1SANoad8c,f269e66e73e246549e5c314009da035e,2026-06-28T09:01:21Z,1,"While I cannot approve of the sportism in this song as it may upset certain fans here, it does make sense to me on a personal level due to my genetic inability to appreciate ball-kicking games. ",5c56b5eedd9a476c8a5242c48b74e620
spotify:track:3LklW07tvdx2AHsgfi1Mng,467b385bee164547a603d728685f182f,2026-06-28T09:36:42Z,2,,5c56b5eedd9a476c8a5242c48b74e620
spotify:track:0BSO4eBXXojFae6y3FcfM3,467b385bee164547a603d728685f182f,2026-06-28T09:36:42Z,-1,,5c56b5eedd9a476c8a5242c48b74e620
spotify:track:0NZxhoP89WVQa1SANoad8c,467b385bee164547a603d728685f182f,2026-06-28T09:36:42Z,2,,5c56b5eedd9a476c8a5242c48b74e620
spotify:track:0SHy9CDpycpqEV82fOA9TI,467b385bee164547a603d728685f182f,2026-06-28T09:36:42Z,7,,5c56b5eedd9a476c8a5242c48b74e620
spotify:track:0WkZQPNC0c7yrsMX1arVAd,467b385bee164547a603d728685f182f,2026-06-28T09:36:42Z,2,,5c56b5eedd9a476c8a5242c48b74e620
spotify:track:1Dgy2kUwa4JzEUXvg7CAXH,467b385bee164547a603d728685f182f,2026-06-28T09:36:42Z,7,,5c56b5eedd9a476c8a5242c48b74e620
spotify:track:1sHRjZtep5IstNYM3uWRij,467b385bee164547a603d728685f182f,2026-06-28T09:36:42Z,2,,5c56b5eedd9a476c8a5242c48b74e620
spotify:track:1t1YkT7GkSxyi7eKIEayfk,467b385bee164547a603d728685f182f,2026-06-28T09:36:42Z,1,,5c56b5eedd9a476c8a5242c48b74e620
spotify:track:2mzuA9mwOywE1VF7mO6sYG,467b385bee164547a603d728685f182f,2026-06-28T09:36:42Z,-2,,5c56b5eedd9a476c8a5242c48b74e620
spotify:track:3lu1PGi9oiKFbwJvGPpnyX,467b385bee164547a603d728685f182f,2026-06-28T09:36:42Z,1,,5c56b5eedd9a476c8a5242c48b74e620
spotify:track:466QMr5bVL5dEjtGxgaXyC,467b385bee164547a603d728685f182f,2026-06-28T09:36:42Z,1,,5c56b5eedd9a476c8a5242c48b74e620
spotify:track:4BhBHpZlySZX16hYUrOwrq,467b385bee164547a603d728685f182f,2026-06-28T09:36:42Z,1,,5c56b5eedd9a476c8a5242c48b74e620
spotify:track:54UPoHNQuqAqOQAZ2hl1il,467b385bee164547a603d728685f182f,2026-06-28T09:36:42Z,1,,5c56b5eedd9a476c8a5242c48b74e620
spotify:track:5Qb2NeaVV91gaNPGcfwuF8,467b385bee164547a603d728685f182f,2026-06-28T09:36:42Z,-2,,5c56b5eedd9a476c8a5242c48b74e620
spotify:track:6BsuFAxV7wwQyBFF4uDnNK,467b385bee164547a603d728685f182f,2026-06-28T09:36:42Z,1,,5c56b5eedd9a476c8a5242c48b74e620
spotify:track:6rmNpVzGkWIGqttdpmMR98,467b385bee164547a603d728685f182f,2026-06-28T09:36:42Z,7,,5c56b5eedd9a476c8a5242c48b74e620
spotify:track:0SHy9CDpycpqEV82fOA9TI,62a98fc6d1b84e52b5f885d92cb59725,2026-06-28T10:15:20Z,2,Nostalgia and catchiness points. ,5c56b5eedd9a476c8a5242c48b74e620
spotify:track:0NZxhoP89WVQa1SANoad8c,62a98fc6d1b84e52b5f885d92cb59725,2026-06-28T10:15:20Z,7,"I like Lynks, but I hadn’t heard this. It might be the best World Cup song ever made. ",5c56b5eedd9a476c8a5242c48b74e620
spotify:track:1Dgy2kUwa4JzEUXvg7CAXH,62a98fc6d1b84e52b5f885d92cb59725,2026-06-28T10:15:20Z,0,"I used to really like TMBG, but sometimes find them fairly annoying. At least this is short. ",5c56b5eedd9a476c8a5242c48b74e620
spotify:track:1sHRjZtep5IstNYM3uWRij,62a98fc6d1b84e52b5f885d92cb59725,2026-06-28T10:15:20Z,1,Initially this was heading for downvotes. It was saved by the line “the cup holder holds anything as long as it’s a cup”,5c56b5eedd9a476c8a5242c48b74e620
spotify:track:1t1YkT7GkSxyi7eKIEayfk,62a98fc6d1b84e52b5f885d92cb59725,2026-06-28T10:15:20Z,1,Not really sure what to say about this one. Have a point. ,5c56b5eedd9a476c8a5242c48b74e620
spotify:track:2mzuA9mwOywE1VF7mO6sYG,62a98fc6d1b84e52b5f885d92cb59725,2026-06-28T10:15:20Z,2,I do like Jake. This one does take a bit of a turn at the end. Different times I suppose. ,5c56b5eedd9a476c8a5242c48b74e620
spotify:track:3LklW07tvdx2AHsgfi1Mng,62a98fc6d1b84e52b5f885d92cb59725,2026-06-28T10:15:20Z,-1,Comments later indeed. Is this meant to be funny? Maybe slightly whimsical at most. ,5c56b5eedd9a476c8a5242c48b74e620
spotify:track:3lu1PGi9oiKFbwJvGPpnyX,62a98fc6d1b84e52b5f885d92cb59725,2026-06-28T10:15:20Z,2,"I liked this album a lot, haven’t heard it in a long time. ",5c56b5eedd9a476c8a5242c48b74e620
spotify:track:466QMr5bVL5dEjtGxgaXyC,62a98fc6d1b84e52b5f885d92cb59725,2026-06-28T10:15:20Z,-1,I suppose it probably is intended to be funny. It isn’t funny though. ,5c56b5eedd9a476c8a5242c48b74e620
spotify:track:0WkZQPNC0c7yrsMX1arVAd,62a98fc6d1b84e52b5f885d92cb59725,2026-06-28T10:15:20Z,-1,It’s very familiar and I never really liked it. ,5c56b5eedd9a476c8a5242c48b74e620
spotify:track:4BhBHpZlySZX16hYUrOwrq,62a98fc6d1b84e52b5f885d92cb59725,2026-06-28T10:15:20Z,4,"I only know Junior Brother from his excellent Christmas song collaboration with CMAT, and any CMAT connection is going to get points from me. How can she love a human potato indeed?",5c56b5eedd9a476c8a5242c48b74e620
spotify:track:0BSO4eBXXojFae6y3FcfM3,62a98fc6d1b84e52b5f885d92cb59725,2026-06-28T10:15:20Z,0,I hope you all appreciated the A-ness of this song. ,5c56b5eedd9a476c8a5242c48b74e620
spotify:track:4dr49yNcSnkVXTlgXhpd13,62a98fc6d1b84e52b5f885d92cb59725,2026-06-28T10:15:20Z,-1,I would generally say I do not like Frank Zappa. Occasionally I hear something by him which makes me think he’s not all bad. Then I hear something like this which has no redeeming features whatsoever. ,5c56b5eedd9a476c8a5242c48b74e620
spotify:track:54UPoHNQuqAqOQAZ2hl1il,62a98fc6d1b84e52b5f885d92cb59725,2026-06-28T10:15:20Z,3,Very good. ,5c56b5eedd9a476c8a5242c48b74e620
spotify:track:5Qb2NeaVV91gaNPGcfwuF8,62a98fc6d1b84e52b5f885d92cb59725,2026-06-28T10:15:20Z,6,"As mentioned in the chat, I grew up very close to Kirriemuir but was unaware of any town hall orgies. This is great. ",5c56b5eedd9a476c8a5242c48b74e620
spotify:track:6BsuFAxV7wwQyBFF4uDnNK,62a98fc6d1b84e52b5f885d92cb59725,2026-06-28T10:15:20Z,2,West End Girls is one of my favourite singles of all time. I can take or leave FotC but this is pretty good. ,5c56b5eedd9a476c8a5242c48b74e620
spotify:track:6rmNpVzGkWIGqttdpmMR98,62a98fc6d1b84e52b5f885d92cb59725,2026-06-28T10:15:20Z,2,Never heard this before. It’s not bad. ,5c56b5eedd9a476c8a5242c48b74e620
spotify:track:6umL3Fu63A82SLXRAvhkzV,62a98fc6d1b84e52b5f885d92cb59725,2026-06-28T10:15:20Z,-1,No thank you. 7 minutes? Double no thank you. ,5c56b5eedd9a476c8a5242c48b74e620
spotify:track:7eSIIkZvrNqezcl059Ufpk,62a98fc6d1b84e52b5f885d92cb59725,2026-06-28T10:15:20Z,3,The submitter of this has previously subjected me to it on car journeys. It is good though. ,5c56b5eedd9a476c8a5242c48b74e620
spotify:track:0BSO4eBXXojFae6y3FcfM3,23e53d1a01404849826a9ac7d1d28b27,2026-06-28T17:37:57Z,1,"Only got it after reading the lyrics, funny",5c56b5eedd9a476c8a5242c48b74e620
spotify:track:0NZxhoP89WVQa1SANoad8c,23e53d1a01404849826a9ac7d1d28b27,2026-06-28T17:37:57Z,-2,"Hate footballsongs, sorry",5c56b5eedd9a476c8a5242c48b74e620
spotify:track:0SHy9CDpycpqEV82fOA9TI,23e53d1a01404849826a9ac7d1d28b27,2026-06-28T17:37:57Z,1,"Yeah, an oldie. Still quite funny",5c56b5eedd9a476c8a5242c48b74e620
spotify:track:0WkZQPNC0c7yrsMX1arVAd,23e53d1a01404849826a9ac7d1d28b27,2026-06-28T17:37:57Z,1,Fun,5c56b5eedd9a476c8a5242c48b74e620
spotify:track:1sHRjZtep5IstNYM3uWRij,23e53d1a01404849826a9ac7d1d28b27,2026-06-28T17:37:57Z,1,"Loved my first car too, a mk1 golf gti, and this is kinda how I felt too back then",5c56b5eedd9a476c8a5242c48b74e620
spotify:track:1t1YkT7GkSxyi7eKIEayfk,23e53d1a01404849826a9ac7d1d28b27,2026-06-28T17:37:57Z,5,Love this! Had no idea they made music / lyrics like this back then. Great find,5c56b5eedd9a476c8a5242c48b74e620
spotify:track:2mzuA9mwOywE1VF7mO6sYG,23e53d1a01404849826a9ac7d1d28b27,2026-06-28T17:37:57Z,1,Fantastic segue from Shave em dry II.,5c56b5eedd9a476c8a5242c48b74e620
spotify:track:3LklW07tvdx2AHsgfi1Mng,23e53d1a01404849826a9ac7d1d28b27,2026-06-28T17:37:57Z,-2,"Always liked this song, but I don't think it's that funny",5c56b5eedd9a476c8a5242c48b74e620
spotify:track:3lu1PGi9oiKFbwJvGPpnyX,23e53d1a01404849826a9ac7d1d28b27,2026-06-28T17:37:57Z,1,Funny enough. ,5c56b5eedd9a476c8a5242c48b74e620
spotify:track:466QMr5bVL5dEjtGxgaXyC,23e53d1a01404849826a9ac7d1d28b27,2026-06-28T17:37:57Z,1,Agreed with the comment,5c56b5eedd9a476c8a5242c48b74e620
spotify:track:4BhBHpZlySZX16hYUrOwrq,23e53d1a01404849826a9ac7d1d28b27,2026-06-28T17:37:57Z,4,I really like this,5c56b5eedd9a476c8a5242c48b74e620
spotify:track:4dr49yNcSnkVXTlgXhpd13,23e53d1a01404849826a9ac7d1d28b27,2026-06-28T17:37:57Z,4,"Love Frank Zappa's nutcasedness, and also those guitar solos in the middle of the song (followed by continued wonderful weirdness)",5c56b5eedd9a476c8a5242c48b74e620
spotify:track:54UPoHNQuqAqOQAZ2hl1il,23e53d1a01404849826a9ac7d1d28b27,2026-06-28T17:37:57Z,4,Love this! Is it intentional that he sounds a little like Michael Stipe?,5c56b5eedd9a476c8a5242c48b74e620
spotify:track:5Qb2NeaVV91gaNPGcfwuF8,23e53d1a01404849826a9ac7d1d28b27,2026-06-28T17:37:57Z,2,Beautiful spoken voice and love the accent. ,5c56b5eedd9a476c8a5242c48b74e620
spotify:track:6BsuFAxV7wwQyBFF4uDnNK,23e53d1a01404849826a9ac7d1d28b27,2026-06-28T17:37:57Z,3,"Legends, love everything Clement does, including FOTC. This isn't their best song IMHO (it's business time being my personal favourite) but this is of course great!",5c56b5eedd9a476c8a5242c48b74e620
spotify:track:6rmNpVzGkWIGqttdpmMR98,23e53d1a01404849826a9ac7d1d28b27,2026-06-28T17:37:57Z,-1,Left me cold for some reason. Sorry for the minus 1,5c56b5eedd9a476c8a5242c48b74e620
spotify:track:6umL3Fu63A82SLXRAvhkzV,23e53d1a01404849826a9ac7d1d28b27,2026-06-28T17:37:57Z,2,Funny. All I can think of is Will Ferrell banging the cowbell,5c56b5eedd9a476c8a5242c48b74e620
spotify:track:7eSIIkZvrNqezcl059Ufpk,23e53d1a01404849826a9ac7d1d28b27,2026-06-28T17:37:57Z,4,"Love the ""not five cents"" bit. This 100% qualifies!",5c56b5eedd9a476c8a5242c48b74e620
spotify:track:0BSO4eBXXojFae6y3FcfM3,fb5929c39fbe403dbcebeb3329942390,2026-06-28T20:01:09Z,-1,🙄,5c56b5eedd9a476c8a5242c48b74e620
spotify:track:0NZxhoP89WVQa1SANoad8c,fb5929c39fbe403dbcebeb3329942390,2026-06-28T20:01:09Z,-1,I’m not enthused.,5c56b5eedd9a476c8a5242c48b74e620
spotify:track:0SHy9CDpycpqEV82fOA9TI,fb5929c39fbe403dbcebeb3329942390,2026-06-28T20:01:09Z,6,Now we’re talking. The first seasons of South Park were brilliant.,5c56b5eedd9a476c8a5242c48b74e620
spotify:track:0WkZQPNC0c7yrsMX1arVAd,fb5929c39fbe403dbcebeb3329942390,2026-06-28T20:01:09Z,-1,"I feel like I’m missing some context? Didn’t the Vikings have a particulary fierce D-line named after this song? i do love the final “Te-qui-la”, though.",5c56b5eedd9a476c8a5242c48b74e620
spotify:track:1Dgy2kUwa4JzEUXvg7CAXH,fb5929c39fbe403dbcebeb3329942390,2026-06-28T20:01:09Z,0,At least it was short!,5c56b5eedd9a476c8a5242c48b74e620
spotify:track:1sHRjZtep5IstNYM3uWRij,fb5929c39fbe403dbcebeb3329942390,2026-06-28T20:01:09Z,2,"Not that funny, but a decent 80’s style pop tune, with notes of Huey Lewis.",5c56b5eedd9a476c8a5242c48b74e620
spotify:track:1t1YkT7GkSxyi7eKIEayfk,fb5929c39fbe403dbcebeb3329942390,2026-06-28T20:01:09Z,-1,"Filthy, yes. Good song, no. Steel Panther does this a lot better 😉",5c56b5eedd9a476c8a5242c48b74e620
spotify:track:3LklW07tvdx2AHsgfi1Mng,fb5929c39fbe403dbcebeb3329942390,2026-06-28T20:01:09Z,4,Funny? Not sure. But it’s a great party song. I remember being at a party where a very pretty girl from the the affluent part of Northern Copenhagen mentioned her ex once picked her up in his helicopter. So I emphatize with Skee-Lo. ,5c56b5eedd9a476c8a5242c48b74e620
spotify:track:3lu1PGi9oiKFbwJvGPpnyX,fb5929c39fbe403dbcebeb3329942390,2026-06-28T20:01:09Z,2,"It sounds true, but I’m not laughing out loud.",5c56b5eedd9a476c8a5242c48b74e620
spotify:track:466QMr5bVL5dEjtGxgaXyC,fb5929c39fbe403dbcebeb3329942390,2026-06-28T20:01:09Z,0,"Not that funny, or is it just me? At least not funny enough to prop up the song.",5c56b5eedd9a476c8a5242c48b74e620
spotify:track:4BhBHpZlySZX16hYUrOwrq,fb5929c39fbe403dbcebeb3329942390,2026-06-28T20:01:09Z,3,"It’s a pretty good song, which elevates it this round. I’m not convinced it’s trying to be funny.",5c56b5eedd9a476c8a5242c48b74e620
spotify:track:4dr49yNcSnkVXTlgXhpd13,fb5929c39fbe403dbcebeb3329942390,2026-06-28T20:01:09Z,3,The level of musicianship on this track is far beyond anything else this round. But I’ve have never been to Montana and am at a loss as to WTF he’s trying to impart on me. This song gets an extra point because of how terribly you treated the last Zappa song. One point of for the length.,5c56b5eedd9a476c8a5242c48b74e620
spotify:track:54UPoHNQuqAqOQAZ2hl1il,fb5929c39fbe403dbcebeb3329942390,2026-06-28T20:01:09Z,3,"The self deprecating humour is not all that, but is kinda funny cos it’s true. I’m
Not sure what Guantanamera dis to deserve to be thrown in there.",5c56b5eedd9a476c8a5242c48b74e620
spotify:track:5Qb2NeaVV91gaNPGcfwuF8,fb5929c39fbe403dbcebeb3329942390,2026-06-28T20:01:09Z,-1,It was better without Girvan’s translation.,5c56b5eedd9a476c8a5242c48b74e620
spotify:track:6BsuFAxV7wwQyBFF4uDnNK,fb5929c39fbe403dbcebeb3329942390,2026-06-28T20:01:09Z,6,This is brilliant.,5c56b5eedd9a476c8a5242c48b74e620
spotify:track:6rmNpVzGkWIGqttdpmMR98,fb5929c39fbe403dbcebeb3329942390,2026-06-28T20:01:09Z,3,What a beautiful love song.,5c56b5eedd9a476c8a5242c48b74e620
spotify:track:6umL3Fu63A82SLXRAvhkzV,fb5929c39fbe403dbcebeb3329942390,2026-06-28T20:01:09Z,3,Keep your mittens of 70’s rock! The exploding Pintos is a deep cut of 70’s lore! But they sound rather bitter I must say. ,5c56b5eedd9a476c8a5242c48b74e620
spotify:track:7eSIIkZvrNqezcl059Ufpk,fb5929c39fbe403dbcebeb3329942390,2026-06-28T20:01:09Z,0,I just realised why there might not be s lot of songs about peanut vending out there.,5c56b5eedd9a476c8a5242c48b74e620
spotify:track:3lu1PGi9oiKFbwJvGPpnyX,01544fd12f414dadbc9bce3599e03c0b,2026-06-29T10:08:20Z,4,"When I scanned this week's playlist this didn't mean anything but when I listened I realised that I knew it and that the album it's from is in the shed since we moved house 18 years ago next Saturday. I enjoyed this and I agree that it is instructive, ",5c56b5eedd9a476c8a5242c48b74e620
spotify:track:0BSO4eBXXojFae6y3FcfM3,01544fd12f414dadbc9bce3599e03c0b,2026-06-29T10:08:20Z,2,"I didn't laugh.
I haven't see Taskmaster but I am aware of Alex Horne through his YouTube Channel Bad Golf and he is indeed a bad golfer. I thought this was unnecessarily rude on first listen but, with the lyrics in front of me, it is amusing and a bit clever. ",5c56b5eedd9a476c8a5242c48b74e620
spotify:track:0NZxhoP89WVQa1SANoad8c,01544fd12f414dadbc9bce3599e03c0b,2026-06-29T10:08:20Z,0,"I played the O'Hara gambit here, even calling it soccer which is just wrong.  It probably backfired. ",5c56b5eedd9a476c8a5242c48b74e620
spotify:track:0SHy9CDpycpqEV82fOA9TI,01544fd12f414dadbc9bce3599e03c0b,2026-06-29T10:08:20Z,-2,I am reminded that Americans talk about sticks of butter and don't reference butter by weight like normal people. Familiarity Tax gets it an apologetic downvote in a week where lots of songs were equally uninspiring but it does stand up as a song I think. ,5c56b5eedd9a476c8a5242c48b74e620
spotify:track:0WkZQPNC0c7yrsMX1arVAd,01544fd12f414dadbc9bce3599e03c0b,2026-06-29T10:08:20Z,-1,I didn't laugh. It was ok. There are a million songs that sound exactly like it. Downvoted with apologies. ,5c56b5eedd9a476c8a5242c48b74e620
spotify:track:1Dgy2kUwa4JzEUXvg7CAXH,01544fd12f414dadbc9bce3599e03c0b,2026-06-29T10:08:20Z,1,"I didn't laugh. This was kind of amusing, granted. ",5c56b5eedd9a476c8a5242c48b74e620
spotify:track:1sHRjZtep5IstNYM3uWRij,01544fd12f414dadbc9bce3599e03c0b,2026-06-29T10:08:20Z,3,"I didn't laugh.
But I was amused.
I like the way he announces the car at the start. Decent Tune. ",5c56b5eedd9a476c8a5242c48b74e620
spotify:track:1t1YkT7GkSxyi7eKIEayfk,01544fd12f414dadbc9bce3599e03c0b,2026-06-29T10:08:20Z,-2,Oh this is just horrible. Desperately crude and not funny at all. I disliked it so much that I am not even going to apply my downvotes (plural) apologetically. Even the line that appears in our man's Patriot's Heart can't save it. ,5c56b5eedd9a476c8a5242c48b74e620
spotify:track:2mzuA9mwOywE1VF7mO6sYG,01544fd12f414dadbc9bce3599e03c0b,2026-06-29T10:08:20Z,2,"Use of the word ""Zany"" as a pejorative outs Neil here, if I know my cocks from my pullets. I didn't laugh but I did smile when the titular cock's intentions are revealed. ",5c56b5eedd9a476c8a5242c48b74e620
spotify:track:3LklW07tvdx2AHsgfi1Mng,01544fd12f414dadbc9bce3599e03c0b,2026-06-29T10:08:20Z,5,What am I voting for here? It didn't make me laugh but neither does anything else this week. It's a magnificent tune and I have voted accordingly. ,5c56b5eedd9a476c8a5242c48b74e620
spotify:track:466QMr5bVL5dEjtGxgaXyC,01544fd12f414dadbc9bce3599e03c0b,2026-06-29T10:08:20Z,1,Decent Tune but it's not even close to being funny. ,5c56b5eedd9a476c8a5242c48b74e620
spotify:track:4BhBHpZlySZX16hYUrOwrq,01544fd12f414dadbc9bce3599e03c0b,2026-06-29T10:08:20Z,6,"I loved the write up, the last line is the work of somebody who should be getting paid for these submissions. Bill Murray is not funnier than Jim Carrey though, at all. A lot of the time I think that JB is a chancer - That voice! But this is great - Music huh? ",5c56b5eedd9a476c8a5242c48b74e620
spotify:track:4dr49yNcSnkVXTlgXhpd13,01544fd12f414dadbc9bce3599e03c0b,2026-06-29T10:08:20Z,2,"I don't know Frank, I didn't like what was submitted from him in an earlier league. This though was likeable for the most part. There  is a comedic richness to the vocals that I enjoyed. You can imagine his eyebrows moving up and down in a hey lady how you doing kind of way as he speak sings. ",5c56b5eedd9a476c8a5242c48b74e620
spotify:track:54UPoHNQuqAqOQAZ2hl1il,01544fd12f414dadbc9bce3599e03c0b,2026-06-29T10:08:20Z,3,I enjoyed this. Reminded me of Jeffrey Lewis who ploughs the same furrow with songs like Cult Boyfriend or Exactly What Nobody Wanted. ,5c56b5eedd9a476c8a5242c48b74e620
spotify:track:5Qb2NeaVV91gaNPGcfwuF8,01544fd12f414dadbc9bce3599e03c0b,2026-06-29T10:08:20Z,1,"In our house, whenever a song comes on that is primarily spoken word, one or other of us will say - ""This is some fella jawing"". That's an expression that originated with Sarah, of course. Aidan Moffat is the original some fella jawing. ",5c56b5eedd9a476c8a5242c48b74e620
spotify:track:6BsuFAxV7wwQyBFF4uDnNK,01544fd12f414dadbc9bce3599e03c0b,2026-06-29T10:08:20Z,1,"Hard to know how to approach this. I didn't find it especially funny, and can I give it points for lifting a tune someone else wrote? It is a good tune though. ",5c56b5eedd9a476c8a5242c48b74e620
spotify:track:6rmNpVzGkWIGqttdpmMR98,01544fd12f414dadbc9bce3599e03c0b,2026-06-29T10:08:20Z,1,"The main character in my sitcom idea is an exceptionally technically talented drummer in one of the world's biggest bands who commits some misdemeanour that I haven't figured out yet and ends up in a country band, bored out of his head, playing three hour sets where every song chugs along to the beat you are hearing here. Again, this wasn't funny, but his voice is baby's bum smooth.  ",5c56b5eedd9a476c8a5242c48b74e620
spotify:track:6umL3Fu63A82SLXRAvhkzV,01544fd12f414dadbc9bce3599e03c0b,2026-06-29T10:08:20Z,2,"This was a good laugh, while not actually making me laugh.",5c56b5eedd9a476c8a5242c48b74e620
spotify:track:7eSIIkZvrNqezcl059Ufpk,01544fd12f414dadbc9bce3599e03c0b,2026-06-29T10:08:20Z,1,"My eyebrow raised when I saw the album cover which is more risque than what I imagine an album cover dating from 1957 would be. But that is as nothing compared to the titles of some of the, er, companion pieces that sit alongside it. Be the hokey, I might say, if I was a comedy Irishman,  ",5c56b5eedd9a476c8a5242c48b74e620
spotify:track:0BSO4eBXXojFae6y3FcfM3,eda607c11bad4f2087be16a53e4d90b5,2026-06-29T12:22:04Z,2,Never been able to! get into Task Master although I have friends who are obsessed with it. I have to fake interest. Like Pete and Dud outtake with horns .,5c56b5eedd9a476c8a5242c48b74e620
spotify:track:0NZxhoP89WVQa1SANoad8c,eda607c11bad4f2087be16a53e4d90b5,2026-06-29T12:22:04Z,2,"Very on topic during the World Cup, which I have not been that engaged with. Raised a smile so worth a couple of points.",5c56b5eedd9a476c8a5242c48b74e620
spotify:track:0SHy9CDpycpqEV82fOA9TI,eda607c11bad4f2087be16a53e4d90b5,2026-06-29T12:22:04Z,2,South Park still assumes when I catch it on TV. That it reached number one in the UK is kind of odd. ,5c56b5eedd9a476c8a5242c48b74e620
spotify:track:0WkZQPNC0c7yrsMX1arVAd,eda607c11bad4f2087be16a53e4d90b5,2026-06-29T12:22:04Z,3,"Loved this as a kid, still raises a smile. Have three purple points. ",5c56b5eedd9a476c8a5242c48b74e620
spotify:track:1Dgy2kUwa4JzEUXvg7CAXH,eda607c11bad4f2087be16a53e4d90b5,2026-06-29T12:22:04Z,3,Liked this much more than I thought I would because it was so short. ,5c56b5eedd9a476c8a5242c48b74e620
spotify:track:1sHRjZtep5IstNYM3uWRij,eda607c11bad4f2087be16a53e4d90b5,2026-06-29T12:22:04Z,2,Having to fake interest in Task Master is the same as driving talk for me. As Buzzocks sung I hate fast cars but this ok..,5c56b5eedd9a476c8a5242c48b74e620
spotify:track:1t1YkT7GkSxyi7eKIEayfk,eda607c11bad4f2087be16a53e4d90b5,2026-06-29T12:22:04Z,2,"Not sure this was written to be funny but it is lude, rude and amazing that it was recorded back in 1934. ",5c56b5eedd9a476c8a5242c48b74e620
spotify:track:2mzuA9mwOywE1VF7mO6sYG,eda607c11bad4f2087be16a53e4d90b5,2026-06-29T12:22:04Z,-2,Couldn't get beyond the voice apologies.,5c56b5eedd9a476c8a5242c48b74e620
spotify:track:3LklW07tvdx2AHsgfi1Mng,eda607c11bad4f2087be16a53e4d90b5,2026-06-29T12:22:04Z,5,Always loved this and as a short arse I do wish I was a little bit taller. ,5c56b5eedd9a476c8a5242c48b74e620
spotify:track:3lu1PGi9oiKFbwJvGPpnyX,eda607c11bad4f2087be16a53e4d90b5,2026-06-29T12:22:04Z,3,Psychedelic surrealism suits me just lobster telephone.,5c56b5eedd9a476c8a5242c48b74e620
spotify:track:466QMr5bVL5dEjtGxgaXyC,eda607c11bad4f2087be16a53e4d90b5,2026-06-29T12:22:04Z,1,,5c56b5eedd9a476c8a5242c48b74e620
spotify:track:4BhBHpZlySZX16hYUrOwrq,eda607c11bad4f2087be16a53e4d90b5,2026-06-29T12:22:04Z,3,This is much better than I expected. Human potato indeed. ,5c56b5eedd9a476c8a5242c48b74e620
spotify:track:4dr49yNcSnkVXTlgXhpd13,eda607c11bad4f2087be16a53e4d90b5,2026-06-29T12:22:04Z,-2,Zappa is not my cup of tea and I never understood the appeal.  Captain Beefheart all day long.,5c56b5eedd9a476c8a5242c48b74e620
spotify:track:54UPoHNQuqAqOQAZ2hl1il,eda607c11bad4f2087be16a53e4d90b5,2026-06-29T12:22:04Z,2,"Reminded me as an odd mix of LCD Soundsystem, AHouse and  Might Be Giants. ",5c56b5eedd9a476c8a5242c48b74e620
spotify:track:5Qb2NeaVV91gaNPGcfwuF8,eda607c11bad4f2087be16a53e4d90b5,2026-06-29T12:22:04Z,3,Again a track I was surprised with and done with enough to carry it off. ,5c56b5eedd9a476c8a5242c48b74e620
spotify:track:6rmNpVzGkWIGqttdpmMR98,eda607c11bad4f2087be16a53e4d90b5,2026-06-29T12:22:04Z,1,Jaunty rather than laugh out loud funny. Have a point. ,5c56b5eedd9a476c8a5242c48b74e620
spotify:track:6umL3Fu63A82SLXRAvhkzV,eda607c11bad4f2087be16a53e4d90b5,2026-06-29T12:22:04Z,-1,Not for me.....,5c56b5eedd9a476c8a5242c48b74e620
spotify:track:7eSIIkZvrNqezcl059Ufpk,eda607c11bad4f2087be16a53e4d90b5,2026-06-29T12:22:04Z,1,No I am going to have give this at least a point after the weather in the UK last week. ,5c56b5eedd9a476c8a5242c48b74e620
spotify:track:0BSO4eBXXojFae6y3FcfM3,8e90755452724b16bc0423f737beaccd,2026-06-29T18:40:21Z,-1,,5c56b5eedd9a476c8a5242c48b74e620
spotify:track:0NZxhoP89WVQa1SANoad8c,8e90755452724b16bc0423f737beaccd,2026-06-29T18:40:21Z,3,,5c56b5eedd9a476c8a5242c48b74e620
spotify:track:0SHy9CDpycpqEV82fOA9TI,8e90755452724b16bc0423f737beaccd,2026-06-29T18:40:21Z,3,,5c56b5eedd9a476c8a5242c48b74e620
spotify:track:0WkZQPNC0c7yrsMX1arVAd,8e90755452724b16bc0423f737beaccd,2026-06-29T18:40:21Z,2,,5c56b5eedd9a476c8a5242c48b74e620
spotify:track:1Dgy2kUwa4JzEUXvg7CAXH,8e90755452724b16bc0423f737beaccd,2026-06-29T18:40:21Z,-2,,5c56b5eedd9a476c8a5242c48b74e620
spotify:track:1sHRjZtep5IstNYM3uWRij,8e90755452724b16bc0423f737beaccd,2026-06-29T18:40:21Z,2,,5c56b5eedd9a476c8a5242c48b74e620
spotify:track:1t1YkT7GkSxyi7eKIEayfk,8e90755452724b16bc0423f737beaccd,2026-06-29T18:40:21Z,-1,,5c56b5eedd9a476c8a5242c48b74e620
spotify:track:2mzuA9mwOywE1VF7mO6sYG,8e90755452724b16bc0423f737beaccd,2026-06-29T18:40:21Z,1,,5c56b5eedd9a476c8a5242c48b74e620
spotify:track:3LklW07tvdx2AHsgfi1Mng,8e90755452724b16bc0423f737beaccd,2026-06-29T18:40:21Z,3,,5c56b5eedd9a476c8a5242c48b74e620
spotify:track:3lu1PGi9oiKFbwJvGPpnyX,8e90755452724b16bc0423f737beaccd,2026-06-29T18:40:21Z,-1,,5c56b5eedd9a476c8a5242c48b74e620
spotify:track:466QMr5bVL5dEjtGxgaXyC,8e90755452724b16bc0423f737beaccd,2026-06-29T18:40:21Z,2,,5c56b5eedd9a476c8a5242c48b74e620
spotify:track:4BhBHpZlySZX16hYUrOwrq,8e90755452724b16bc0423f737beaccd,2026-06-29T18:40:21Z,1,,5c56b5eedd9a476c8a5242c48b74e620
spotify:track:4dr49yNcSnkVXTlgXhpd13,8e90755452724b16bc0423f737beaccd,2026-06-29T18:40:21Z,2,,5c56b5eedd9a476c8a5242c48b74e620
spotify:track:54UPoHNQuqAqOQAZ2hl1il,8e90755452724b16bc0423f737beaccd,2026-06-29T18:40:21Z,3,,5c56b5eedd9a476c8a5242c48b74e620
spotify:track:5Qb2NeaVV91gaNPGcfwuF8,8e90755452724b16bc0423f737beaccd,2026-06-29T18:40:21Z,2,,5c56b5eedd9a476c8a5242c48b74e620
spotify:track:6BsuFAxV7wwQyBFF4uDnNK,8e90755452724b16bc0423f737beaccd,2026-06-29T18:40:21Z,4,,5c56b5eedd9a476c8a5242c48b74e620
spotify:track:6umL3Fu63A82SLXRAvhkzV,8e90755452724b16bc0423f737beaccd,2026-06-29T18:40:21Z,5,,5c56b5eedd9a476c8a5242c48b74e620
spotify:track:7eSIIkZvrNqezcl059Ufpk,8e90755452724b16bc0423f737beaccd,2026-06-29T18:40:21Z,2,,5c56b5eedd9a476c8a5242c48b74e620
spotify:track:0BSO4eBXXojFae6y3FcfM3,a28a4930e9644a559d47cb1459c2c0a3,2026-06-29T18:59:19Z,2,Over the top!,5c56b5eedd9a476c8a5242c48b74e620
spotify:track:0NZxhoP89WVQa1SANoad8c,a28a4930e9644a559d47cb1459c2c0a3,2026-06-29T18:59:19Z,3,Exactly as advertised above.,5c56b5eedd9a476c8a5242c48b74e620
spotify:track:0SHy9CDpycpqEV82fOA9TI,a28a4930e9644a559d47cb1459c2c0a3,2026-06-29T18:59:19Z,2,"Makes me feel juvenile, but Chef is classic.",5c56b5eedd9a476c8a5242c48b74e620
spotify:track:7eSIIkZvrNqezcl059Ufpk,a28a4930e9644a559d47cb1459c2c0a3,2026-06-29T18:59:19Z,2,"The song is merely ok, but the droll description above earned an extra point.",5c56b5eedd9a476c8a5242c48b74e620
spotify:track:6umL3Fu63A82SLXRAvhkzV,a28a4930e9644a559d47cb1459c2c0a3,2026-06-29T18:59:19Z,-2,"Sounds like AC/DC crossed with Motley Crue, and not necessarily in a good way",5c56b5eedd9a476c8a5242c48b74e620
spotify:track:6rmNpVzGkWIGqttdpmMR98,a28a4930e9644a559d47cb1459c2c0a3,2026-06-29T18:59:19Z,3,"Big fan of this album, and sonically this song fits in perfectly, though because of the novelty nature it would not have held up to repeated listening like the other tracks. Regardless, an excellent choice for this round",5c56b5eedd9a476c8a5242c48b74e620
spotify:track:6BsuFAxV7wwQyBFF4uDnNK,a28a4930e9644a559d47cb1459c2c0a3,2026-06-29T18:59:19Z,4,How can you not enjoy these guys. The mention of muesli sealed the deal.,5c56b5eedd9a476c8a5242c48b74e620
spotify:track:54UPoHNQuqAqOQAZ2hl1il,a28a4930e9644a559d47cb1459c2c0a3,2026-06-29T18:59:19Z,3,Short and cutting.,5c56b5eedd9a476c8a5242c48b74e620
spotify:track:4dr49yNcSnkVXTlgXhpd13,a28a4930e9644a559d47cb1459c2c0a3,2026-06-29T18:59:19Z,2,"I am not familiar with much of Zappa's catalog, but he manages to push the boundaries of bizarre like nobody else. A wild mix of intriguing and delirious.",5c56b5eedd9a476c8a5242c48b74e620
spotify:track:4BhBHpZlySZX16hYUrOwrq,a28a4930e9644a559d47cb1459c2c0a3,2026-06-29T18:59:19Z,2,Points for being kind of interesting. The vocals are kind of tough to take though.,5c56b5eedd9a476c8a5242c48b74e620
spotify:track:466QMr5bVL5dEjtGxgaXyC,a28a4930e9644a559d47cb1459c2c0a3,2026-06-29T18:59:19Z,2,"When I mentioned the name my wife asked ""Was this the group that did the theme song for Friends?""

Really incredibly hooky chorus, honestly. And you really can't argue with the sentiment...",5c56b5eedd9a476c8a5242c48b74e620
spotify:track:3lu1PGi9oiKFbwJvGPpnyX,a28a4930e9644a559d47cb1459c2c0a3,2026-06-29T18:59:19Z,4,"This one was genuinely amusing, and perfectly short.",5c56b5eedd9a476c8a5242c48b74e620
spotify:track:3LklW07tvdx2AHsgfi1Mng,a28a4930e9644a559d47cb1459c2c0a3,2026-06-29T18:59:19Z,-1,"Some classic lines, and a good hook. But overall it goes on far too long without adding any elements. My wife will be disappointed in me dinging this one.",5c56b5eedd9a476c8a5242c48b74e620
spotify:track:2mzuA9mwOywE1VF7mO6sYG,a28a4930e9644a559d47cb1459c2c0a3,2026-06-29T18:59:19Z,2,There's more than a dash of later career Tom Waits in this.,5c56b5eedd9a476c8a5242c48b74e620
spotify:track:1t1YkT7GkSxyi7eKIEayfk,a28a4930e9644a559d47cb1459c2c0a3,2026-06-29T18:59:19Z,1,I like the reminder that people almost hundred years ago were just as raw as today. This is a wild find.,5c56b5eedd9a476c8a5242c48b74e620
spotify:track:1sHRjZtep5IstNYM3uWRij,a28a4930e9644a559d47cb1459c2c0a3,2026-06-29T18:59:19Z,1,,5c56b5eedd9a476c8a5242c48b74e620
spotify:track:1Dgy2kUwa4JzEUXvg7CAXH,a28a4930e9644a559d47cb1459c2c0a3,2026-06-29T18:59:19Z,2,Points for being short. This is just silly,5c56b5eedd9a476c8a5242c48b74e620
spotify:track:0WkZQPNC0c7yrsMX1arVAd,a28a4930e9644a559d47cb1459c2c0a3,2026-06-29T18:59:19Z,-2,"Just too familiar, and I'd argue more zany than funny.",5c56b5eedd9a476c8a5242c48b74e620
spotify:track:0Jq3UMSMb8Zoa5VQ08RIm3,2acd20c2132e44d7bd36b48ea1c0f195,2026-07-02T20:22:44Z,-2,,2495b25e621641a59acb7fae88607cbe
spotify:track:1bg2efPJpbC5p3Rlq94CHx,2acd20c2132e44d7bd36b48ea1c0f195,2026-07-02T20:22:44Z,-1,,2495b25e621641a59acb7fae88607cbe
spotify:track:1F48OYlwo02rYuCFZofMBU,2acd20c2132e44d7bd36b48ea1c0f195,2026-07-02T20:22:44Z,3,,2495b25e621641a59acb7fae88607cbe
spotify:track:1ps5sx71OhHiBVmGiKQSne,2acd20c2132e44d7bd36b48ea1c0f195,2026-07-02T20:22:44Z,1,,2495b25e621641a59acb7fae88607cbe
spotify:track:2nkh45KtSRpDnbHXFziGpF,2acd20c2132e44d7bd36b48ea1c0f195,2026-07-02T20:22:44Z,4,,2495b25e621641a59acb7fae88607cbe
spotify:track:39DhhTWMWwtj1jN7rPhcim,2acd20c2132e44d7bd36b48ea1c0f195,2026-07-02T20:22:44Z,3,,2495b25e621641a59acb7fae88607cbe
spotify:track:3gBOZWulJAR1bo80ENp7Ud,2acd20c2132e44d7bd36b48ea1c0f195,2026-07-02T20:22:44Z,2,,2495b25e621641a59acb7fae88607cbe
spotify:track:0ATJTcFVSa5XDNDXyF2JBL,2acd20c2132e44d7bd36b48ea1c0f195,2026-07-02T20:22:44Z,2,,2495b25e621641a59acb7fae88607cbe
spotify:track:3NMw2uLT8JuXWcEKYHse1p,2acd20c2132e44d7bd36b48ea1c0f195,2026-07-02T20:22:44Z,3,,2495b25e621641a59acb7fae88607cbe
spotify:track:6dZueQyPiXXlvhSZuOQ0IY,2acd20c2132e44d7bd36b48ea1c0f195,2026-07-02T20:22:44Z,3,,2495b25e621641a59acb7fae88607cbe
spotify:track:6LGw1PA9wcTswrxHV5iOAf,2acd20c2132e44d7bd36b48ea1c0f195,2026-07-02T20:22:44Z,3,,2495b25e621641a59acb7fae88607cbe
spotify:track:6lhQOGlAtb5NhWNqWmxEWI,2acd20c2132e44d7bd36b48ea1c0f195,2026-07-02T20:22:44Z,2,,2495b25e621641a59acb7fae88607cbe
spotify:track:6PEHfMbfF3yaXgaqaDaOsD,2acd20c2132e44d7bd36b48ea1c0f195,2026-07-02T20:22:44Z,2,,2495b25e621641a59acb7fae88607cbe
spotify:track:6rXh1BjDeBG6u7XbYBb8yZ,2acd20c2132e44d7bd36b48ea1c0f195,2026-07-02T20:22:44Z,-1,,2495b25e621641a59acb7fae88607cbe
spotify:track:6sI5iV3BCtkbQ9HgHZBGFr,2acd20c2132e44d7bd36b48ea1c0f195,2026-07-02T20:22:44Z,1,,2495b25e621641a59acb7fae88607cbe
spotify:track:6Thn8AOHIwPCkf2O4ZgfC2,2acd20c2132e44d7bd36b48ea1c0f195,2026-07-02T20:22:44Z,-1,,2495b25e621641a59acb7fae88607cbe
spotify:track:7r1Vj3cDdHihXsTqBI3bpm,2acd20c2132e44d7bd36b48ea1c0f195,2026-07-02T20:22:44Z,6,,2495b25e621641a59acb7fae88607cbe
spotify:track:0ATJTcFVSa5XDNDXyF2JBL,d0b05394a4f7482b95d5e0aeecbaa33a,2026-07-02T21:12:29Z,4,"With that opening line, I had no idea where this was gonna go, but I really enjoyed this. Experimental, hypnotic, and at times, even ominous. Stands out. ",2495b25e621641a59acb7fae88607cbe
spotify:track:0Jq3UMSMb8Zoa5VQ08RIm3,d0b05394a4f7482b95d5e0aeecbaa33a,2026-07-02T21:12:29Z,-1,I like the instrumentals on this song (maybe not the harmonica tho) but the vocals didn’t do it for me and I thought it was twice as long as it needed to be.,2495b25e621641a59acb7fae88607cbe
spotify:track:1bg2efPJpbC5p3Rlq94CHx,d0b05394a4f7482b95d5e0aeecbaa33a,2026-07-02T21:12:29Z,3,"IMHO, this is a smart use of King Crimson. ",2495b25e621641a59acb7fae88607cbe
spotify:track:1F48OYlwo02rYuCFZofMBU,d0b05394a4f7482b95d5e0aeecbaa33a,2026-07-02T21:12:29Z,-1,"Yes, she’s an excellent vocalist, and the song is sort of slow, but altogether it’s not doing much for me. This is a downvote with apologies most certainly, as I’m a fan of many of her  contemporaries too. ",2495b25e621641a59acb7fae88607cbe
spotify:track:1GqedBxYLb9QVdq3MKzIuY,d0b05394a4f7482b95d5e0aeecbaa33a,2026-07-02T21:12:29Z,3,"The backing instrumentals are lovely, soothing and slow, vocals accompany them nicely. ",2495b25e621641a59acb7fae88607cbe
spotify:track:1i17Ub8xAMDMvIAJNvBmjJ,d0b05394a4f7482b95d5e0aeecbaa33a,2026-07-02T21:12:29Z,2,"Despite them being an inspiration for pretty much every indie band I’ve ever listened to, I haven’t listened to them much. Enjoyable.",2495b25e621641a59acb7fae88607cbe
spotify:track:1ps5sx71OhHiBVmGiKQSne,d0b05394a4f7482b95d5e0aeecbaa33a,2026-07-02T21:12:29Z,5,"What a classic. Slowest song in vibes and bpm. Last I checked, the psych scientists are still using Brian Eno during the MDMA and ketamine trials for PTSD and depression to calm and ground participants.

Extra point for a blurb that sounds like a script for meditative grounding/progressive muscle relaxation. In school, it was a badge of honor not to giggle when we got to the relaxing the “nether regions/buttocks” part of practicing the scripts. But to be clear, no one ever added the phrase “hot salty gonads.”",2495b25e621641a59acb7fae88607cbe
spotify:track:2nkh45KtSRpDnbHXFziGpF,d0b05394a4f7482b95d5e0aeecbaa33a,2026-07-02T21:12:29Z,2,Very pretty and emotive. I can’t shake this feeling I’ve heard something like this before. ,2495b25e621641a59acb7fae88607cbe
spotify:track:39DhhTWMWwtj1jN7rPhcim,d0b05394a4f7482b95d5e0aeecbaa33a,2026-07-02T21:12:29Z,-1,"I enjoy Low, but it’s too obvious for me, and this was a tough round to vote on.",2495b25e621641a59acb7fae88607cbe
spotify:track:3gBOZWulJAR1bo80ENp7Ud,d0b05394a4f7482b95d5e0aeecbaa33a,2026-07-02T21:12:29Z,3,I can appreciate this for being a little bit more obscure in the genre for me. I didn’t notice how long it was until my second listen. I think that counts for something.,2495b25e621641a59acb7fae88607cbe
spotify:track:3NMw2uLT8JuXWcEKYHse1p,d0b05394a4f7482b95d5e0aeecbaa33a,2026-07-02T21:12:29Z,-1,"At the peak of my sad teenage years, I would’ve ate this up. There’s something both slow and jarring about it though. ",2495b25e621641a59acb7fae88607cbe
spotify:track:6LGw1PA9wcTswrxHV5iOAf,d0b05394a4f7482b95d5e0aeecbaa33a,2026-07-02T21:12:29Z,2,Going with a new song that sounds old has buoyed my ass through many a round. I won two of these firefly league thingies so I might be onto something. But mostly I’m just full of shit and pattern recognition.,2495b25e621641a59acb7fae88607cbe
spotify:track:6lhQOGlAtb5NhWNqWmxEWI,d0b05394a4f7482b95d5e0aeecbaa33a,2026-07-02T21:12:29Z,2,Points for being one of the slowest songs in the round and being fairly enjoyable electronic music.,2495b25e621641a59acb7fae88607cbe
spotify:track:6PEHfMbfF3yaXgaqaDaOsD,d0b05394a4f7482b95d5e0aeecbaa33a,2026-07-02T21:12:29Z,3,"Points for creative genre choice, yes, I do think this is beautiful. ",2495b25e621641a59acb7fae88607cbe
spotify:track:6rXh1BjDeBG6u7XbYBb8yZ,d0b05394a4f7482b95d5e0aeecbaa33a,2026-07-02T21:12:29Z,2,"It’s my understanding that they spawned a lot of the other slowcore bands, and as such, they deserve a lot of credit. This is really great, but definitely not the slowest slowcore. ",2495b25e621641a59acb7fae88607cbe
spotify:track:6sI5iV3BCtkbQ9HgHZBGFr,d0b05394a4f7482b95d5e0aeecbaa33a,2026-07-02T21:12:29Z,-1,"I have auditory processing difficulties and sometimes I notice sound quality issues (other times I don’t, my brain should be studied) and unfortunately this time it was hard to focus on the pretty vocals.",2495b25e621641a59acb7fae88607cbe
spotify:track:6Thn8AOHIwPCkf2O4ZgfC2,d0b05394a4f7482b95d5e0aeecbaa33a,2026-07-02T21:12:29Z,2,"There’s a slow vibe about the song, even if the beat track speeds things up. Hypnotic, agree. Enjoyed it a bit more w/each listen.",2495b25e621641a59acb7fae88607cbe
spotify:track:7r1Vj3cDdHihXsTqBI3bpm,d0b05394a4f7482b95d5e0aeecbaa33a,2026-07-02T21:12:29Z,2,"There were two things I expected would be on this list—Low, and Hope Sandoval in some form or another. Definitely nice and slow, so points are warranted, but doesn’t blow me away.",2495b25e621641a59acb7fae88607cbe
spotify:track:0ATJTcFVSa5XDNDXyF2JBL,de4eea8c425949deaa2c55f0c21ccd7d,2026-07-03T11:31:05Z,1,"Kinda interesting, but the repetition of lyrics is not cool, man.",2495b25e621641a59acb7fae88607cbe
spotify:track:0Jq3UMSMb8Zoa5VQ08RIm3,de4eea8c425949deaa2c55f0c21ccd7d,2026-07-03T11:31:05Z,-1,"Used in season 5, the most recent of the recycled artists on this playlist.  The lyrics are above-average, and it is appropriately slow, but I didn't care for his voice (or the effect on it, either).  The music doesn't have much going for it.  Plus it's looooong.",2495b25e621641a59acb7fae88607cbe
spotify:track:1bg2efPJpbC5p3Rlq94CHx,de4eea8c425949deaa2c55f0c21ccd7d,2026-07-03T11:31:05Z,-1,"Appropriately slow, but sorry, I can't take pretentious prog like this seriously.  The sax is unwelcome, too.",2495b25e621641a59acb7fae88607cbe
spotify:track:1F48OYlwo02rYuCFZofMBU,de4eea8c425949deaa2c55f0c21ccd7d,2026-07-03T11:31:05Z,3,"Nice and moody.  Impressive voice which reminds me of Florence (of + The Machines fame) during the ""We are gonna write..."" section.",2495b25e621641a59acb7fae88607cbe
spotify:track:1GqedBxYLb9QVdq3MKzIuY,de4eea8c425949deaa2c55f0c21ccd7d,2026-07-03T11:31:05Z,1,"A Jeff Buckley acolyte, methinks?  
A fine voice and thoughtful lyrics, but there is something I don't trust about it-- that queasy thing where folky singers are clearly shooting for the British pop charts.",2495b25e621641a59acb7fae88607cbe
spotify:track:1i17Ub8xAMDMvIAJNvBmjJ,de4eea8c425949deaa2c55f0c21ccd7d,2026-07-03T11:31:05Z,6,"Devastating.  Like a lot of people, I first knew This Mortal Coil's version.  So glad to see this here.  Love all the weird little sounds going on.",2495b25e621641a59acb7fae88607cbe
spotify:track:2nkh45KtSRpDnbHXFziGpF,de4eea8c425949deaa2c55f0c21ccd7d,2026-07-03T11:31:05Z,2,"Good voice and thoughtful lyrics about the fear of intimacy.
Feels like a cross between Billie Eilish's ""What Was I Made For?"" and a tiny bit of 80's balladry in the chorus.",2495b25e621641a59acb7fae88607cbe
spotify:track:39DhhTWMWwtj1jN7rPhcim,de4eea8c425949deaa2c55f0c21ccd7d,2026-07-03T11:31:05Z,7,"Definitely not 133 BPM!  Sublime harmony singing and moody af. 
I saw Eitzel open for them in Oberlin, Ohio, once.  I did not properly appreciate them back then.",2495b25e621641a59acb7fae88607cbe
spotify:track:3gBOZWulJAR1bo80ENp7Ud,de4eea8c425949deaa2c55f0c21ccd7d,2026-07-03T11:31:05Z,1,"Pleasant enough meanderings.  One section reminded me of Mogwai, who did it earlier and better.  Too darn long, with random changes.",2495b25e621641a59acb7fae88607cbe
spotify:track:3NMw2uLT8JuXWcEKYHse1p,de4eea8c425949deaa2c55f0c21ccd7d,2026-07-03T11:31:05Z,1,"Definitely puts the ""sad"" in slowcore, as it were.  He's got a weak voice, but I like the loud bits.",2495b25e621641a59acb7fae88607cbe
spotify:track:6dZueQyPiXXlvhSZuOQ0IY,de4eea8c425949deaa2c55f0c21ccd7d,2026-07-03T11:31:05Z,2,"Yes, lovely, and fresh to me.",2495b25e621641a59acb7fae88607cbe
spotify:track:6LGw1PA9wcTswrxHV5iOAf,de4eea8c425949deaa2c55f0c21ccd7d,2026-07-03T11:31:05Z,7,"I like this tremendously.  Definite RHP vibes, which is totally fine with me.",2495b25e621641a59acb7fae88607cbe
spotify:track:6lhQOGlAtb5NhWNqWmxEWI,de4eea8c425949deaa2c55f0c21ccd7d,2026-07-03T11:31:05Z,-1,Kind of jarring.,2495b25e621641a59acb7fae88607cbe
spotify:track:6PEHfMbfF3yaXgaqaDaOsD,de4eea8c425949deaa2c55f0c21ccd7d,2026-07-03T11:31:05Z,1,"Nice, but soporific.",2495b25e621641a59acb7fae88607cbe
spotify:track:6rXh1BjDeBG6u7XbYBb8yZ,de4eea8c425949deaa2c55f0c21ccd7d,2026-07-03T11:31:05Z,-1,"I used to own this record.  I didn't know it was a cover until now, so thanks for that.  I like Yoko's original, now that I've listened to it, and I also like what this adds to it.  But as far as this round goes, it speeds up too much, doesn't it?",2495b25e621641a59acb7fae88607cbe
spotify:track:6sI5iV3BCtkbQ9HgHZBGFr,de4eea8c425949deaa2c55f0c21ccd7d,2026-07-03T11:31:05Z,1,Nice enough.,2495b25e621641a59acb7fae88607cbe
spotify:track:6Thn8AOHIwPCkf2O4ZgfC2,de4eea8c425949deaa2c55f0c21ccd7d,2026-07-03T11:31:05Z,2,"Yeah, great vibe/sounds.  Not sure his voice is the best match for the music, though.  I can imagine liking the song more with a different singer.",2495b25e621641a59acb7fae88607cbe
spotify:track:7r1Vj3cDdHihXsTqBI3bpm,de4eea8c425949deaa2c55f0c21ccd7d,2026-07-03T11:31:05Z,-1,"If I'm honest, the thrill is gone for me with her.  This drags drearily.",2495b25e621641a59acb7fae88607cbe
spotify:track:0ATJTcFVSa5XDNDXyF2JBL,86c3935108da4e26bfb2081392ed35c5,2026-07-03T22:01:20Z,-2,Felt like he was out of key for a bit. Would have benefited from a producer with more restraint ,2495b25e621641a59acb7fae88607cbe
spotify:track:0Jq3UMSMb8Zoa5VQ08RIm3,86c3935108da4e26bfb2081392ed35c5,2026-07-03T22:01:20Z,1,Would have liked this more without the harmonica.,2495b25e621641a59acb7fae88607cbe
spotify:track:1bg2efPJpbC5p3Rlq94CHx,86c3935108da4e26bfb2081392ed35c5,2026-07-03T22:01:20Z,1,I never got into KC but this was ok. Solid pick,2495b25e621641a59acb7fae88607cbe
spotify:track:1F48OYlwo02rYuCFZofMBU,86c3935108da4e26bfb2081392ed35c5,2026-07-03T22:01:20Z,1,This one grew on me after a few listens. ,2495b25e621641a59acb7fae88607cbe
spotify:track:1GqedBxYLb9QVdq3MKzIuY,86c3935108da4e26bfb2081392ed35c5,2026-07-03T22:01:20Z,5,New artist for me. Really like his voice. ,2495b25e621641a59acb7fae88607cbe
spotify:track:1i17Ub8xAMDMvIAJNvBmjJ,86c3935108da4e26bfb2081392ed35c5,2026-07-03T22:01:20Z,3,Great pick. ,2495b25e621641a59acb7fae88607cbe
spotify:track:1ps5sx71OhHiBVmGiKQSne,86c3935108da4e26bfb2081392ed35c5,2026-07-03T22:01:20Z,1,Very Eno. ,2495b25e621641a59acb7fae88607cbe
spotify:track:2nkh45KtSRpDnbHXFziGpF,86c3935108da4e26bfb2081392ed35c5,2026-07-03T22:01:20Z,0,Strong Taylor Swift vibes,2495b25e621641a59acb7fae88607cbe
spotify:track:39DhhTWMWwtj1jN7rPhcim,86c3935108da4e26bfb2081392ed35c5,2026-07-03T22:01:20Z,3,Thought this song was called “that’s how you sin” which seemed to match your description. Solid choice. ,2495b25e621641a59acb7fae88607cbe
spotify:track:3gBOZWulJAR1bo80ENp7Ud,86c3935108da4e26bfb2081392ed35c5,2026-07-03T22:01:20Z,0,Definitely slow. ,2495b25e621641a59acb7fae88607cbe
spotify:track:3NMw2uLT8JuXWcEKYHse1p,86c3935108da4e26bfb2081392ed35c5,2026-07-03T22:01:20Z,-1,"Started slow, felt like the lid bits were faster. Maybe not, maybe just louder, but it felt faster",2495b25e621641a59acb7fae88607cbe
spotify:track:6dZueQyPiXXlvhSZuOQ0IY,86c3935108da4e26bfb2081392ed35c5,2026-07-03T22:01:20Z,5,Really beautiful song. Great pick. ,2495b25e621641a59acb7fae88607cbe
spotify:track:6LGw1PA9wcTswrxHV5iOAf,86c3935108da4e26bfb2081392ed35c5,2026-07-03T22:01:20Z,3,Really like this. New artist for me. Was it a little too fast?,2495b25e621641a59acb7fae88607cbe
spotify:track:6lhQOGlAtb5NhWNqWmxEWI,86c3935108da4e26bfb2081392ed35c5,2026-07-03T22:01:20Z,5,Love the guitars on this. New artist for me. ,2495b25e621641a59acb7fae88607cbe
spotify:track:6rXh1BjDeBG6u7XbYBb8yZ,86c3935108da4e26bfb2081392ed35c5,2026-07-03T22:01:20Z,-1,"Liked the song, don’t think it fits the theme ",2495b25e621641a59acb7fae88607cbe
spotify:track:6sI5iV3BCtkbQ9HgHZBGFr,86c3935108da4e26bfb2081392ed35c5,2026-07-03T22:01:20Z,0,Didn’t love it but didn’t hate it ,2495b25e621641a59acb7fae88607cbe
spotify:track:6Thn8AOHIwPCkf2O4ZgfC2,86c3935108da4e26bfb2081392ed35c5,2026-07-03T22:01:20Z,-1,Just a little weaker than the rest of the list ,2495b25e621641a59acb7fae88607cbe
spotify:track:7r1Vj3cDdHihXsTqBI3bpm,86c3935108da4e26bfb2081392ed35c5,2026-07-03T22:01:20Z,7,Hit all my ASMR spots. Fantastic selection ,2495b25e621641a59acb7fae88607cbe
spotify:track:0ATJTcFVSa5XDNDXyF2JBL,8a006758b7e4400d94f2eb943efee15c,2026-07-04T12:43:13Z,2,"Slow-ish. Enjoyed this and the sense that it’s pulling from all kinds of influences. Also they have a knack for titles I see - Cheddar Man, Jude Law
For Vogue (1995). One to investigate further. ",2495b25e621641a59acb7fae88607cbe
spotify:track:0Jq3UMSMb8Zoa5VQ08RIm3,8a006758b7e4400d94f2eb943efee15c,2026-07-04T12:43:13Z,-2,"Thankfully you’re not in charge. I’ve liked bits of Two Gallants that Ove been subjected to by Girvan over the years, but this one is a terrible dirge that goes on forever. Never has a title been more appropriate. It is slow though, so that saves it from more downvotes. ",2495b25e621641a59acb7fae88607cbe
spotify:track:1bg2efPJpbC5p3Rlq94CHx,8a006758b7e4400d94f2eb943efee15c,2026-07-04T12:43:13Z,3,"Great write-up. ‘The smile signals emptiness to me’… you’re amongst friends here, King Crimson. I’ve attempted to go through the whole discography of the band before now, but can’t say I remember this, which is a shame because it’s quite stunning. Kind of a less wanky Dark Side of the Moon. Actually it’s probably equally wanky in its long form, but I’ll let it go. Appropriate slowness. ",2495b25e621641a59acb7fae88607cbe
spotify:track:1F48OYlwo02rYuCFZofMBU,8a006758b7e4400d94f2eb943efee15c,2026-07-04T12:43:13Z,1,My dog seriously did not like the wooOOOOH bits. I’m not sure I did either. But the Sinead O’Connor thing is interesting and makes me want to listen to the album. Moderate slowness. ,2495b25e621641a59acb7fae88607cbe
spotify:track:1GqedBxYLb9QVdq3MKzIuY,8a006758b7e4400d94f2eb943efee15c,2026-07-04T12:43:13Z,3,"Scott is my wife’s favourite, so I’ve been to quite a few of his gigs in a Michael O’Hara The 4 of Us scenario. I’ve come to like his chilled but affecting songs quite a bit though. Jo says your description above is brilliant, and then she asked me what I’d written, and I had to tell her I said so could beat Hope Sandoval in the sports day parents’ race, and she shook her head sadly and walked away. Not all that slow mind you. ",2495b25e621641a59acb7fae88607cbe
spotify:track:1i17Ub8xAMDMvIAJNvBmjJ,8a006758b7e4400d94f2eb943efee15c,2026-07-04T12:43:13Z,3,"The spreadsheet is the 2001 monolith watching over us all. Very familiar with the This Mortal Coil version of this, less so with the original. Lovely, but unnervingly icy - the last three lines especially. Extremely slow ✅",2495b25e621641a59acb7fae88607cbe
spotify:track:1ps5sx71OhHiBVmGiKQSne,8a006758b7e4400d94f2eb943efee15c,2026-07-04T12:43:13Z,3,"My gonads have never felt so relaxed. Thank you. 

I feel that this is probably Rocket from the Chris, and if so I think he was writing this while in the company of me and Girvan on Wednesday night, and I’m glad we had such a comforting effect on his salty entirety. ",2495b25e621641a59acb7fae88607cbe
spotify:track:2nkh45KtSRpDnbHXFziGpF,8a006758b7e4400d94f2eb943efee15c,2026-07-04T12:43:13Z,2,I’ve been listening to the new Ida stuff which is lovely so was primed to like this. Very pretty. Not especially slow though. ,2495b25e621641a59acb7fae88607cbe
spotify:track:39DhhTWMWwtj1jN7rPhcim,8a006758b7e4400d94f2eb943efee15c,2026-07-04T12:43:13Z,5,Definitively slow. Brutal. ‘Sometimes there’s nothing left to save / That’s how you sing Amazing Grace’.  Shivers. ,2495b25e621641a59acb7fae88607cbe
spotify:track:3gBOZWulJAR1bo80ENp7Ud,8a006758b7e4400d94f2eb943efee15c,2026-07-04T12:43:13Z,-1,"I’m not a big post-rock guy. This is appropriately slow and ‘sink in’-able. But I had downvotes spare, sorry. ",2495b25e621641a59acb7fae88607cbe
spotify:track:3NMw2uLT8JuXWcEKYHse1p,8a006758b7e4400d94f2eb943efee15c,2026-07-04T12:43:13Z,4,Codeine are a band that I wanted to get into at the time (I really liked the cover art of Barely Real) but never got round to. If only I’d invested the time and money I spent on Mark Kozelek with them. This is quietly powerful and (crucially) very slow. ,2495b25e621641a59acb7fae88607cbe
spotify:track:6dZueQyPiXXlvhSZuOQ0IY,8a006758b7e4400d94f2eb943efee15c,2026-07-04T12:43:13Z,2,"I didn’t know that about cardinals/red birds, but I saw Disclosure Day last week where that plays a significant part and now I get it a bit better. And a touching idea for a song. Positively perky by this round’s standards, however. ",2495b25e621641a59acb7fae88607cbe
spotify:track:6LGw1PA9wcTswrxHV5iOAf,8a006758b7e4400d94f2eb943efee15c,2026-07-04T12:43:13Z,1,"I rewatched the Gene Wilder/Richard Pryor film See No Evil, Hear No Evil last night, which is, shall we say, of its time. There’s a scene where Gene holds up a woman in her hotel room by pretending he has a gun in his pocket, her towel falls off, and after he takes his hand out of his pants he still has a gun in his pocket. As if I say, of its time. 

Anyway, this was nice. ",2495b25e621641a59acb7fae88607cbe
spotify:track:6lhQOGlAtb5NhWNqWmxEWI,8a006758b7e4400d94f2eb943efee15c,2026-07-04T12:43:13Z,1,Klangers-esque (if you live in the UK). Bjork’s ringtone (for the rest of the world). ,2495b25e621641a59acb7fae88607cbe
spotify:track:6PEHfMbfF3yaXgaqaDaOsD,8a006758b7e4400d94f2eb943efee15c,2026-07-04T12:43:13Z,3,"Now that’s slow. Sounds like it’s constantly in danger of grinding to a halt. I only know Stan’s early samba stuff, so this was good to hear, and remarkably like the Floating Points/Pharaoh Sanders album (which I love). ",2495b25e621641a59acb7fae88607cbe
spotify:track:6rXh1BjDeBG6u7XbYBb8yZ,8a006758b7e4400d94f2eb943efee15c,2026-07-04T12:43:13Z,-1,"What an excellent t c90 that would have been. This is a beautiful Yoko cover, but it goes very fast indeed towards the end, so I think we must penalise. ",2495b25e621641a59acb7fae88607cbe
spotify:track:6sI5iV3BCtkbQ9HgHZBGFr,8a006758b7e4400d94f2eb943efee15c,2026-07-04T12:43:13Z,-1,Slow. She is trapped in amber for me in the sixth form years of my memory - never bothered with her since. This somewhat tidy and careful cover tells me I haven’t really missed much. Pleasant enough but not essential. ,2495b25e621641a59acb7fae88607cbe
spotify:track:6Thn8AOHIwPCkf2O4ZgfC2,8a006758b7e4400d94f2eb943efee15c,2026-07-04T12:43:13Z,2,I like the scene-setting in the comment. The lyrics got my attention in this one. And then the strings. I could see the riff getting into my head on repeat listens. Unfortunately it’s not that slow. ,2495b25e621641a59acb7fae88607cbe
spotify:track:0Jq3UMSMb8Zoa5VQ08RIm3,920d59fe89434c9a9255c64fa8265e5a,2026-07-04T14:34:22Z,3,Apparently been used before although I don't recall from memory. Nice.,2495b25e621641a59acb7fae88607cbe
spotify:track:1bg2efPJpbC5p3Rlq94CHx,920d59fe89434c9a9255c64fa8265e5a,2026-07-04T14:34:22Z,5,Although somewhat of a prog head KC always passed me by. Like this a lot (Ben?).,2495b25e621641a59acb7fae88607cbe
spotify:track:1F48OYlwo02rYuCFZofMBU,920d59fe89434c9a9255c64fa8265e5a,2026-07-04T14:34:22Z,1,"Love the husky breathy vocal, not so keen on the higher warbling registers.",2495b25e621641a59acb7fae88607cbe
spotify:track:1GqedBxYLb9QVdq3MKzIuY,920d59fe89434c9a9255c64fa8265e5a,2026-07-04T14:34:22Z,-1,I get that it might be a song that you listen to in a tranquil moment but it's not particularly slow paced (comparatively).  ,2495b25e621641a59acb7fae88607cbe
spotify:track:1i17Ub8xAMDMvIAJNvBmjJ,920d59fe89434c9a9255c64fa8265e5a,2026-07-04T14:34:22Z,2,Will get a familiarity tax I'm afraid but lovely song.,2495b25e621641a59acb7fae88607cbe
spotify:track:1ps5sx71OhHiBVmGiKQSne,920d59fe89434c9a9255c64fa8265e5a,2026-07-04T14:34:22Z,-1,A league 2 return returnee. Heretical maybe but for me Eno's later ambient adjacent work doesn't hold a candle to the glam weirdness of the first few lps. ,2495b25e621641a59acb7fae88607cbe
spotify:track:2nkh45KtSRpDnbHXFziGpF,920d59fe89434c9a9255c64fa8265e5a,2026-07-04T14:34:22Z,1,"Nice voice, bit of a dull song.",2495b25e621641a59acb7fae88607cbe
spotify:track:39DhhTWMWwtj1jN7rPhcim,920d59fe89434c9a9255c64fa8265e5a,2026-07-04T14:34:22Z,-1,"Repeat artist in the dim and distant past so fair enough. But such an obvious choice (band not song) requiring imo zero effort to pick. I imagine the submitter sitting eagerly on the sidelines come submission starting gun to get this in ahead everyone else. Harsh but a bit of a lazy default option, give me something new every time. Low are nice in small doses but a bit of a chore over longer periods. It's slow though, obviously.",2495b25e621641a59acb7fae88607cbe
spotify:track:3gBOZWulJAR1bo80ENp7Ud,920d59fe89434c9a9255c64fa8265e5a,2026-07-04T14:34:22Z,3,New to me. Like this.,2495b25e621641a59acb7fae88607cbe
spotify:track:3NMw2uLT8JuXWcEKYHse1p,920d59fe89434c9a9255c64fa8265e5a,2026-07-04T14:34:22Z,4,Yeah I thought of them too and expected to see them here. Not as obvious as Low but still shooting fish in a barrel. Good though innit.,2495b25e621641a59acb7fae88607cbe
spotify:track:6dZueQyPiXXlvhSZuOQ0IY,920d59fe89434c9a9255c64fa8265e5a,2026-07-04T14:34:22Z,2,A little league generic for me but pretty.,2495b25e621641a59acb7fae88607cbe
spotify:track:6LGw1PA9wcTswrxHV5iOAf,920d59fe89434c9a9255c64fa8265e5a,2026-07-04T14:34:22Z,3,Relaxed and nice.,2495b25e621641a59acb7fae88607cbe
spotify:track:6lhQOGlAtb5NhWNqWmxEWI,920d59fe89434c9a9255c64fa8265e5a,2026-07-04T14:34:22Z,-1,It starts it finishes and I am sadly unmoved for the duration.,2495b25e621641a59acb7fae88607cbe
spotify:track:6PEHfMbfF3yaXgaqaDaOsD,920d59fe89434c9a9255c64fa8265e5a,2026-07-04T14:34:22Z,3,"I had this a racing cert for a double dv but hey, rather like it as it turns out. Which is shame for some other songs who will now get the spare dvs.",2495b25e621641a59acb7fae88607cbe
spotify:track:6rXh1BjDeBG6u7XbYBb8yZ,920d59fe89434c9a9255c64fa8265e5a,2026-07-04T14:34:22Z,3,"Loved them too at the time. Now find them more of a difficult listen. The latter part of the song - which is the bit I like about them most  - is probably the stickler here, whilst not speed metal it certainly ups the tempo beyond the brief. Escapes a dv though because tbh the change in tempo is a little bit welcome at this point.",2495b25e621641a59acb7fae88607cbe
spotify:track:6sI5iV3BCtkbQ9HgHZBGFr,920d59fe89434c9a9255c64fa8265e5a,2026-07-04T14:34:22Z,2,Not a fan plus a repeat artist. But sweet enough.,2495b25e621641a59acb7fae88607cbe
spotify:track:6Thn8AOHIwPCkf2O4ZgfC2,920d59fe89434c9a9255c64fa8265e5a,2026-07-04T14:34:22Z,3,"Agree, not the slowest but plenty slow enough and very nice.",2495b25e621641a59acb7fae88607cbe
spotify:track:7r1Vj3cDdHihXsTqBI3bpm,920d59fe89434c9a9255c64fa8265e5a,2026-07-04T14:34:22Z,-1,No no no. How does one differentiate between shades beige to identify her best song? Asking for a friend.,2495b25e621641a59acb7fae88607cbe
spotify:track:0ATJTcFVSa5XDNDXyF2JBL,2841805d6e4f44b1814aa495dc2150c1,2026-07-04T16:59:18Z,3,"Rufus on percocet, and enjoyable.  Want to hear more songs by them.",2495b25e621641a59acb7fae88607cbe
spotify:track:0Jq3UMSMb8Zoa5VQ08RIm3,2841805d6e4f44b1814aa495dc2150c1,2026-07-04T16:59:18Z,-2,"Ruh roh.  Why did I think Conor Oberst was a gallant?  Does he show up in the sequel as the Third Gallant?  He's in the Fans Also Like row, so my Oberstinnitis being triggered here isn't all in my mind. ",2495b25e621641a59acb7fae88607cbe
spotify:track:1bg2efPJpbC5p3Rlq94CHx,2841805d6e4f44b1814aa495dc2150c1,2026-07-04T16:59:18Z,3,"YES.  My brain correctly went cinematic, and a search shows this was used in Mandy. When I truly have nothing to do, I will make a two column Good / Bad assessment of Cage's oeuvre.  (Oeuvre, now that's a great word.)  Mandy is on the Good side, FYI.

Like the titular animal, though, I will not forget how Elephant Talk was treated by You People.  Bonus vote applied.",2495b25e621641a59acb7fae88607cbe
spotify:track:1F48OYlwo02rYuCFZofMBU,2841805d6e4f44b1814aa495dc2150c1,2026-07-04T16:59:18Z,2,"This is very nice. One bonus to online library catalogs, I see I checked out her 2018 album, but didn't listen to this one.  Now on hold.",2495b25e621641a59acb7fae88607cbe
spotify:track:1GqedBxYLb9QVdq3MKzIuY,2841805d6e4f44b1814aa495dc2150c1,2026-07-04T16:59:18Z,3,"My pandemic comfort blanket was a mix of the Steely Dan and Knievel catalogs, so I get it.  Jeff Buckley quality to the vocals that I like.  Will listen to more.  ",2495b25e621641a59acb7fae88607cbe
spotify:track:1i17Ub8xAMDMvIAJNvBmjJ,2841805d6e4f44b1814aa495dc2150c1,2026-07-04T16:59:18Z,2,"With 5 DVs to allot, repeat artists help lessen the guilt for me, like using the familiarity tax.  This is fantastic, fwiw.  What a mournful voice.  This Mortal Coil's cover of this is glorious, too.",2495b25e621641a59acb7fae88607cbe
spotify:track:1ps5sx71OhHiBVmGiKQSne,2841805d6e4f44b1814aa495dc2150c1,2026-07-04T16:59:18Z,2,"Dammit, I paid for goats and/or puppies for this relaxation retreat, and I want my money'szzzzzzzzzzzzzzzzzzzzzzzz.  

Fwiw, the local town of Carnation has a ""Goat Hugs $5"" sign on the main road into town. Intriguing, but haven't stopped yet.",2495b25e621641a59acb7fae88607cbe
spotify:track:2nkh45KtSRpDnbHXFziGpF,2841805d6e4f44b1814aa495dc2150c1,2026-07-04T16:59:18Z,0,"Melbourne delivers again.  This is the kind of song that would score a WB show, with the thwarted lovers staring out wistfully through rain-spattered windows into the night.  Or as Bones is assembling various bits of a skeleton for crime-solving analysis.  It's a multipurpose song!  If i was a music supervisor, it'd be fun to use this for a Dexter scene, just to subvert expectations.  ""What a lovely song"" as Dexter dismembers and wraps in plastic.  The way she delivers ""for' on the last two lines, wow.",2495b25e621641a59acb7fae88607cbe
spotify:track:39DhhTWMWwtj1jN7rPhcim,2841805d6e4f44b1814aa495dc2150c1,2026-07-04T16:59:18Z,-1,"Will surely do well, but obvious tax applies.  Have been filling my Low collection holes in the last year. Own 9/13 of the studio albums, not this one.  Seattle loves their Low, and haven't spotted it on my store browsing.  RIP Mimi.",2495b25e621641a59acb7fae88607cbe
spotify:track:3gBOZWulJAR1bo80ENp7Ud,2841805d6e4f44b1814aa495dc2150c1,2026-07-04T16:59:18Z,4,"Fantastic. This is the non-Low I was hoping for, length be damned. Immediate warm blanket vibes. Reminds me of a few bands I could have used instead - Bay, Tram,  Soulwhirlingsomewhere. City Slang, great label.  Just a 4 song EP, and that's it?  Added to my Discogs wish list.",2495b25e621641a59acb7fae88607cbe
spotify:track:3NMw2uLT8JuXWcEKYHse1p,2841805d6e4f44b1814aa495dc2150c1,2026-07-04T16:59:18Z,3,"Not dinging the guitar rage because it feels organic in a way the Galaxie 500 doesn't to my ears, like it's venting to avoid an explosion.  I love sadcore.  It's honest, in a way formulaic brocountry and stadium pop doesn't feel to me (""it's Friday, let's go dancing and have drinks"" - because you're applying salve on the sadcore!) .  Or maybe it's because I'm not bipolar, and tilt sad.",2495b25e621641a59acb7fae88607cbe
spotify:track:6dZueQyPiXXlvhSZuOQ0IY,2841805d6e4f44b1814aa495dc2150c1,2026-07-04T16:59:18Z,2,"Lovely and new to me, so thanks for that.  I like the idea of reincarnating as a bird.  Oddly, reminds me that one day I have to order a UC Santa Cruz banana slugs t-shirt.",2495b25e621641a59acb7fae88607cbe
spotify:track:6LGw1PA9wcTswrxHV5iOAf,2841805d6e4f44b1814aa495dc2150c1,2026-07-04T16:59:18Z,2,"The guy has magnificent hair.  He should toss his hair slo-mo in every video they make.  Or test for the Napoleon Dynamite sequel.  Took me a sec, but realized they're familiar to me from their TRANSA comp track ""Aaron"" with Cassandra Jenkins.",2495b25e621641a59acb7fae88607cbe
spotify:track:6lhQOGlAtb5NhWNqWmxEWI,2841805d6e4f44b1814aa495dc2150c1,2026-07-04T16:59:18Z,3,New to me.  Local social media has been posting vids of orca pods running around the San Juan Islands.  This would make a nice soundtrack to those.,2495b25e621641a59acb7fae88607cbe
spotify:track:6PEHfMbfF3yaXgaqaDaOsD,2841805d6e4f44b1814aa495dc2150c1,2026-07-04T16:59:18Z,2,"Actually, I was thinking, ""Whatever Stan wants, Stan Getz"".  This is lovely, and the umpteenth argument for me to dump cable and listen to this stuff at night instead.  My Grace Kelly inflatable doll deserves no less.",2495b25e621641a59acb7fae88607cbe
spotify:track:6rXh1BjDeBG6u7XbYBb8yZ,2841805d6e4f44b1814aa495dc2150c1,2026-07-04T16:59:18Z,-2,"Was just thinking of Damon & Naomi re: a dog round in another league (""Laika"").  They have a new album out, fyi.  DVs for the music harshing my mellow.",2495b25e621641a59acb7fae88607cbe
spotify:track:6sI5iV3BCtkbQ9HgHZBGFr,2841805d6e4f44b1814aa495dc2150c1,2026-07-04T16:59:18Z,1,Made me think of Nicky Holland.  S'okay.,2495b25e621641a59acb7fae88607cbe
spotify:track:6Thn8AOHIwPCkf2O4ZgfC2,2841805d6e4f44b1814aa495dc2150c1,2026-07-04T16:59:18Z,1,"Part of the Father John Misty and Hiss Golden Messenger trifecta to me.  Not bad, but playlist outlier for me.",2495b25e621641a59acb7fae88607cbe
spotify:track:7r1Vj3cDdHihXsTqBI3bpm,2841805d6e4f44b1814aa495dc2150c1,2026-07-04T16:59:18Z,2,The babydoll delivery reminds me of Julia Stone.  Like this.,2495b25e621641a59acb7fae88607cbe
spotify:track:0ATJTcFVSa5XDNDXyF2JBL,c2908202c05c4119b9af99d832f55b9b,2026-07-04T20:04:47Z,-2,The incessant bassline actually speeds this song up quite a bit to my ears.  While I have no objection to the song (other than the Yorke-like yawling which triggers my allergy to any and all Radiohead aligned output) I don't think it fits the assignment.,2495b25e621641a59acb7fae88607cbe
spotify:track:0Jq3UMSMb8Zoa5VQ08RIm3,c2908202c05c4119b9af99d832f55b9b,2026-07-04T20:04:47Z,0,"One of the best Mountain Goats knockoff bands doing what could be an unreleased Alex Chilton tune.  Perhaps not playing to their strengths, but still quite admirable.",2495b25e621641a59acb7fae88607cbe
spotify:track:1bg2efPJpbC5p3Rlq94CHx,c2908202c05c4119b9af99d832f55b9b,2026-07-04T20:04:47Z,2,"You had me at King Crimson.  Larks' is my personal KG pinnacle, so this is a highly welcome neighbor.  Bill Bruford is strangely lost in the mix, which costs it points.",2495b25e621641a59acb7fae88607cbe
spotify:track:1F48OYlwo02rYuCFZofMBU,c2908202c05c4119b9af99d832f55b9b,2026-07-04T20:04:47Z,6,A really well-done showcase for her vocals.  Love the clockwork percussion.  I believe this was my top pick from this LP as well.  A well-assembled piece of modern furniture.  I'm going to give this one the gold based on quality and lack of predictability.,2495b25e621641a59acb7fae88607cbe
spotify:track:1GqedBxYLb9QVdq3MKzIuY,c2908202c05c4119b9af99d832f55b9b,2026-07-04T20:04:47Z,2,"Completely new to me.  As with most slower music it needs time to grow on me and cadge points from the more familiar selections here.  Agreed on the production, that backing vocal build about halfway through is an effective touch that resurfaces through the rest of the song.",2495b25e621641a59acb7fae88607cbe
spotify:track:1i17Ub8xAMDMvIAJNvBmjJ,c2908202c05c4119b9af99d832f55b9b,2026-07-04T20:04:47Z,4,You had me at Big Star.  Just harrowing stuff.,2495b25e621641a59acb7fae88607cbe
spotify:track:1ps5sx71OhHiBVmGiKQSne,c2908202c05c4119b9af99d832f55b9b,2026-07-04T20:04:47Z,4,"I'm a fan of putting on Music Choice during the commercials of sporting events and if the Soundscapes channel consistently featured music like this I'd likely never switch back to the match at hand.  Kudos to the (I assume) random segue with Holocaust, an exceptional pairing.",2495b25e621641a59acb7fae88607cbe
spotify:track:2nkh45KtSRpDnbHXFziGpF,c2908202c05c4119b9af99d832f55b9b,2026-07-04T20:04:47Z,5,"Her voice has a super familiar quality to it but I can't quite place it ... maybe Bic Runga?  Dammit.  It's definitely Australian.  Or New Zealand.  I'm going to stick with Bic, which certainly is a huge compliment in my book.  We'll call this the silver medal winner.",2495b25e621641a59acb7fae88607cbe
spotify:track:39DhhTWMWwtj1jN7rPhcim,c2908202c05c4119b9af99d832f55b9b,2026-07-04T20:04:47Z,-1,This is a submission from a kid who thinks they've aced the assignment.  And I wasn't even around in Round 1 to justify downvoting for a repeat play.  Luckily I lack a conscience.,2495b25e621641a59acb7fae88607cbe
spotify:track:3gBOZWulJAR1bo80ENp7Ud,c2908202c05c4119b9af99d832f55b9b,2026-07-04T20:04:47Z,-2,I suppose calling something skeletal isn't necessarily a criticism given the assignment but this is definitely the most wispy of all the picks.  The jingle bells are a pet peeve ... way too many bands in the early/mid 2K's used them to precious effect and you get almost 10 minutes of them here.,2495b25e621641a59acb7fae88607cbe
spotify:track:3NMw2uLT8JuXWcEKYHse1p,c2908202c05c4119b9af99d832f55b9b,2026-07-04T20:04:47Z,4,"You had me at Codeine.  I even own the Numero Group box set.  On vinyl. (not so humble brag).  The mix on The White Birch is a bit more sterile as compared to the remasters, which I suppose is a matter of taste.  Give it the bronze on a tiebreaker.",2495b25e621641a59acb7fae88607cbe
spotify:track:6dZueQyPiXXlvhSZuOQ0IY,c2908202c05c4119b9af99d832f55b9b,2026-07-04T20:04:47Z,0,"A bit too by-the-numbers maudlin Americana for me, personally.  Not sure this chorus suits her voice.  Appreciate the attempt to tackle the subject, though.",2495b25e621641a59acb7fae88607cbe
spotify:track:6LGw1PA9wcTswrxHV5iOAf,c2908202c05c4119b9af99d832f55b9b,2026-07-04T20:04:47Z,0,somehow my yellowboxed first pick artist didn't end up on the mix!  we'll see if that was a blessing or a curse ...,2495b25e621641a59acb7fae88607cbe
spotify:track:6lhQOGlAtb5NhWNqWmxEWI,c2908202c05c4119b9af99d832f55b9b,2026-07-04T20:04:47Z,3,"This isn't what my mind drifts to when I think of Tape, so good picking skills at the very least.  The electronic elements are the most effective in my book.",2495b25e621641a59acb7fae88607cbe
spotify:track:6PEHfMbfF3yaXgaqaDaOsD,c2908202c05c4119b9af99d832f55b9b,2026-07-04T20:04:47Z,0,"My father wasn't really much for music ... the only albums in his collection were jazz ones that I think were meant to show off the effectiveness of his stereo.  Nevertheless given my strong musical curiosity at a young age Stan Getz and Ahmad Jamal were both staples of my diet, along with those cheapie super-stereo separated percussion workouts.  Anyways, ""previously unissued"" is usually for a reason.",2495b25e621641a59acb7fae88607cbe
spotify:track:6rXh1BjDeBG6u7XbYBb8yZ,c2908202c05c4119b9af99d832f55b9b,2026-07-04T20:04:47Z,1,"You had me at Galaxie 500.  I remember hunting down the Ryko box in the mid-90's at some shop across from Sounds on St. Mark's Street.  It was so mythical they had it on a high shelf behind the cash register to keep it away from sweaty hands, either begetting or perhaps feigning its rarity.  That being said ... it does pick up the pace quite a bit in the 2nd half, making its inclusion slightly suspect.",2495b25e621641a59acb7fae88607cbe
spotify:track:6sI5iV3BCtkbQ9HgHZBGFr,c2908202c05c4119b9af99d832f55b9b,2026-07-04T20:04:47Z,1,"Certainly nice enough, though it has a tough time distinguishing itself in this crowd.",2495b25e621641a59acb7fae88607cbe
spotify:track:6Thn8AOHIwPCkf2O4ZgfC2,c2908202c05c4119b9af99d832f55b9b,2026-07-04T20:04:47Z,2,"Yeah, it does have some pace to it as compared to the rest but I'm not going to ding it for that thanks to the rather haunting keys and very effective use of dreamy strings.",2495b25e621641a59acb7fae88607cbe
spotify:track:7r1Vj3cDdHihXsTqBI3bpm,c2908202c05c4119b9af99d832f55b9b,2026-07-04T20:04:47Z,1,With Mazzy Star available you picked a Hope Sandoval solo track?  Though the difference is relatively imperceptible on this track.  Them damn bells show up again ...,2495b25e621641a59acb7fae88607cbe
spotify:track:0ATJTcFVSa5XDNDXyF2JBL,fb5929c39fbe403dbcebeb3329942390,2026-07-05T11:14:55Z,3,Not really slow. But a nice song.,2495b25e621641a59acb7fae88607cbe
spotify:track:0Jq3UMSMb8Zoa5VQ08RIm3,fb5929c39fbe403dbcebeb3329942390,2026-07-05T11:14:55Z,-1,"It's allright, but it's looong, and it's a tough round.",2495b25e621641a59acb7fae88607cbe
spotify:track:1bg2efPJpbC5p3Rlq94CHx,fb5929c39fbe403dbcebeb3329942390,2026-07-05T11:14:55Z,4,"I like King Crimson, and this is good King Crimson.",2495b25e621641a59acb7fae88607cbe
spotify:track:1F48OYlwo02rYuCFZofMBU,fb5929c39fbe403dbcebeb3329942390,2026-07-05T11:14:55Z,3,Another good one.,2495b25e621641a59acb7fae88607cbe
spotify:track:1GqedBxYLb9QVdq3MKzIuY,fb5929c39fbe403dbcebeb3329942390,2026-07-05T11:14:55Z,-1,"It's a nice enough song, but this warrants the high BPM count, and get the too fast DV this round.",2495b25e621641a59acb7fae88607cbe
spotify:track:1i17Ub8xAMDMvIAJNvBmjJ,fb5929c39fbe403dbcebeb3329942390,2026-07-05T11:14:55Z,1,"I think we're supposed to like Big Star more, but this is what I got for it.",2495b25e621641a59acb7fae88607cbe
spotify:track:1ps5sx71OhHiBVmGiKQSne,fb5929c39fbe403dbcebeb3329942390,2026-07-05T11:14:55Z,5,Beautiful song from a beautiful album. Brian Eno always knew how to make not much happening happen.,2495b25e621641a59acb7fae88607cbe
spotify:track:2nkh45KtSRpDnbHXFziGpF,fb5929c39fbe403dbcebeb3329942390,2026-07-05T11:14:55Z,3,"Lush arrangement, beautiful song.",2495b25e621641a59acb7fae88607cbe
spotify:track:39DhhTWMWwtj1jN7rPhcim,fb5929c39fbe403dbcebeb3329942390,2026-07-05T11:14:55Z,3,This was a bit of a dirge. But Low managed to keep just enough heat on the stove for it to simmer properly.,2495b25e621641a59acb7fae88607cbe
spotify:track:3gBOZWulJAR1bo80ENp7Ud,fb5929c39fbe403dbcebeb3329942390,2026-07-05T11:14:55Z,-1,"Certainly fits the brief, but might be a smidge too languid and not happening. And far too long!",2495b25e621641a59acb7fae88607cbe
spotify:track:3NMw2uLT8JuXWcEKYHse1p,fb5929c39fbe403dbcebeb3329942390,2026-07-05T11:14:55Z,1,Another slooow song that lacks a bit in the stuff happening dept.,2495b25e621641a59acb7fae88607cbe
spotify:track:6dZueQyPiXXlvhSZuOQ0IY,fb5929c39fbe403dbcebeb3329942390,2026-07-05T11:14:55Z,1,"This is close to comatose, but just lively enough",2495b25e621641a59acb7fae88607cbe
spotify:track:6LGw1PA9wcTswrxHV5iOAf,fb5929c39fbe403dbcebeb3329942390,2026-07-05T11:14:55Z,-1,Another close to comatose one. There are more than two chords you know.,2495b25e621641a59acb7fae88607cbe
spotify:track:6PEHfMbfF3yaXgaqaDaOsD,fb5929c39fbe403dbcebeb3329942390,2026-07-05T11:14:55Z,3,"Beautiful, and it keeps evolving throughout the 7+ mins runtime. Take note sadcorers.",2495b25e621641a59acb7fae88607cbe
spotify:track:6rXh1BjDeBG6u7XbYBb8yZ,fb5929c39fbe403dbcebeb3329942390,2026-07-05T11:14:55Z,-1,The BPM is way off on this one. But it is pretty repetitive. And that's coming from me. The disjointed solo on the way out is not helping. Nor is the long running time.,2495b25e621641a59acb7fae88607cbe
spotify:track:6sI5iV3BCtkbQ9HgHZBGFr,fb5929c39fbe403dbcebeb3329942390,2026-07-05T11:14:55Z,2,She's good singer. The song's a little standard.,2495b25e621641a59acb7fae88607cbe
spotify:track:6Thn8AOHIwPCkf2O4ZgfC2,fb5929c39fbe403dbcebeb3329942390,2026-07-05T11:14:55Z,3,This works for me. The arrangement keeps it interesting.,2495b25e621641a59acb7fae88607cbe
spotify:track:7r1Vj3cDdHihXsTqBI3bpm,fb5929c39fbe403dbcebeb3329942390,2026-07-05T11:14:55Z,3,"Easy on the spring reverb there, Tiger.",2495b25e621641a59acb7fae88607cbe
spotify:track:3gBOZWulJAR1bo80ENp7Ud,6decab82ff3a437a886aa3d9a5999e5d,2026-07-05T13:32:29Z,4,,2495b25e621641a59acb7fae88607cbe
spotify:track:0ATJTcFVSa5XDNDXyF2JBL,6decab82ff3a437a886aa3d9a5999e5d,2026-07-05T13:32:29Z,-2,,2495b25e621641a59acb7fae88607cbe
spotify:track:1bg2efPJpbC5p3Rlq94CHx,6decab82ff3a437a886aa3d9a5999e5d,2026-07-05T13:32:29Z,-1,,2495b25e621641a59acb7fae88607cbe
spotify:track:1F48OYlwo02rYuCFZofMBU,6decab82ff3a437a886aa3d9a5999e5d,2026-07-05T13:32:29Z,3,,2495b25e621641a59acb7fae88607cbe
spotify:track:1GqedBxYLb9QVdq3MKzIuY,6decab82ff3a437a886aa3d9a5999e5d,2026-07-05T13:32:29Z,-1,,2495b25e621641a59acb7fae88607cbe
spotify:track:1i17Ub8xAMDMvIAJNvBmjJ,6decab82ff3a437a886aa3d9a5999e5d,2026-07-05T13:32:29Z,2,,2495b25e621641a59acb7fae88607cbe
spotify:track:1ps5sx71OhHiBVmGiKQSne,6decab82ff3a437a886aa3d9a5999e5d,2026-07-05T13:32:29Z,5,,2495b25e621641a59acb7fae88607cbe
spotify:track:2nkh45KtSRpDnbHXFziGpF,6decab82ff3a437a886aa3d9a5999e5d,2026-07-05T13:32:29Z,2,,2495b25e621641a59acb7fae88607cbe
spotify:track:3NMw2uLT8JuXWcEKYHse1p,6decab82ff3a437a886aa3d9a5999e5d,2026-07-05T13:32:29Z,4,,2495b25e621641a59acb7fae88607cbe
spotify:track:6dZueQyPiXXlvhSZuOQ0IY,6decab82ff3a437a886aa3d9a5999e5d,2026-07-05T13:32:29Z,2,,2495b25e621641a59acb7fae88607cbe
spotify:track:6LGw1PA9wcTswrxHV5iOAf,6decab82ff3a437a886aa3d9a5999e5d,2026-07-05T13:32:29Z,4,,2495b25e621641a59acb7fae88607cbe
spotify:track:6lhQOGlAtb5NhWNqWmxEWI,6decab82ff3a437a886aa3d9a5999e5d,2026-07-05T13:32:29Z,2,,2495b25e621641a59acb7fae88607cbe
spotify:track:6PEHfMbfF3yaXgaqaDaOsD,6decab82ff3a437a886aa3d9a5999e5d,2026-07-05T13:32:29Z,2,,2495b25e621641a59acb7fae88607cbe
spotify:track:6rXh1BjDeBG6u7XbYBb8yZ,6decab82ff3a437a886aa3d9a5999e5d,2026-07-05T13:32:29Z,1,,2495b25e621641a59acb7fae88607cbe
spotify:track:6sI5iV3BCtkbQ9HgHZBGFr,6decab82ff3a437a886aa3d9a5999e5d,2026-07-05T13:32:29Z,-1,,2495b25e621641a59acb7fae88607cbe
spotify:track:6Thn8AOHIwPCkf2O4ZgfC2,6decab82ff3a437a886aa3d9a5999e5d,2026-07-05T13:32:29Z,2,,2495b25e621641a59acb7fae88607cbe
spotify:track:7r1Vj3cDdHihXsTqBI3bpm,6decab82ff3a437a886aa3d9a5999e5d,2026-07-05T13:32:29Z,2,,2495b25e621641a59acb7fae88607cbe
spotify:track:7r1Vj3cDdHihXsTqBI3bpm,d0cb0402be7f47c9914e8de02f509f7a,2026-07-05T17:25:28Z,2,All hail our lady of slowcore.,2495b25e621641a59acb7fae88607cbe
spotify:track:6Thn8AOHIwPCkf2O4ZgfC2,d0cb0402be7f47c9914e8de02f509f7a,2026-07-05T17:25:28Z,4,"Love this one, heard it used on TV show a few years ago and had to find it immediately.  Been wanting to submit it for some time but you beat me to the slow punch.",2495b25e621641a59acb7fae88607cbe
spotify:track:6sI5iV3BCtkbQ9HgHZBGFr,d0cb0402be7f47c9914e8de02f509f7a,2026-07-05T17:25:28Z,1,Nice. I'm a sucker for brushwork on a snaredrum.,2495b25e621641a59acb7fae88607cbe
spotify:track:6rXh1BjDeBG6u7XbYBb8yZ,d0cb0402be7f47c9914e8de02f509f7a,2026-07-05T17:25:28Z,2,"Properly slow, from the time when everyone was obsess with the Velvets.",2495b25e621641a59acb7fae88607cbe
spotify:track:6PEHfMbfF3yaXgaqaDaOsD,d0cb0402be7f47c9914e8de02f509f7a,2026-07-05T17:25:28Z,2,"Soothing and soporific.  I feel asleep, thanks drowsy clown.",2495b25e621641a59acb7fae88607cbe
spotify:track:6lhQOGlAtb5NhWNqWmxEWI,d0cb0402be7f47c9914e8de02f509f7a,2026-07-05T17:25:28Z,2,Appeals to my guitar prog rock sensibilities. ,2495b25e621641a59acb7fae88607cbe
spotify:track:6LGw1PA9wcTswrxHV5iOAf,d0cb0402be7f47c9914e8de02f509f7a,2026-07-05T17:25:28Z,2,"But it sounds like 1994 to me, and that's a good thing. ",2495b25e621641a59acb7fae88607cbe
spotify:track:6dZueQyPiXXlvhSZuOQ0IY,d0cb0402be7f47c9914e8de02f509f7a,2026-07-05T17:25:28Z,3,"I like her voice, proper emotional quality. ",2495b25e621641a59acb7fae88607cbe
spotify:track:3NMw2uLT8JuXWcEKYHse1p,d0cb0402be7f47c9914e8de02f509f7a,2026-07-05T17:25:28Z,-2,Even for a slow song round this just plods on.,2495b25e621641a59acb7fae88607cbe
spotify:track:0Jq3UMSMb8Zoa5VQ08RIm3,d0cb0402be7f47c9914e8de02f509f7a,2026-07-05T17:25:28Z,2,It feels slow. Break up anger disguised as love ballad. Its good but I wouldn't seek it out again.,2495b25e621641a59acb7fae88607cbe
spotify:track:0ATJTcFVSa5XDNDXyF2JBL,d0cb0402be7f47c9914e8de02f509f7a,2026-07-05T17:25:28Z,2,"Hmm, more on the fast side of slow. Interesting enough, I like the foreboding chord progression and build.",2495b25e621641a59acb7fae88607cbe
spotify:track:3gBOZWulJAR1bo80ENp7Ud,d0cb0402be7f47c9914e8de02f509f7a,2026-07-05T17:25:28Z,3,Better on repeat listens. ,2495b25e621641a59acb7fae88607cbe
spotify:track:39DhhTWMWwtj1jN7rPhcim,d0cb0402be7f47c9914e8de02f509f7a,2026-07-05T17:25:28Z,2,"Expected Low to be here, this is great ",2495b25e621641a59acb7fae88607cbe
spotify:track:2nkh45KtSRpDnbHXFziGpF,d0cb0402be7f47c9914e8de02f509f7a,2026-07-05T17:25:28Z,-1,"Apologies, doesn't deserve dv.",2495b25e621641a59acb7fae88607cbe
spotify:track:1ps5sx71OhHiBVmGiKQSne,d0cb0402be7f47c9914e8de02f509f7a,2026-07-05T17:25:28Z,3,My 'nads were lukewarm and this brought them down to cool temperature.,2495b25e621641a59acb7fae88607cbe
spotify:track:1i17Ub8xAMDMvIAJNvBmjJ,d0cb0402be7f47c9914e8de02f509f7a,2026-07-05T17:25:28Z,2,Properly slow and a less well known Big Star song. Throw in some dour cello...I like it.,2495b25e621641a59acb7fae88607cbe
spotify:track:1F48OYlwo02rYuCFZofMBU,d0cb0402be7f47c9914e8de02f509f7a,2026-07-05T17:25:28Z,-2,"It starts with a fast metronome like sound. Again, I think the sustained notes of the vocals give it a slowish feels. Tough round,  doesn't deserve downvotes.",2495b25e621641a59acb7fae88607cbe
spotify:track:1bg2efPJpbC5p3Rlq94CHx,d0cb0402be7f47c9914e8de02f509f7a,2026-07-05T17:25:28Z,3,"Feel a little fast, but long sustained vocal notes gives it a slow feel. This is appealing.",2495b25e621641a59acb7fae88607cbe
spotify:track:3NMw2uLT8JuXWcEKYHse1p,62a98fc6d1b84e52b5f885d92cb59725,2026-07-06T08:41:24Z,1,"I must have listened to them years ago, but I haven’t thought about Codeine in 20 years. This is exactly what I thought they would sound like. It’s OK. ",2495b25e621641a59acb7fae88607cbe
spotify:track:0ATJTcFVSa5XDNDXyF2JBL,62a98fc6d1b84e52b5f885d92cb59725,2026-07-06T08:41:24Z,1,Is this slow? I like it though. ,2495b25e621641a59acb7fae88607cbe
spotify:track:1bg2efPJpbC5p3Rlq94CHx,62a98fc6d1b84e52b5f885d92cb59725,2026-07-06T08:41:24Z,2,Mid paced? I like it. ,2495b25e621641a59acb7fae88607cbe
spotify:track:1F48OYlwo02rYuCFZofMBU,62a98fc6d1b84e52b5f885d92cb59725,2026-07-06T08:41:24Z,-1,"Don’t think it’s particularly slow. It’s OK, but I’m struggling to find downvotes. ",2495b25e621641a59acb7fae88607cbe
spotify:track:1GqedBxYLb9QVdq3MKzIuY,62a98fc6d1b84e52b5f885d92cb59725,2026-07-06T08:41:24Z,-2,"It might be me because this
Is happening on every song on the playlist, but this doesn’t feel that slow to me. I also don’t like it. ",2495b25e621641a59acb7fae88607cbe
spotify:track:1i17Ub8xAMDMvIAJNvBmjJ,62a98fc6d1b84e52b5f885d92cb59725,2026-07-06T08:41:24Z,5,Now this is slow. And it’s fantastic. ,2495b25e621641a59acb7fae88607cbe
spotify:track:1ps5sx71OhHiBVmGiKQSne,62a98fc6d1b84e52b5f885d92cb59725,2026-07-06T08:41:24Z,2,The hot salty gonads gave me a bit of a jump scare reading the comment. This is very nice. And slow. ,2495b25e621641a59acb7fae88607cbe
spotify:track:2nkh45KtSRpDnbHXFziGpF,62a98fc6d1b84e52b5f885d92cb59725,2026-07-06T08:41:24Z,2,I don’t really know what slow means any more. I think this is probably slow. Very pleasant. ,2495b25e621641a59acb7fae88607cbe
spotify:track:39DhhTWMWwtj1jN7rPhcim,62a98fc6d1b84e52b5f885d92cb59725,2026-07-06T08:41:24Z,5,"Low had to make an appearance in this round, didn’t they? It’s worked though, have loads of points. ",2495b25e621641a59acb7fae88607cbe
spotify:track:3gBOZWulJAR1bo80ENp7Ud,62a98fc6d1b84e52b5f885d92cb59725,2026-07-06T08:41:24Z,3,"“A bit” long. It’s good, and I can’t tell whether anything is slow any more. ",2495b25e621641a59acb7fae88607cbe
spotify:track:6dZueQyPiXXlvhSZuOQ0IY,62a98fc6d1b84e52b5f885d92cb59725,2026-07-06T08:41:24Z,2,Is this slow? Who knows? It’s good. ,2495b25e621641a59acb7fae88607cbe
spotify:track:6LGw1PA9wcTswrxHV5iOAf,62a98fc6d1b84e52b5f885d92cb59725,2026-07-06T08:41:24Z,1,"Almost downvoted, but it grew on me. ",2495b25e621641a59acb7fae88607cbe
spotify:track:6lhQOGlAtb5NhWNqWmxEWI,62a98fc6d1b84e52b5f885d92cb59725,2026-07-06T08:41:24Z,4,"Definitely slow, and I really like this. ",2495b25e621641a59acb7fae88607cbe
spotify:track:6PEHfMbfF3yaXgaqaDaOsD,62a98fc6d1b84e52b5f885d92cb59725,2026-07-06T08:41:24Z,1,"There can be no arguments about the slowness. I wouldn’t want to listen to too much of this, but I can enjoy 7 minutes or so of it. ",2495b25e621641a59acb7fae88607cbe
spotify:track:6rXh1BjDeBG6u7XbYBb8yZ,62a98fc6d1b84e52b5f885d92cb59725,2026-07-06T08:41:24Z,2,"Love Yoko, Love Galaxie 500, but I’m sitting here listening to a fast song on a slow playlist, so I think I’m going to have to reluctantly knock off several votes, even though it might be my favourite in the list. ",2495b25e621641a59acb7fae88607cbe
spotify:track:6sI5iV3BCtkbQ9HgHZBGFr,62a98fc6d1b84e52b5f885d92cb59725,2026-07-06T08:41:24Z,-2,"I really really love the Steve Earle original, and I find Eddi’s slightly weird phrasing on this very off putting. ",2495b25e621641a59acb7fae88607cbe
spotify:track:6Thn8AOHIwPCkf2O4ZgfC2,62a98fc6d1b84e52b5f885d92cb59725,2026-07-06T08:41:24Z,2,"Bounces along in a not very slow way, but it’s great, so it has to get point or two. ",2495b25e621641a59acb7fae88607cbe
spotify:track:7r1Vj3cDdHihXsTqBI3bpm,62a98fc6d1b84e52b5f885d92cb59725,2026-07-06T08:41:24Z,2,It’s slow. ,2495b25e621641a59acb7fae88607cbe
spotify:track:0ATJTcFVSa5XDNDXyF2JBL,467b385bee164547a603d728685f182f,2026-07-06T08:56:12Z,2,,2495b25e621641a59acb7fae88607cbe
spotify:track:0Jq3UMSMb8Zoa5VQ08RIm3,467b385bee164547a603d728685f182f,2026-07-06T08:56:12Z,2,,2495b25e621641a59acb7fae88607cbe
spotify:track:1bg2efPJpbC5p3Rlq94CHx,467b385bee164547a603d728685f182f,2026-07-06T08:56:12Z,7,,2495b25e621641a59acb7fae88607cbe
spotify:track:1F48OYlwo02rYuCFZofMBU,467b385bee164547a603d728685f182f,2026-07-06T08:56:12Z,2,,2495b25e621641a59acb7fae88607cbe
spotify:track:1GqedBxYLb9QVdq3MKzIuY,467b385bee164547a603d728685f182f,2026-07-06T08:56:12Z,2,,2495b25e621641a59acb7fae88607cbe
spotify:track:1i17Ub8xAMDMvIAJNvBmjJ,467b385bee164547a603d728685f182f,2026-07-06T08:56:12Z,-1,,2495b25e621641a59acb7fae88607cbe
spotify:track:1ps5sx71OhHiBVmGiKQSne,467b385bee164547a603d728685f182f,2026-07-06T08:56:12Z,7,,2495b25e621641a59acb7fae88607cbe
spotify:track:2nkh45KtSRpDnbHXFziGpF,467b385bee164547a603d728685f182f,2026-07-06T08:56:12Z,-1,,2495b25e621641a59acb7fae88607cbe
spotify:track:39DhhTWMWwtj1jN7rPhcim,467b385bee164547a603d728685f182f,2026-07-06T08:56:12Z,-1,,2495b25e621641a59acb7fae88607cbe
spotify:track:3NMw2uLT8JuXWcEKYHse1p,467b385bee164547a603d728685f182f,2026-07-06T08:56:12Z,2,,2495b25e621641a59acb7fae88607cbe
spotify:track:6LGw1PA9wcTswrxHV5iOAf,467b385bee164547a603d728685f182f,2026-07-06T08:56:12Z,2,,2495b25e621641a59acb7fae88607cbe
spotify:track:6lhQOGlAtb5NhWNqWmxEWI,467b385bee164547a603d728685f182f,2026-07-06T08:56:12Z,1,,2495b25e621641a59acb7fae88607cbe
spotify:track:6PEHfMbfF3yaXgaqaDaOsD,467b385bee164547a603d728685f182f,2026-07-06T08:56:12Z,7,,2495b25e621641a59acb7fae88607cbe
spotify:track:6rXh1BjDeBG6u7XbYBb8yZ,467b385bee164547a603d728685f182f,2026-07-06T08:56:12Z,-1,,2495b25e621641a59acb7fae88607cbe
spotify:track:6sI5iV3BCtkbQ9HgHZBGFr,467b385bee164547a603d728685f182f,2026-07-06T08:56:12Z,-1,,2495b25e621641a59acb7fae88607cbe
spotify:track:6Thn8AOHIwPCkf2O4ZgfC2,467b385bee164547a603d728685f182f,2026-07-06T08:56:12Z,1,,2495b25e621641a59acb7fae88607cbe
spotify:track:6Thn8AOHIwPCkf2O4ZgfC2,f269e66e73e246549e5c314009da035e,2026-07-06T11:49:45Z,-1,"Not very slow, and stretched a bit thin for my taste.",2495b25e621641a59acb7fae88607cbe
spotify:track:0ATJTcFVSa5XDNDXyF2JBL,f269e66e73e246549e5c314009da035e,2026-07-06T11:49:45Z,1,"Mid-speed, not bad, but not really doing much for me. ",2495b25e621641a59acb7fae88607cbe
spotify:track:0Jq3UMSMb8Zoa5VQ08RIm3,f269e66e73e246549e5c314009da035e,2026-07-06T11:49:45Z,1,"Feels like something I might have heard in my 70s childhood (production aside), which makes me feel a bit nostalgic about it even though I’ve never heard it before. However, I believe harmonica to be the devil's instrument, and it does linger on a bit too much.",2495b25e621641a59acb7fae88607cbe
spotify:track:1bg2efPJpbC5p3Rlq94CHx,f269e66e73e246549e5c314009da035e,2026-07-06T11:49:45Z,-2,"I don't like to give double DVs, but by the third time this came around, I really didn't want to hear it any more, and it's pretty mid-speed to me. Perversely, I think I'd prefer the longer version, from what I've just read about the journey of this song. ",2495b25e621641a59acb7fae88607cbe
spotify:track:1F48OYlwo02rYuCFZofMBU,f269e66e73e246549e5c314009da035e,2026-07-06T11:49:45Z,2,"I listened to this before reading your notes, and was thinking it had some Sinead about it! She's a compelling vocalist. Stark and quite thrilling but not very slow, if it was, there would be more points.",2495b25e621641a59acb7fae88607cbe
spotify:track:1GqedBxYLb9QVdq3MKzIuY,f269e66e73e246549e5c314009da035e,2026-07-06T11:49:45Z,-1,"Not bad, very chill, but (sigh) not very slow.",2495b25e621641a59acb7fae88607cbe
spotify:track:1i17Ub8xAMDMvIAJNvBmjJ,f269e66e73e246549e5c314009da035e,2026-07-06T11:49:45Z,3,"In which Alex is Not OK. It's surprising we haven't had them before - just one rather dodgy Chilton song. A classic, well-known for sure, but it's a good one for the round, and spectacularly miserable.",2495b25e621641a59acb7fae88607cbe
spotify:track:1ps5sx71OhHiBVmGiKQSne,f269e66e73e246549e5c314009da035e,2026-07-06T11:49:45Z,2,"Finally, a laugh (for the salty gonads). Ambient is good for this round as it often has no discernible tempo at all. This stuff really works best at album length, but we can't do that here, and I also have to say this is far from his best work (maybe it's Roger's fault, I take my Brian straight). So it's a 2.",2495b25e621641a59acb7fae88607cbe
spotify:track:2nkh45KtSRpDnbHXFziGpF,f269e66e73e246549e5c314009da035e,2026-07-06T11:49:45Z,-1,"This lass is a local, and played at the pub round the corner from me just a couple of months ago. I didn't go, cos I didn't know who she was, and alas, I'm finding this just a blink away from unpleasant pop ballad schmaltz. Sorry Tulliah.",2495b25e621641a59acb7fae88607cbe
spotify:track:39DhhTWMWwtj1jN7rPhcim,f269e66e73e246549e5c314009da035e,2026-07-06T11:49:45Z,3,"A fish-in-a-barrel choice, maybe, but who can begrudge having Low in this round? They were one of a few bands who educated me in the beauty of slowness, and it still makes me a bit sad, thinking how these two voices can never harmonise again. ",2495b25e621641a59acb7fae88607cbe
spotify:track:3gBOZWulJAR1bo80ENp7Ud,f269e66e73e246549e5c314009da035e,2026-07-06T11:49:45Z,3,"Post-rock lives here. I do like this, even though it spends six minutes in deep-sea drift mode before turning into something like Tortoise. It is, for the most part, pretty slow. Well done.",2495b25e621641a59acb7fae88607cbe
spotify:track:3NMw2uLT8JuXWcEKYHse1p,f269e66e73e246549e5c314009da035e,2026-07-06T11:49:45Z,0,"Ooh I forgot to warn about the quiet-loud thing, sorry about the sudden lunge for the volume control. I think the couplet ""And as I walk back / I feel the moon against my neck"" is just beautiful, dodgy rhyme and all - and they really should have ended the song there.",2495b25e621641a59acb7fae88607cbe
spotify:track:6dZueQyPiXXlvhSZuOQ0IY,f269e66e73e246549e5c314009da035e,2026-07-06T11:49:45Z,5,"Said it before, will say it again: sometimes all you need is a voice, intelligent heartfelt words, an instrument, and a sensitive recording. Gorgeous.",2495b25e621641a59acb7fae88607cbe
spotify:track:6LGw1PA9wcTswrxHV5iOAf,f269e66e73e246549e5c314009da035e,2026-07-06T11:49:45Z,4,"The grower of the round for me, all the right stuff is here, pulled together in an interesting way. It’s not stunningly original but that's fine. Somehow nails a feel which is melancholy without heaviness.",2495b25e621641a59acb7fae88607cbe
spotify:track:6lhQOGlAtb5NhWNqWmxEWI,f269e66e73e246549e5c314009da035e,2026-07-06T11:49:45Z,4,"Ooh, thrilled to see Tape here, I enjoyed a lot of the stuff on their label Häpna back in the early years of the century. The kind of music that stays very chill but totally engaging at the same time just by keeping busy with little shifts of texture. ",2495b25e621641a59acb7fae88607cbe
spotify:track:6PEHfMbfF3yaXgaqaDaOsD,f269e66e73e246549e5c314009da035e,2026-07-06T11:49:45Z,1,"Did not exactly love this, but it fits the bill, I felt almost comatose by the end.",2495b25e621641a59acb7fae88607cbe
spotify:track:6rXh1BjDeBG6u7XbYBb8yZ,f269e66e73e246549e5c314009da035e,2026-07-06T11:49:45Z,1,"Galaxie 500 are supposed to have influenced many bands I loved, yet Wareham’s voice has always rubbed me up the wrong way. So you’ve chosen well here with a Naomi-sung one - but it's not exactly at ease with its opening cruisey pace.",2495b25e621641a59acb7fae88607cbe
spotify:track:6sI5iV3BCtkbQ9HgHZBGFr,f269e66e73e246549e5c314009da035e,2026-07-06T11:49:45Z,3,"Scene: sitting in a cozy pub in winter, with a pint of stout and crackling fireplace, and Eddi sitting on a small stage. Simple but effective.",2495b25e621641a59acb7fae88607cbe
spotify:track:7r1Vj3cDdHihXsTqBI3bpm,f269e66e73e246549e5c314009da035e,2026-07-06T11:49:45Z,2,"She sings in the voice you have when you’ve just been woken up and are still sorting out dreams from reality. As a bread-lover, I got a bit distracted investigating the album’s eponymous loaf. Maybe it’s hutzelbrot, maybe kletzenbrot, all sounds good. Anyway, this is a pleasant downstream drift. ",2495b25e621641a59acb7fae88607cbe
spotify:track:3gBOZWulJAR1bo80ENp7Ud,01544fd12f414dadbc9bce3599e03c0b,2026-07-06T12:07:07Z,-1,It was too long and I was bored by the end. No arguments about A and An here. Downvoted with apologies. ,2495b25e621641a59acb7fae88607cbe
spotify:track:0ATJTcFVSa5XDNDXyF2JBL,01544fd12f414dadbc9bce3599e03c0b,2026-07-06T12:07:07Z,3,New band to me. Enjoyed it. Do they call him Mellow Yellow? I wanted to sing that all the way through. ,2495b25e621641a59acb7fae88607cbe
spotify:track:0Jq3UMSMb8Zoa5VQ08RIm3,01544fd12f414dadbc9bce3599e03c0b,2026-07-06T12:07:07Z,1,I didn't hate it. I wasn't mad about it. Have a point. ,2495b25e621641a59acb7fae88607cbe
spotify:track:1bg2efPJpbC5p3Rlq94CHx,01544fd12f414dadbc9bce3599e03c0b,2026-07-06T12:07:07Z,0,"Mood Setter. Hmmm, I think I know what you mean. This is a bit ""I'm gonna lay you down by the fire"" alright. I didn't care for it much. ",2495b25e621641a59acb7fae88607cbe
spotify:track:1GqedBxYLb9QVdq3MKzIuY,01544fd12f414dadbc9bce3599e03c0b,2026-07-06T12:07:07Z,7,I really enjoyed this. Will investigate further. ,2495b25e621641a59acb7fae88607cbe
spotify:track:1i17Ub8xAMDMvIAJNvBmjJ,01544fd12f414dadbc9bce3599e03c0b,2026-07-06T12:07:07Z,0,A little too soporofic for me...,2495b25e621641a59acb7fae88607cbe
spotify:track:1ps5sx71OhHiBVmGiKQSne,01544fd12f414dadbc9bce3599e03c0b,2026-07-06T12:07:07Z,2,"This was nice, if a little aimless. Salty Gonads makes me wonder if this is one of our lady members going for the O'Hara gambit. ",2495b25e621641a59acb7fae88607cbe
spotify:track:2nkh45KtSRpDnbHXFziGpF,01544fd12f414dadbc9bce3599e03c0b,2026-07-06T12:07:07Z,7,Yeah this was lovely. ,2495b25e621641a59acb7fae88607cbe
spotify:track:39DhhTWMWwtj1jN7rPhcim,01544fd12f414dadbc9bce3599e03c0b,2026-07-06T12:07:07Z,1,"I like Low, who doesn't, but this was only ok. ",2495b25e621641a59acb7fae88607cbe
spotify:track:3NMw2uLT8JuXWcEKYHse1p,01544fd12f414dadbc9bce3599e03c0b,2026-07-06T12:07:07Z,2,I think I would enjoy this more live than on record. It is decent though. ,2495b25e621641a59acb7fae88607cbe
spotify:track:6dZueQyPiXXlvhSZuOQ0IY,01544fd12f414dadbc9bce3599e03c0b,2026-07-06T12:07:07Z,2,My mother loves Robins for this reason...,2495b25e621641a59acb7fae88607cbe
spotify:track:6LGw1PA9wcTswrxHV5iOAf,01544fd12f414dadbc9bce3599e03c0b,2026-07-06T12:07:07Z,1,"I wouldn't choose to listen to this but it was ok, I suppose. ",2495b25e621641a59acb7fae88607cbe
spotify:track:6lhQOGlAtb5NhWNqWmxEWI,01544fd12f414dadbc9bce3599e03c0b,2026-07-06T12:07:07Z,-1,Didn't do it for me. You couldn't claim that it isn't slow though.  Downvoted with apologies. ,2495b25e621641a59acb7fae88607cbe
spotify:track:6PEHfMbfF3yaXgaqaDaOsD,01544fd12f414dadbc9bce3599e03c0b,2026-07-06T12:07:07Z,-2,Lacks Indie. Just not my thing. Downvoted with apologies. ,2495b25e621641a59acb7fae88607cbe
spotify:track:6rXh1BjDeBG6u7XbYBb8yZ,01544fd12f414dadbc9bce3599e03c0b,2026-07-06T12:07:07Z,2,Big Galaxie fan here and I know this well but I don't especially like it - Her voice is so weak. ,2495b25e621641a59acb7fae88607cbe
spotify:track:6sI5iV3BCtkbQ9HgHZBGFr,01544fd12f414dadbc9bce3599e03c0b,2026-07-06T12:07:07Z,2,Not bad - She has a terrific voice. ,2495b25e621641a59acb7fae88607cbe
spotify:track:6Thn8AOHIwPCkf2O4ZgfC2,01544fd12f414dadbc9bce3599e03c0b,2026-07-06T12:07:07Z,5,There are some songs that suit a late night drive on an empty motorway I agree. I like this a lot. ,2495b25e621641a59acb7fae88607cbe
spotify:track:7r1Vj3cDdHihXsTqBI3bpm,01544fd12f414dadbc9bce3599e03c0b,2026-07-06T12:07:07Z,-1,Not getting anything from this. Downvoted with apologies. ,2495b25e621641a59acb7fae88607cbe
spotify:track:7r1Vj3cDdHihXsTqBI3bpm,eda607c11bad4f2087be16a53e4d90b5,2026-07-06T12:14:12Z,3,,2495b25e621641a59acb7fae88607cbe
spotify:track:6Thn8AOHIwPCkf2O4ZgfC2,eda607c11bad4f2087be16a53e4d90b5,2026-07-06T12:14:12Z,3,,2495b25e621641a59acb7fae88607cbe
spotify:track:6sI5iV3BCtkbQ9HgHZBGFr,eda607c11bad4f2087be16a53e4d90b5,2026-07-06T12:14:12Z,-1,,2495b25e621641a59acb7fae88607cbe
spotify:track:6PEHfMbfF3yaXgaqaDaOsD,eda607c11bad4f2087be16a53e4d90b5,2026-07-06T12:14:12Z,5,,2495b25e621641a59acb7fae88607cbe
spotify:track:6lhQOGlAtb5NhWNqWmxEWI,eda607c11bad4f2087be16a53e4d90b5,2026-07-06T12:14:12Z,1,,2495b25e621641a59acb7fae88607cbe
spotify:track:6LGw1PA9wcTswrxHV5iOAf,eda607c11bad4f2087be16a53e4d90b5,2026-07-06T12:14:12Z,-1,,2495b25e621641a59acb7fae88607cbe
spotify:track:6dZueQyPiXXlvhSZuOQ0IY,eda607c11bad4f2087be16a53e4d90b5,2026-07-06T12:14:12Z,-2,,2495b25e621641a59acb7fae88607cbe
spotify:track:3NMw2uLT8JuXWcEKYHse1p,eda607c11bad4f2087be16a53e4d90b5,2026-07-06T12:14:12Z,2,,2495b25e621641a59acb7fae88607cbe
spotify:track:3gBOZWulJAR1bo80ENp7Ud,eda607c11bad4f2087be16a53e4d90b5,2026-07-06T12:14:12Z,-1,,2495b25e621641a59acb7fae88607cbe
spotify:track:39DhhTWMWwtj1jN7rPhcim,eda607c11bad4f2087be16a53e4d90b5,2026-07-06T12:14:12Z,2,,2495b25e621641a59acb7fae88607cbe
spotify:track:2nkh45KtSRpDnbHXFziGpF,eda607c11bad4f2087be16a53e4d90b5,2026-07-06T12:14:12Z,3,,2495b25e621641a59acb7fae88607cbe
spotify:track:1ps5sx71OhHiBVmGiKQSne,eda607c11bad4f2087be16a53e4d90b5,2026-07-06T12:14:12Z,3,,2495b25e621641a59acb7fae88607cbe
spotify:track:1i17Ub8xAMDMvIAJNvBmjJ,eda607c11bad4f2087be16a53e4d90b5,2026-07-06T12:14:12Z,2,,2495b25e621641a59acb7fae88607cbe
spotify:track:1GqedBxYLb9QVdq3MKzIuY,eda607c11bad4f2087be16a53e4d90b5,2026-07-06T12:14:12Z,1,,2495b25e621641a59acb7fae88607cbe
spotify:track:1F48OYlwo02rYuCFZofMBU,eda607c11bad4f2087be16a53e4d90b5,2026-07-06T12:14:12Z,2,,2495b25e621641a59acb7fae88607cbe
spotify:track:1bg2efPJpbC5p3Rlq94CHx,eda607c11bad4f2087be16a53e4d90b5,2026-07-06T12:14:12Z,4,Dylan Thomas lift for the lyric loved this. ,2495b25e621641a59acb7fae88607cbe
spotify:track:0Jq3UMSMb8Zoa5VQ08RIm3,eda607c11bad4f2087be16a53e4d90b5,2026-07-06T12:14:12Z,2,,2495b25e621641a59acb7fae88607cbe
spotify:track:0ATJTcFVSa5XDNDXyF2JBL,eda607c11bad4f2087be16a53e4d90b5,2026-07-06T12:14:12Z,2,Bass is great on this. ,2495b25e621641a59acb7fae88607cbe
spotify:track:0ATJTcFVSa5XDNDXyF2JBL,23e53d1a01404849826a9ac7d1d28b27,2026-07-06T16:39:01Z,2,"Lovely. Had to look up the meaning of Kinema. A soybean food from the Himalayas apparently, or the ancient spelling of ""Cinema"". 2 points",2495b25e621641a59acb7fae88607cbe
spotify:track:0Jq3UMSMb8Zoa5VQ08RIm3,23e53d1a01404849826a9ac7d1d28b27,2026-07-06T16:39:01Z,2,A lovely song..,2495b25e621641a59acb7fae88607cbe
spotify:track:1bg2efPJpbC5p3Rlq94CHx,23e53d1a01404849826a9ac7d1d28b27,2026-07-06T16:39:01Z,2,The description says it all. A lovely song,2495b25e621641a59acb7fae88607cbe
spotify:track:1F48OYlwo02rYuCFZofMBU,23e53d1a01404849826a9ac7d1d28b27,2026-07-06T16:39:01Z,3,Nice mood,2495b25e621641a59acb7fae88607cbe
spotify:track:1GqedBxYLb9QVdq3MKzIuY,23e53d1a01404849826a9ac7d1d28b27,2026-07-06T16:39:01Z,1,"Really nice song. It's slow, but also has a pacy rhythm to it, so I deduct a point for that",2495b25e621641a59acb7fae88607cbe
spotify:track:1i17Ub8xAMDMvIAJNvBmjJ,23e53d1a01404849826a9ac7d1d28b27,2026-07-06T16:39:01Z,-1,"Sorry for the negative point, but it was a struggle this round, and I didn't love this",2495b25e621641a59acb7fae88607cbe
spotify:track:1ps5sx71OhHiBVmGiKQSne,23e53d1a01404849826a9ac7d1d28b27,2026-07-06T16:39:01Z,2,Lovely,2495b25e621641a59acb7fae88607cbe
spotify:track:2nkh45KtSRpDnbHXFziGpF,23e53d1a01404849826a9ac7d1d28b27,2026-07-06T16:39:01Z,4,Love this,2495b25e621641a59acb7fae88607cbe
spotify:track:39DhhTWMWwtj1jN7rPhcim,23e53d1a01404849826a9ac7d1d28b27,2026-07-06T16:39:01Z,2,"Well known, but fits the bill of this round",2495b25e621641a59acb7fae88607cbe
spotify:track:3gBOZWulJAR1bo80ENp7Ud,23e53d1a01404849826a9ac7d1d28b27,2026-07-06T16:39:01Z,-1,"Sorry, had to put negative points somewhere, and just didn't click with this one. I'm super busy at work these days, perhaps in a different state of mind, I would love this. I don't know. Sorry again!",2495b25e621641a59acb7fae88607cbe
spotify:track:3NMw2uLT8JuXWcEKYHse1p,23e53d1a01404849826a9ac7d1d28b27,2026-07-06T16:39:01Z,2,Haha. Love the comments in the description. 2 points,2495b25e621641a59acb7fae88607cbe
spotify:track:6dZueQyPiXXlvhSZuOQ0IY,23e53d1a01404849826a9ac7d1d28b27,2026-07-06T16:39:01Z,3,"Love this song, love birds, 3 points!",2495b25e621641a59acb7fae88607cbe
spotify:track:6LGw1PA9wcTswrxHV5iOAf,23e53d1a01404849826a9ac7d1d28b27,2026-07-06T16:39:01Z,4,Great song. A nice discovery for me personally.,2495b25e621641a59acb7fae88607cbe
spotify:track:6lhQOGlAtb5NhWNqWmxEWI,23e53d1a01404849826a9ac7d1d28b27,2026-07-06T16:39:01Z,2,Nice,2495b25e621641a59acb7fae88607cbe
spotify:track:6PEHfMbfF3yaXgaqaDaOsD,23e53d1a01404849826a9ac7d1d28b27,2026-07-06T16:39:01Z,3,I love it.,2495b25e621641a59acb7fae88607cbe
spotify:track:6rXh1BjDeBG6u7XbYBb8yZ,23e53d1a01404849826a9ac7d1d28b27,2026-07-06T16:39:01Z,-1,"Didn't feel this one, nice enough, but I have to allocate negative points somewhere, really sorry.",2495b25e621641a59acb7fae88607cbe
spotify:track:6Thn8AOHIwPCkf2O4ZgfC2,23e53d1a01404849826a9ac7d1d28b27,2026-07-06T16:39:01Z,-2,"Just didn't get on with this, really sorry.",2495b25e621641a59acb7fae88607cbe
spotify:track:7r1Vj3cDdHihXsTqBI3bpm,23e53d1a01404849826a9ac7d1d28b27,2026-07-06T16:39:01Z,3,"Mazzy Star were one of my key bands, growing up. Don't listen so much anymore, but know this well, always amazing to hear it again. ",2495b25e621641a59acb7fae88607cbe
spotify:track:0ATJTcFVSa5XDNDXyF2JBL,a28a4930e9644a559d47cb1459c2c0a3,2026-07-06T18:35:24Z,2,"Super cool changeup in this one, though I liked the first half more than the second.",2495b25e621641a59acb7fae88607cbe
spotify:track:0Jq3UMSMb8Zoa5VQ08RIm3,a28a4930e9644a559d47cb1459c2c0a3,2026-07-06T18:35:24Z,2,"It doesn't really distinguish itself for me, but I did enjoy the listen",2495b25e621641a59acb7fae88607cbe
spotify:track:1bg2efPJpbC5p3Rlq94CHx,a28a4930e9644a559d47cb1459c2c0a3,2026-07-06T18:35:24Z,-2,DV with apologies.... although Prog rock is never my sweet spot. it was such a strong week though.,2495b25e621641a59acb7fae88607cbe
spotify:track:1F48OYlwo02rYuCFZofMBU,a28a4930e9644a559d47cb1459c2c0a3,2026-07-06T18:35:24Z,2,"There are a couple moments where the vocals soar a little too high, but overall this is lovely.",2495b25e621641a59acb7fae88607cbe
spotify:track:1GqedBxYLb9QVdq3MKzIuY,a28a4930e9644a559d47cb1459c2c0a3,2026-07-06T18:35:24Z,4,"Well described, and well chosen. Quiet and steady done right.",2495b25e621641a59acb7fae88607cbe
spotify:track:1i17Ub8xAMDMvIAJNvBmjJ,a28a4930e9644a559d47cb1459c2c0a3,2026-07-06T18:35:24Z,0,A band I have somehow failed to explore as well as I should. This is a little unexpected from the couple other songs I have heard.,2495b25e621641a59acb7fae88607cbe
spotify:track:1ps5sx71OhHiBVmGiKQSne,a28a4930e9644a559d47cb1459c2c0a3,2026-07-06T18:35:24Z,1,"Ambient with just a whiff of new age, but done so well. Would fare much better, but this was a very strong week for me.",2495b25e621641a59acb7fae88607cbe
spotify:track:2nkh45KtSRpDnbHXFziGpF,a28a4930e9644a559d47cb1459c2c0a3,2026-07-06T18:35:24Z,4,"This was absolutely delightful. Verging on poppy, but just so pretty.",2495b25e621641a59acb7fae88607cbe
spotify:track:39DhhTWMWwtj1jN7rPhcim,a28a4930e9644a559d47cb1459c2c0a3,2026-07-06T18:35:24Z,-2,"The DV pains me, especially as this is the only band on the roster this week I have actually paid to see. I did not mind this song at all, but I liked the rest of this week's selections more.",2495b25e621641a59acb7fae88607cbe
spotify:track:3gBOZWulJAR1bo80ENp7Ud,a28a4930e9644a559d47cb1459c2c0a3,2026-07-06T18:35:24Z,4,"I'm guilty of penalizing tracks over a certain length, but this was so cool. Felt like I got several songs for the price of one. The wife was just as drawn in, listening as we did on a hazy Sunday afternoon.",2495b25e621641a59acb7fae88607cbe
spotify:track:3NMw2uLT8JuXWcEKYHse1p,a28a4930e9644a559d47cb1459c2c0a3,2026-07-06T18:35:24Z,2,This is the sound of the 90's,2495b25e621641a59acb7fae88607cbe
spotify:track:6dZueQyPiXXlvhSZuOQ0IY,a28a4930e9644a559d47cb1459c2c0a3,2026-07-06T18:35:24Z,3,Another strong play this week. The wife even Shazam'd it for future reference even though I read the credentials as it played.,2495b25e621641a59acb7fae88607cbe
spotify:track:6LGw1PA9wcTswrxHV5iOAf,a28a4930e9644a559d47cb1459c2c0a3,2026-07-06T18:35:24Z,3,"Shoegazey, but with audible vocals! Thank you submitter!",2495b25e621641a59acb7fae88607cbe
spotify:track:6lhQOGlAtb5NhWNqWmxEWI,a28a4930e9644a559d47cb1459c2c0a3,2026-07-06T18:35:24Z,3,"The mention of prog rock did give me a pause when this one came on, but it was all good. This was good",2495b25e621641a59acb7fae88607cbe
spotify:track:6PEHfMbfF3yaXgaqaDaOsD,a28a4930e9644a559d47cb1459c2c0a3,2026-07-06T18:35:24Z,3,"Gorgeous. Stan Getz and Chet Baker are the two horn players that always stand out to me for their beautifully soft tone. I don't think I had heard this before, and it sneaks up on you with the uncommon-for-slow-jazz electro-effects.",2495b25e621641a59acb7fae88607cbe
spotify:track:6rXh1BjDeBG6u7XbYBb8yZ,a28a4930e9644a559d47cb1459c2c0a3,2026-07-06T18:35:24Z,1,"I wanted to like this one more....  don't get me wrong, I liked it well enough, just not quite as well as some of the other options this week.",2495b25e621641a59acb7fae88607cbe
spotify:track:6sI5iV3BCtkbQ9HgHZBGFr,a28a4930e9644a559d47cb1459c2c0a3,2026-07-06T18:35:24Z,-1,A sweet song that didn't stand out this week. DVWA,2495b25e621641a59acb7fae88607cbe
spotify:track:7r1Vj3cDdHihXsTqBI3bpm,a28a4930e9644a559d47cb1459c2c0a3,2026-07-06T18:35:24Z,1,"An artist who always sounds like herself for sure. Perfectly good listening, but doesn't win the prize this week.",2495b25e621641a59acb7fae88607cbe
spotify:track:0ATJTcFVSa5XDNDXyF2JBL,8e90755452724b16bc0423f737beaccd,2026-07-06T18:51:14Z,2,Definitely some interesting things going on here... a fine start to the playlist before we (I assume) get to the really somnambulist stuff,2495b25e621641a59acb7fae88607cbe
spotify:track:0Jq3UMSMb8Zoa5VQ08RIm3,8e90755452724b16bc0423f737beaccd,2026-07-06T18:51:14Z,1,"Would not have thought of Two Gallants myself, but this is a fine ballad, even if I must admit I found it on the overlong side",2495b25e621641a59acb7fae88607cbe
spotify:track:1F48OYlwo02rYuCFZofMBU,8e90755452724b16bc0423f737beaccd,2026-07-06T18:51:14Z,2,"I like this even more with repeated listens! Probably deserves more votes, but it's a tight round. Thanks to OP for putting it on my radar.",2495b25e621641a59acb7fae88607cbe
spotify:track:1GqedBxYLb9QVdq3MKzIuY,8e90755452724b16bc0423f737beaccd,2026-07-06T18:51:14Z,2,"Another grower, I suppose, and the various references to Jeff Buckley that I read online are fair.",2495b25e621641a59acb7fae88607cbe
spotify:track:1i17Ub8xAMDMvIAJNvBmjJ,8e90755452724b16bc0423f737beaccd,2026-07-06T18:51:14Z,5,"Found myself yellow-boxed here as I was floating several trial balloons for this round... I was a latecomer to Big Star, but this still remains one of my favorites. I don't think Alex Chilton's trip ever really ended.",2495b25e621641a59acb7fae88607cbe
spotify:track:1ps5sx71OhHiBVmGiKQSne,8e90755452724b16bc0423f737beaccd,2026-07-06T18:51:14Z,2,"Not sure what my gonads have to do with it, but Eno's soundtrack work definitely earns a place in this week's round.",2495b25e621641a59acb7fae88607cbe
spotify:track:2nkh45KtSRpDnbHXFziGpF,8e90755452724b16bc0423f737beaccd,2026-07-06T18:51:14Z,-1,"I don't dislike this per se, but it's squarely on the conventional side and there were more interesting options. DWA",2495b25e621641a59acb7fae88607cbe
spotify:track:39DhhTWMWwtj1jN7rPhcim,8e90755452724b16bc0423f737beaccd,2026-07-06T18:51:14Z,5,"Low is such an obvious artist for this round, but where there's smoke there's (smoldering) fire... I mean, this is the stuff. Does anyone know if ""spikes"" is an actual drug reference?",2495b25e621641a59acb7fae88607cbe
spotify:track:3gBOZWulJAR1bo80ENp7Ud,8e90755452724b16bc0423f737beaccd,2026-07-06T18:51:14Z,3,"Instrumental post-rock in this round was as inevitable as Thanos, and no, it's not all slow, but we do get a solid seven-plus minutes of foreplay before the big guitars.",2495b25e621641a59acb7fae88607cbe
spotify:track:3NMw2uLT8JuXWcEKYHse1p,8e90755452724b16bc0423f737beaccd,2026-07-06T18:51:14Z,2,"Another expected artist, but that's no crime. Personally, I think one could definitely make the case for being at least AMC adjacent. I need to revisit this band at some point.",2495b25e621641a59acb7fae88607cbe
spotify:track:6dZueQyPiXXlvhSZuOQ0IY,8e90755452724b16bc0423f737beaccd,2026-07-06T18:51:14Z,1,"For me, it's the lyrics here that appeal -- that, and a similar personal experience with a departed family member who was a devoted birdwatcher.",2495b25e621641a59acb7fae88607cbe
spotify:track:6LGw1PA9wcTswrxHV5iOAf,8e90755452724b16bc0423f737beaccd,2026-07-06T18:51:14Z,3,"The algorithm gives us this right after ""Red Bird Morning"", and honestly it's like that but next level, hence the additional vote.",2495b25e621641a59acb7fae88607cbe
spotify:track:6lhQOGlAtb5NhWNqWmxEWI,8e90755452724b16bc0423f737beaccd,2026-07-06T18:51:14Z,2,"The more organic flip side of the Eno coin, isn't it? I find myself focusing on different elements with each repeated listen.",2495b25e621641a59acb7fae88607cbe
spotify:track:6PEHfMbfF3yaXgaqaDaOsD,8e90755452724b16bc0423f737beaccd,2026-07-06T18:51:14Z,3,"It's a shame that this was effectively buried as a reissue bonus track, because it's lovely and a side of Getz' playing that gets far less attention than his bossa nova and big band recordings.",2495b25e621641a59acb7fae88607cbe
spotify:track:6rXh1BjDeBG6u7XbYBb8yZ,8e90755452724b16bc0423f737beaccd,2026-07-06T18:51:14Z,-2,"Listen, the song is playing... and it's not slow. Not at all. Well, maybe a bit in places, but still a non-qualifier this week.",2495b25e621641a59acb7fae88607cbe
spotify:track:6sI5iV3BCtkbQ9HgHZBGFr,8e90755452724b16bc0423f737beaccd,2026-07-06T18:51:14Z,-1,"Another not-bad choice, but at the end with a final downvote to spend...",2495b25e621641a59acb7fae88607cbe
spotify:track:6Thn8AOHIwPCkf2O4ZgfC2,8e90755452724b16bc0423f737beaccd,2026-07-06T18:51:14Z,2,"I suspect this will rate higher with other listeners, and I know it's been popular as a soundtrack choice, but I don't know if I would dig any deeper.",2495b25e621641a59acb7fae88607cbe
spotify:track:7r1Vj3cDdHihXsTqBI3bpm,8e90755452724b16bc0423f737beaccd,2026-07-06T18:51:14Z,-1,"Satisfies the round's requirements, but it's pretty damn lightweight as a song",2495b25e621641a59acb7fae88607cbe
